batch,area,type,id,version,street,before_housenumber,after_housenumber,addr_unit,class
1,June Avenue,node,13204173615,1,Burns Drive,33-2,33,2,safe
1,June Avenue,node,13204173618,1,Burns Drive,33-9,33,9,safe
1,June Avenue,node,13204173619,1,Burns Drive,33-8,33,8,safe
1,June Avenue,node,13204173628,1,Burns Drive,33-1,33,1,safe
1,June Avenue,node,13204173632,1,Burns Drive,33-17,33,17,safe
1,June Avenue,node,13204173640,1,Burns Drive,33-12,33,12,safe
1,June Avenue,node,13204173642,1,Burns Drive,33-6,33,6,safe
1,June Avenue,node,13204173648,1,Burns Drive,33-13,33,13,safe
1,June Avenue,node,13204173653,1,Burns Drive,33-5,33,5,safe
1,June Avenue,node,13204173654,1,Burns Drive,33-16,33,16,safe
1,June Avenue,node,13204173658,1,Burns Drive,33-15,33,15,safe
1,June Avenue,node,13204173660,1,Burns Drive,33-3,33,3,safe
1,June Avenue,node,13204173661,1,Burns Drive,33-10,33,10,safe
1,June Avenue,node,13204173666,1,Burns Drive,33-7,33,7,safe
1,June Avenue,node,13204173667,1,Burns Drive,33-14,33,14,safe
1,June Avenue,node,13204173668,1,Burns Drive,33-11,33,11,safe
1,June Avenue,node,13204173670,1,Burns Drive,33-4,33,4,safe
1,June Avenue,node,13204173612,1,Burns Drive,39-20,39,20,safe
1,June Avenue,node,13204173613,1,Burns Drive,39-19,39,19,safe
1,June Avenue,node,13204173620,1,Burns Drive,39-25,39,25,safe
1,June Avenue,node,13204173624,1,Burns Drive,39-21,39,21,safe
1,June Avenue,node,13204173629,1,Burns Drive,39-28,39,28,safe
1,June Avenue,node,13204173630,1,Burns Drive,39-27,39,27,safe
1,June Avenue,node,13204173636,1,Burns Drive,39-22,39,22,safe
1,June Avenue,node,13204173637,1,Burns Drive,39-30,39,30,safe
1,June Avenue,node,13204173641,1,Burns Drive,39-26,39,26,safe
1,June Avenue,node,13204173643,1,Burns Drive,39-29,39,29,safe
1,June Avenue,node,13204173659,1,Burns Drive,39-23,39,23,safe
1,June Avenue,node,13204173674,1,Burns Drive,39-18,39,18,safe
1,June Avenue,node,13204173676,1,Burns Drive,39-31,39,31,safe
1,June Avenue,node,13204173679,1,Burns Drive,39-24,39,24,safe
1,June Avenue,node,13204173616,1,Burns Drive,91-34,91,34,safe
1,June Avenue,node,13204173621,1,Burns Drive,91-41,91,41,safe
1,June Avenue,node,13204173631,1,Burns Drive,91-42,91,42,safe
1,June Avenue,node,13204173633,1,Burns Drive,91-33,91,33,safe
1,June Avenue,node,13204173638,1,Burns Drive,91-35,91,35,safe
1,June Avenue,node,13204173639,1,Burns Drive,91-43,91,43,safe
1,June Avenue,node,13204173645,1,Burns Drive,91-44,91,44,safe
1,June Avenue,node,13204173649,1,Burns Drive,91-38,91,38,safe
1,June Avenue,node,13204173652,1,Burns Drive,91-36,91,36,safe
1,June Avenue,node,13204173657,1,Burns Drive,91-32,91,32,safe
1,June Avenue,node,13204173662,1,Burns Drive,91-39,91,39,safe
1,June Avenue,node,13204173665,1,Burns Drive,91-40,91,40,safe
1,June Avenue,node,13204173675,1,Burns Drive,91-37,91,37,safe
1,June Avenue,node,13204173614,1,Burns Drive,95-61,95,61,safe
1,June Avenue,node,13204173617,1,Burns Drive,95-52,95,52,safe
1,June Avenue,node,13204173622,1,Burns Drive,95-58,95,58,safe
1,June Avenue,node,13204173623,1,Burns Drive,95-56,95,56,safe
1,June Avenue,node,13204173634,1,Burns Drive,95-64,95,64,safe
1,June Avenue,node,13204173644,1,Burns Drive,95-55,95,55,safe
1,June Avenue,node,13204173646,1,Burns Drive,95-57,95,57,safe
1,June Avenue,node,13204173647,1,Burns Drive,95-62,95,62,safe
1,June Avenue,node,13204173650,1,Burns Drive,95-63,95,63,safe
1,June Avenue,node,13204173655,1,Burns Drive,95-53,95,53,safe
1,June Avenue,node,13204173663,1,Burns Drive,95-51,95,51,safe
1,June Avenue,node,13204173671,1,Burns Drive,95-50,95,50,safe
1,June Avenue,node,13204173672,1,Burns Drive,95-60,95,60,safe
1,June Avenue,node,13204173673,1,Burns Drive,95-59,95,59,safe
1,June Avenue,node,13204173677,1,Burns Drive,95-54,95,54,safe
1,June Avenue,node,13204173625,1,Burns Drive,99-67,99,67,safe
1,June Avenue,node,13204173626,1,Burns Drive,99-47,99,47,safe
1,June Avenue,node,13204173627,1,Burns Drive,99-69,99,69,safe
1,June Avenue,node,13204173635,1,Burns Drive,99-49,99,49,safe
1,June Avenue,node,13204173651,1,Burns Drive,99-66,99,66,safe
1,June Avenue,node,13204173656,1,Burns Drive,99-46,99,46,safe
1,June Avenue,node,13204173664,1,Burns Drive,99-48,99,48,safe
1,June Avenue,node,13204173669,1,Burns Drive,99-65,99,65,safe
1,June Avenue,node,13204173678,1,Burns Drive,99-68,99,68,safe
1,June Avenue,node,13204173680,1,Burns Drive,99-45,99,45,safe
2,Non-Residential - B,way,1054125924,2,York Road,561-5,561,5,safe
3,Non-Residential - A,way,1436240989,1,Monarch Road,70-6,70,6,safe
3,Non-Residential - A,way,1436240990,1,Monarch Road,70-3,70,3,safe
3,Non-Residential - A,way,1436240991,1,Monarch Road,70-1,70,1,safe
3,Non-Residential - A,way,1436240992,1,Monarch Road,70-5,70,5,safe
3,Non-Residential - A,way,1436240993,1,Monarch Road,70-2,70,2,safe
3,Non-Residential - A,way,802121050,2,Monarch Road,70-4,70,4,safe
4,Downtown - Sunny Acres,way,1330614491,2,Glasgow Street South,12-14,12,14,safe
4,Downtown - Sunny Acres,way,1330614493,2,Glasgow Street South,12-11,12,11,safe
4,Downtown - Sunny Acres,way,1330614494,2,Glasgow Street South,12-10,12,10,safe
4,Downtown - Sunny Acres,way,1330614495,2,Glasgow Street South,12-9,12,9,safe
4,Downtown - Sunny Acres,way,1330614496,2,Glasgow Street South,12-8,12,8,safe
4,Downtown - Sunny Acres,way,1330614497,2,Glasgow Street South,12-7,12,7,safe
4,Downtown - Sunny Acres,way,1330614498,3,Glasgow Street South,12-6,12,6,safe
4,Downtown - Sunny Acres,way,1330615907,2,Glasgow Street South,12-2,12,2,safe
4,Downtown - Sunny Acres,way,1330615908,2,Glasgow Street South,12-3,12,3,safe
4,Downtown - Sunny Acres,way,1330615909,2,Glasgow Street South,12-4,12,4,safe
4,Downtown - Sunny Acres,way,1330615910,2,Glasgow Street South,12-5,12,5,safe
4,Downtown - Sunny Acres,way,208935706,3,Glasgow Street South,12-1,12,1,safe
4,Downtown - Sunny Acres,way,271077678,4,Glasgow Street South,12-15,12,15,safe
4,Downtown - Sunny Acres,node,13148757307,1,Paisley Street,10-8,10,8,safe
4,Downtown - Sunny Acres,node,13148757309,1,Paisley Street,10-5,10,5,safe
4,Downtown - Sunny Acres,node,13148757310,1,Paisley Street,10-4,10,4,safe
4,Downtown - Sunny Acres,node,13148757311,1,Paisley Street,10-3,10,3,safe
4,Downtown - Sunny Acres,node,13148757312,1,Paisley Street,10-2A,10,2A,safe
4,Downtown - Sunny Acres,node,13148757314,1,Paisley Street,10-1,10,1,safe
5,Two Rivers,node,13188154489,1,York Road,142-24,142,24,safe
5,Two Rivers,node,13188154490,1,York Road,142-23,142,23,safe
5,Two Rivers,node,13188154491,1,York Road,142-22,142,22,safe
5,Two Rivers,node,13188154492,1,York Road,142-21,142,21,safe
5,Two Rivers,node,13188154493,1,York Road,142-20,142,20,safe
5,Two Rivers,node,13188154494,1,York Road,142-19,142,19,safe
5,Two Rivers,node,13188154495,1,York Road,142-18,142,18,safe
5,Two Rivers,node,13188154496,1,York Road,142-17,142,17,safe
5,Two Rivers,node,13188154497,1,York Road,142-16,142,16,safe
5,Two Rivers,node,13188154498,1,York Road,142-15,142,15,safe
5,Two Rivers,node,13188154499,1,York Road,142-14,142,14,safe
5,Two Rivers,node,13188154500,1,York Road,142-13,142,13,safe
5,Two Rivers,node,13188159601,1,York Road,142-12,142,12,safe
5,Two Rivers,node,13188159602,1,York Road,142-11,142,11,safe
5,Two Rivers,node,13188159603,1,York Road,142-10,142,10,safe
5,Two Rivers,node,13188159604,1,York Road,142-9,142,9,safe
5,Two Rivers,node,13188159605,1,York Road,142-8,142,8,safe
5,Two Rivers,node,13188159606,1,York Road,142-7,142,7,safe
5,Two Rivers,node,13188159607,1,York Road,142-6,142,6,safe
5,Two Rivers,node,13188159608,1,York Road,142-5,142,5,safe
5,Two Rivers,node,13188159609,1,York Road,142-4,142,4,safe
5,Two Rivers,node,13188159610,1,York Road,142-3,142,3,safe
5,Two Rivers,node,13188159611,1,York Road,142-2,142,2,safe
5,Two Rivers,node,13188159612,1,York Road,142-1,142,1,safe
6,Outside the area fabric,way,1437044068,1,Westra Drive,107-71,107,71,safe
6,Outside the area fabric,way,1437044069,1,Westra Drive,107-70,107,70,safe
6,Outside the area fabric,way,1437044070,1,Westra Drive,107-69,107,69,safe
6,Outside the area fabric,way,1437044071,1,Westra Drive,107-68,107,68,safe
6,Outside the area fabric,way,1437044072,1,Westra Drive,107-67,107,67,safe
6,Outside the area fabric,way,1437044073,1,Westra Drive,107-66,107,66,safe
6,Outside the area fabric,way,1437044074,1,Westra Drive,107-65,107,65,safe
6,Outside the area fabric,way,1437044075,1,Westra Drive,107-22,107,22,safe
6,Outside the area fabric,way,1437044076,1,Westra Drive,107-23,107,23,safe
6,Outside the area fabric,way,1437044077,1,Westra Drive,107-24,107,24,safe
6,Outside the area fabric,way,1437044078,1,Westra Drive,107-25,107,25,safe
6,Outside the area fabric,way,1437044079,1,Westra Drive,107-26,107,26,safe
6,Outside the area fabric,way,1437044080,1,Westra Drive,107-27,107,27,safe
6,Outside the area fabric,way,1437044081,1,Westra Drive,107-28,107,28,safe
6,Outside the area fabric,way,1437044083,1,Westra Drive,107-34,107,34,safe
6,Outside the area fabric,way,1437044084,1,Westra Drive,107-33,107,33,safe
6,Outside the area fabric,way,1437044085,1,Westra Drive,107-32,107,32,safe
6,Outside the area fabric,way,1437044086,1,Westra Drive,107-31,107,31,safe
6,Outside the area fabric,way,1437044087,1,Westra Drive,107-30,107,30,safe
6,Outside the area fabric,way,1437044088,1,Westra Drive,107-29,107,29,safe
6,Outside the area fabric,way,1437044091,1,Westra Drive,107-40,107,40,safe
6,Outside the area fabric,way,1437044092,1,Westra Drive,107-41,107,41,safe
6,Outside the area fabric,way,1437044093,1,Westra Drive,107-42,107,42,safe
6,Outside the area fabric,way,1437044094,1,Westra Drive,107-43,107,43,safe
6,Outside the area fabric,way,1437044095,1,Westra Drive,107-44,107,44,safe
6,Outside the area fabric,way,1437044096,1,Westra Drive,107-45,107,45,safe
6,Outside the area fabric,way,1437044097,1,Westra Drive,107-46,107,46,safe
6,Outside the area fabric,way,1437044098,1,Westra Drive,107-48,107,48,safe
6,Outside the area fabric,way,1437044099,1,Westra Drive,107-49,107,49,safe
6,Outside the area fabric,way,1437044100,1,Westra Drive,107-50,107,50,safe
6,Outside the area fabric,way,1437044101,1,Westra Drive,107-51,107,51,safe
6,Outside the area fabric,way,1437044102,1,Westra Drive,107-52,107,52,safe
6,Outside the area fabric,way,1437044103,1,Westra Drive,107-53,107,53,safe
6,Outside the area fabric,way,1437044104,1,Westra Drive,107-54,107,54,safe
6,Outside the area fabric,way,1437044105,1,Westra Drive,107-55,107,55,safe
6,Outside the area fabric,way,1437044106,1,Westra Drive,107-56,107,56,safe
6,Outside the area fabric,way,1437044107,1,Westra Drive,107-58,107,58,safe
6,Outside the area fabric,way,1437044108,1,Westra Drive,107-59,107,59,safe
6,Outside the area fabric,way,1437044109,1,Westra Drive,107-60,107,60,safe
6,Outside the area fabric,way,1437044110,1,Westra Drive,107-61,107,61,safe
6,Outside the area fabric,way,1437044111,1,Westra Drive,107-62,107,62,safe
6,Outside the area fabric,way,1437044112,1,Westra Drive,107-63,107,63,safe
6,Outside the area fabric,way,1437044113,1,Westra Drive,107-64,107,64,safe
6,Outside the area fabric,way,911689713,2,Westra Drive,107-72,107,72,safe
6,Outside the area fabric,way,911689714,2,Westra Drive,107-21,107,21,safe
6,Outside the area fabric,way,911689716,2,Westra Drive,107-57,107,57,safe
6,Outside the area fabric,way,911689718,2,Westra Drive,107-47,107,47,safe
7,Non-Residential - C,node,13244832439,1,Farley Drive,33-14,33,14,safe
7,Non-Residential - C,node,13244832440,1,Farley Drive,33-11,33,11,safe
7,Non-Residential - C,node,13244832441,1,Farley Drive,33-10,33,10,safe
7,Non-Residential - C,node,13244832442,1,Farley Drive,33-8,33,8,safe
7,Non-Residential - C,node,13244832443,1,Farley Drive,33-7,33,7,safe
7,Non-Residential - C,node,13244832444,1,Farley Drive,33-1,33,1,safe
7,Non-Residential - C,node,13241233184,1,Kay Crescent,39-31,39,31,safe
7,Non-Residential - C,node,13241233185,1,Kay Crescent,39-30,39,30,safe
7,Non-Residential - C,node,13241233186,1,Kay Crescent,39-29,39,29,safe
7,Non-Residential - C,node,13241233187,1,Kay Crescent,39-28,39,28,safe
7,Non-Residential - C,node,13241233188,1,Kay Crescent,39-27,39,27,safe
7,Non-Residential - C,node,13241233189,1,Kay Crescent,39-26,39,26,safe
7,Non-Residential - C,node,13241233190,1,Kay Crescent,39-25,39,25,safe
7,Non-Residential - C,node,13241233191,1,Kay Crescent,39-24,39,24,safe
7,Non-Residential - C,node,13241233192,1,Kay Crescent,39-23,39,23,safe
7,Non-Residential - C,node,13241233193,1,Kay Crescent,39-22,39,22,safe
7,Non-Residential - C,way,1443052873,1,Kay Crescent,39-5,39,5,safe
7,Non-Residential - C,way,1443052874,1,Kay Crescent,39-6,39,6,safe
7,Non-Residential - C,way,1443052875,1,Kay Crescent,39-1,39,1,safe
7,Non-Residential - C,way,1443052876,1,Kay Crescent,39-2,39,2,safe
7,Non-Residential - C,way,1443052877,1,Kay Crescent,39-3,39,3,safe
7,Non-Residential - C,way,1443052878,1,Kay Crescent,39-11,39,11,safe
7,Non-Residential - C,way,1443052879,1,Kay Crescent,39-10,39,10,safe
7,Non-Residential - C,way,1443052880,1,Kay Crescent,39-9,39,9,safe
7,Non-Residential - C,way,802540385,3,Kay Crescent,39-7,39,7,safe
7,Non-Residential - C,way,802540390,3,Kay Crescent,39-8,39,8,safe
7,Non-Residential - C,way,802540391,3,Kay Crescent,39-4,39,4,safe
7,Non-Residential - C,way,1443052887,1,Poppy Drive East,91-10,91,10,safe
7,Non-Residential - C,way,1443052888,1,Poppy Drive East,91-11,91,11,safe
7,Non-Residential - C,way,1443052889,1,Poppy Drive East,91-12,91,12,safe
7,Non-Residential - C,way,1443052890,1,Poppy Drive East,91-9,91,9,safe
7,Non-Residential - C,way,1443052891,1,Poppy Drive East,91-8,91,8,safe
7,Non-Residential - C,way,1443052892,1,Poppy Drive East,91-7,91,7,safe
7,Non-Residential - C,way,1443052893,1,Poppy Drive East,91-1,91,1,safe
7,Non-Residential - C,way,1443052894,1,Poppy Drive East,91-2,91,2,safe
7,Non-Residential - C,way,1443052895,1,Poppy Drive East,91-3,91,3,safe
7,Non-Residential - C,way,1443052896,1,Poppy Drive East,91-4,91,4,safe
7,Non-Residential - C,way,1443052897,1,Poppy Drive East,91-29,91,29,safe
7,Non-Residential - C,way,1443052898,1,Poppy Drive East,91-28,91,28,safe
7,Non-Residential - C,way,1443052899,1,Poppy Drive East,91-27,91,27,safe
7,Non-Residential - C,way,1443052900,1,Poppy Drive East,91-26,91,26,safe
7,Non-Residential - C,way,1443052901,1,Poppy Drive East,91-25,91,25,safe
7,Non-Residential - C,way,1443052902,1,Poppy Drive East,91-33,91,33,safe
7,Non-Residential - C,way,1443052903,1,Poppy Drive East,91-32,91,32,safe
7,Non-Residential - C,way,1443052904,1,Poppy Drive East,91-31,91,31,safe
7,Non-Residential - C,way,1443052905,1,Poppy Drive East,91-37,91,37,safe
7,Non-Residential - C,way,1443052906,1,Poppy Drive East,91-36,91,36,safe
7,Non-Residential - C,way,1443052907,1,Poppy Drive East,91-35,91,35,safe
7,Non-Residential - C,way,1443052908,1,Poppy Drive East,91-41,91,41,safe
7,Non-Residential - C,way,1443052909,1,Poppy Drive East,91-40,91,40,safe
7,Non-Residential - C,way,1443052910,1,Poppy Drive East,91-39,91,39,safe
7,Non-Residential - C,way,1443052911,1,Poppy Drive East,91-45,91,45,safe
7,Non-Residential - C,way,1443052912,1,Poppy Drive East,91-44,91,44,safe
7,Non-Residential - C,way,1443052913,1,Poppy Drive East,91-43,91,43,safe
7,Non-Residential - C,way,1443052914,1,Poppy Drive East,91-51,91,51,safe
7,Non-Residential - C,way,1443052915,1,Poppy Drive East,91-50,91,50,safe
7,Non-Residential - C,way,1443052916,1,Poppy Drive East,91-49,91,49,safe
7,Non-Residential - C,way,1443052917,1,Poppy Drive East,91-48,91,48,safe
7,Non-Residential - C,way,1443052918,1,Poppy Drive East,91-47,91,47,safe
7,Non-Residential - C,way,1443052924,1,Poppy Drive East,91-18,91,18,safe
7,Non-Residential - C,way,1443052925,1,Poppy Drive East,91-17,91,17,safe
7,Non-Residential - C,way,1443052926,1,Poppy Drive East,91-16,91,16,safe
7,Non-Residential - C,way,1443052927,1,Poppy Drive East,91-15,91,15,safe
7,Non-Residential - C,way,1443052928,1,Poppy Drive East,91-19,91,19,safe
7,Non-Residential - C,way,1443052929,1,Poppy Drive East,91-20,91,20,safe
7,Non-Residential - C,way,1443052930,1,Poppy Drive East,91-21,91,21,safe
7,Non-Residential - C,way,1443052931,1,Poppy Drive East,91-22,91,22,safe
7,Non-Residential - C,way,803252262,3,Poppy Drive East,91-46,91,46,safe
7,Non-Residential - C,way,803252264,3,Poppy Drive East,91-23,91,23,safe
7,Non-Residential - C,way,803252265,3,Poppy Drive East,91-14,91,14,safe
7,Non-Residential - C,way,803252266,3,Poppy Drive East,91-5,91,5,safe
7,Non-Residential - C,way,803252267,3,Poppy Drive East,91-13,91,13,safe
7,Non-Residential - C,way,803252268,3,Poppy Drive East,91-6,91,6,safe
7,Non-Residential - C,way,803252269,3,Poppy Drive East,91-30,91,30,safe
7,Non-Residential - C,way,803252270,3,Poppy Drive East,91-34,91,34,safe
7,Non-Residential - C,way,803252271,3,Poppy Drive East,91-38,91,38,safe
7,Non-Residential - C,way,803252272,3,Poppy Drive East,91-42,91,42,safe
7,Non-Residential - C,way,803252273,3,Poppy Drive East,91-24,91,24,safe
8,Exhibition Park,way,1348996164,3,London Road West,240-5,240,5,safe
8,Exhibition Park,way,1348996165,3,London Road West,240-3,240,3,safe
8,Exhibition Park,way,1348996166,3,London Road West,240-4,240,4,safe
8,Exhibition Park,way,1348996167,3,London Road West,240-1,240,1,safe
8,Exhibition Park,way,1348996168,3,London Road West,240-2,240,2,safe
8,Exhibition Park,way,1348996527,3,London Road West,240-12,240,12,safe
8,Exhibition Park,way,1348996528,3,London Road West,240-11,240,11,safe
8,Exhibition Park,way,1348996529,3,London Road West,240-10,240,10,safe
8,Exhibition Park,way,1348996530,3,London Road West,240-9,240,9,safe
8,Exhibition Park,way,1348996531,3,London Road West,240-8,240,8,safe
8,Exhibition Park,way,1348996532,3,London Road West,240-7,240,7,safe
8,Exhibition Park,way,1349068375,3,London Road West,240-100,240,100,safe
8,Exhibition Park,way,1349068376,3,London Road West,240-101,240,101,safe
8,Exhibition Park,way,1349068377,3,London Road West,240-102,240,102,safe
8,Exhibition Park,way,1349068378,3,London Road West,240-103,240,103,safe
8,Exhibition Park,way,1349068379,3,London Road West,240-104,240,104,safe
8,Exhibition Park,way,1349068380,3,London Road West,240-105,240,105,safe
8,Exhibition Park,way,1349068381,3,London Road West,240-94,240,94,safe
8,Exhibition Park,way,1349068382,3,London Road West,240-95,240,95,safe
8,Exhibition Park,way,1349068383,3,London Road West,240-96,240,96,safe
8,Exhibition Park,way,1349068384,3,London Road West,240-97,240,97,safe
8,Exhibition Park,way,1349068385,3,London Road West,240-98,240,98,safe
8,Exhibition Park,way,1349068386,3,London Road West,240-99,240,99,safe
8,Exhibition Park,way,1349068387,3,London Road West,240-88,240,88,safe
8,Exhibition Park,way,1349068388,3,London Road West,240-89,240,89,safe
8,Exhibition Park,way,1349068389,3,London Road West,240-90,240,90,safe
8,Exhibition Park,way,1349068390,3,London Road West,240-91,240,91,safe
8,Exhibition Park,way,1349068391,3,London Road West,240-92,240,92,safe
8,Exhibition Park,way,1349068392,3,London Road West,240-93,240,93,safe
8,Exhibition Park,way,1349070233,3,London Road West,240-81,240,81,safe
8,Exhibition Park,way,1349070234,3,London Road West,240-80,240,80,safe
8,Exhibition Park,way,1349070235,3,London Road West,240-79,240,79,safe
8,Exhibition Park,way,1349070236,3,London Road West,240-78,240,78,safe
8,Exhibition Park,way,1349070237,3,London Road West,240-77,240,77,safe
8,Exhibition Park,way,1349070238,3,London Road West,240-76,240,76,safe
8,Exhibition Park,way,1349070394,3,London Road West,240-87,240,87,safe
8,Exhibition Park,way,1349070395,3,London Road West,240-86,240,86,safe
8,Exhibition Park,way,1349070396,3,London Road West,240-85,240,85,safe
8,Exhibition Park,way,1349070397,3,London Road West,240-84,240,84,safe
8,Exhibition Park,way,1349070398,3,London Road West,240-83,240,83,safe
8,Exhibition Park,way,1349070399,3,London Road West,240-82,240,82,safe
8,Exhibition Park,way,1349071256,2,London Road West,240-71,240,71,safe
8,Exhibition Park,way,1349071257,2,London Road West,240-72,240,72,safe
8,Exhibition Park,way,1349071258,2,London Road West,240-73,240,73,safe
8,Exhibition Park,way,1349071259,2,London Road West,240-74,240,74,safe
8,Exhibition Park,way,1349071260,2,London Road West,240-75,240,75,safe
8,Exhibition Park,way,1349071402,2,London Road West,240-64,240,64,safe
8,Exhibition Park,way,1349071403,2,London Road West,240-65,240,65,safe
8,Exhibition Park,way,1349071404,2,London Road West,240-66,240,66,safe
8,Exhibition Park,way,1349071405,2,London Road West,240-67,240,67,safe
8,Exhibition Park,way,1349071406,2,London Road West,240-68,240,68,safe
8,Exhibition Park,way,1349071407,2,London Road West,240-69,240,69,safe
8,Exhibition Park,way,1349071725,2,London Road West,240-63,240,63,safe
8,Exhibition Park,way,1349071726,2,London Road West,240-62,240,62,safe
8,Exhibition Park,way,1349071727,2,London Road West,240-61,240,61,safe
8,Exhibition Park,way,1349071728,2,London Road West,240-60,240,60,safe
8,Exhibition Park,way,1349071729,2,London Road West,240-59,240,59,safe
8,Exhibition Park,way,1349071730,2,London Road West,240-58,240,58,safe
8,Exhibition Park,way,1349073101,2,London Road West,240-45,240,45,safe
8,Exhibition Park,way,1349073102,2,London Road West,240-46,240,46,safe
8,Exhibition Park,way,1349073103,2,London Road West,240-47,240,47,safe
8,Exhibition Park,way,1349073104,2,London Road West,240-48,240,48,safe
8,Exhibition Park,way,1349073105,2,London Road West,240-49,240,49,safe
8,Exhibition Park,way,1349073106,2,London Road West,240-50,240,50,safe
8,Exhibition Park,way,1349074463,3,London Road West,240-51,240,51,safe
8,Exhibition Park,way,1349074464,3,London Road West,240-52,240,52,safe
8,Exhibition Park,way,1349074465,3,London Road West,240-53,240,53,safe
8,Exhibition Park,way,1349074466,3,London Road West,240-54,240,54,safe
8,Exhibition Park,way,1349074467,3,London Road West,240-55,240,55,safe
8,Exhibition Park,way,1349169014,3,London Road West,240-18,240,18,safe
8,Exhibition Park,way,1349169015,2,London Road West,240-19,240,19,safe
8,Exhibition Park,way,1349169016,2,London Road West,240-20,240,20,safe
8,Exhibition Park,way,1349169017,2,London Road West,240-21,240,21,safe
8,Exhibition Park,way,1349169018,2,London Road West,240-22,240,22,safe
8,Exhibition Park,way,1349169542,2,London Road West,240-28,240,28,safe
8,Exhibition Park,way,1349169543,2,London Road West,240-27,240,27,safe
8,Exhibition Park,way,1349169544,2,London Road West,240-26,240,26,safe
8,Exhibition Park,way,1349169545,2,London Road West,240-25,240,25,safe
8,Exhibition Park,way,1349169546,2,London Road West,240-24,240,24,safe
8,Exhibition Park,way,1349169547,2,London Road West,240-23,240,23,safe
8,Exhibition Park,way,1349171058,2,London Road West,240-17,240,17,safe
8,Exhibition Park,way,1349171059,2,London Road West,240-16,240,16,safe
8,Exhibition Park,way,1349171060,2,London Road West,240-15,240,15,safe
8,Exhibition Park,way,1349171061,2,London Road West,240-14,240,14,safe
8,Exhibition Park,way,1349171062,2,London Road West,240-13,240,13,safe
8,Exhibition Park,way,1349171269,2,London Road West,240-36,240,36,safe
8,Exhibition Park,way,1349171270,2,London Road West,240-35,240,35,safe
8,Exhibition Park,way,1349171271,2,London Road West,240-34,240,34,safe
8,Exhibition Park,way,1349171272,2,London Road West,240-33,240,33,safe
8,Exhibition Park,way,1349171273,2,London Road West,240-32,240,32,safe
8,Exhibition Park,way,1349171274,2,London Road West,240-31,240,31,safe
8,Exhibition Park,way,1349171541,2,London Road West,240-30,240,30,safe
8,Exhibition Park,way,1349171542,2,London Road West,240-29,240,29,safe
8,Exhibition Park,way,1349171554,4,London Road West,240-44,240,44,safe
8,Exhibition Park,way,1349171555,2,London Road West,240-43,240,43,safe
8,Exhibition Park,way,1349171556,2,London Road West,240-42,240,42,safe
8,Exhibition Park,way,1349171557,2,London Road West,240-41,240,41,safe
8,Exhibition Park,way,1349171558,2,London Road West,240-40,240,40,safe
8,Exhibition Park,way,1349171559,2,London Road West,240-39,240,39,safe
8,Exhibition Park,way,1349171560,2,London Road West,240-38,240,38,safe
8,Exhibition Park,way,1349172395,2,London Road West,240-37,240,37,safe
8,Exhibition Park,way,208935987,3,London Road West,240-70,240,70,safe
8,Exhibition Park,way,208935994,5,London Road West,240-6,240,6,safe
8,Exhibition Park,node,13253262193,1,Yorkshire Street North,203-B,203,B,safe
8,Exhibition Park,node,13253262194,1,Yorkshire Street North,203-A,203,A,safe
9,Waverley,node,13165533693,1,Arthur Street North,196-2,196,2,safe
9,Waverley,node,13165533694,1,Arthur Street North,196-1,196,1,safe
9,Waverley,node,13165533696,1,Arthur Street North,196-10,196,10,safe
9,Waverley,node,13165533697,1,Arthur Street North,196-9,196,9,safe
9,Waverley,node,13165533698,1,Arthur Street North,196-8,196,8,safe
9,Waverley,node,13165533699,1,Arthur Street North,196-7,196,7,safe
9,Waverley,node,13165533700,1,Arthur Street North,196-6,196,6,safe
9,Waverley,node,13165539601,1,Arthur Street North,196-5,196,5,safe
9,Waverley,node,13165539602,1,Arthur Street North,196-4,196,4,safe
9,Waverley,node,13165539603,1,Arthur Street North,196-3,196,3,safe
9,Waverley,way,1436028275,1,Country Club Drive,120-55,120,55,safe
9,Waverley,way,1436028276,1,Country Club Drive,120-57,120,57,safe
9,Waverley,way,1436028277,1,Country Club Drive,120-62,120,62,safe
9,Waverley,way,1436028278,1,Country Club Drive,120-64,120,64,safe
9,Waverley,way,1436028279,1,Country Club Drive,120-63,120,63,safe
9,Waverley,way,1436028280,1,Country Club Drive,120-53,120,53,safe
9,Waverley,way,1436028281,1,Country Club Drive,120-54,120,54,safe
9,Waverley,way,1436028282,1,Country Club Drive,120-65,120,65,safe
9,Waverley,way,1436028283,1,Country Club Drive,120-67,120,67,safe
9,Waverley,way,1436028284,1,Country Club Drive,120-71,120,71,safe
9,Waverley,way,1436028285,1,Country Club Drive,120-69,120,69,safe
9,Waverley,way,1436028286,1,Country Club Drive,120-66,120,66,safe
9,Waverley,way,1436028287,1,Country Club Drive,120-70,120,70,safe
9,Waverley,way,1436028288,1,Country Club Drive,120-72,120,72,safe
9,Waverley,way,1436028289,1,Country Club Drive,120-73,120,73,safe
9,Waverley,way,1436028290,1,Country Club Drive,120-74,120,74,safe
9,Waverley,way,761343579,3,Country Club Drive,120-44,120,44,safe
9,Waverley,way,761343580,4,Country Club Drive,120-52,120,52,safe
9,Waverley,way,761343582,4,Country Club Drive,120-56,120,56,safe
9,Waverley,way,761343583,2,Country Club Drive,120-68,120,68,safe
9,Waverley,way,761343585,2,Country Club Drive,120-75,120,75,safe
9,Waverley,way,954050298,3,Country Club Drive,120-51,120,51,safe
9,Waverley,way,954050299,2,Country Club Drive,120-50,120,50,safe
9,Waverley,way,954050300,3,Country Club Drive,120-49,120,49,safe
9,Waverley,way,954050302,2,Country Club Drive,120-45,120,45,safe
9,Waverley,way,954050303,2,Country Club Drive,120-47,120,47,safe
9,Waverley,way,954050304,2,Country Club Drive,120-46,120,46,safe
9,Waverley,way,954050305,2,Country Club Drive,120-48,120,48,safe
9,Waverley,way,954050306,2,Country Club Drive,120-43,120,43,safe
9,Waverley,way,954050307,2,Country Club Drive,120-42,120,42,safe
9,Waverley,way,954050308,2,Country Club Drive,120-41,120,41,safe
9,Waverley,way,954050309,2,Country Club Drive,120-40,120,40,safe
9,Waverley,way,954050310,2,Country Club Drive,120-39,120,39,safe
9,Waverley,way,954050311,2,Country Club Drive,120-38,120,38,safe
9,Waverley,way,954050312,2,Country Club Drive,120-37,120,37,safe
9,Waverley,way,954050313,2,Country Club Drive,120-36,120,36,safe
9,Waverley,way,954050314,2,Country Club Drive,120-35,120,35,safe
9,Waverley,way,954050315,2,Country Club Drive,120-34,120,34,safe
9,Waverley,node,13181278048,1,Eramosa Road,682-3,682,3,safe
9,Waverley,node,13181278049,1,Eramosa Road,682-2,682,2,safe
9,Waverley,node,13181278050,1,Eramosa Road,682-1,682,1,safe
9,Waverley,way,1436028297,1,Simmonds Drive,118-1,118,1,safe
9,Waverley,way,1436028298,1,Simmonds Drive,118-6,118,6,safe
9,Waverley,way,1436028299,1,Simmonds Drive,118-5,118,5,safe
9,Waverley,way,1436028300,1,Simmonds Drive,118-4,118,4,safe
9,Waverley,way,1436028301,1,Simmonds Drive,118-3,118,3,safe
9,Waverley,way,1436028302,1,Simmonds Drive,118-2,118,2,safe
9,Waverley,way,933177684,2,Simmonds Drive,118-7,118,7,safe
9,Waverley,way,1008005880,2,Simmonds Drive,19-45,19,45,safe
9,Waverley,way,1008005881,2,Simmonds Drive,19-44,19,44,safe
9,Waverley,way,1008005882,2,Simmonds Drive,19-43,19,43,safe
9,Waverley,way,1436028304,1,Simmonds Drive,19-15,19,15,safe
9,Waverley,way,1436028305,1,Simmonds Drive,19-16,19,16,safe
9,Waverley,way,1436028306,1,Simmonds Drive,19-17,19,17,safe
9,Waverley,way,1436028308,1,Simmonds Drive,19-20,19,20,safe
9,Waverley,way,1436028309,1,Simmonds Drive,19-21,19,21,safe
9,Waverley,way,1436028310,1,Simmonds Drive,19-23,19,23,safe
9,Waverley,way,1436028311,1,Simmonds Drive,19-24,19,24,safe
9,Waverley,way,1436028312,1,Simmonds Drive,19-25,19,25,safe
9,Waverley,way,1436028313,1,Simmonds Drive,19-29,19,29,safe
9,Waverley,way,1436028314,1,Simmonds Drive,19-28,19,28,safe
9,Waverley,way,1436028315,1,Simmonds Drive,19-35,19,35,safe
9,Waverley,way,1436028316,1,Simmonds Drive,19-34,19,34,safe
9,Waverley,way,1436028317,1,Simmonds Drive,19-38,19,38,safe
9,Waverley,way,1436028318,1,Simmonds Drive,19-37,19,37,safe
9,Waverley,way,1436028319,1,Simmonds Drive,19-32,19,32,safe
9,Waverley,way,1436028320,1,Simmonds Drive,19-31,19,31,safe
9,Waverley,way,1436028321,1,Simmonds Drive,19-39,19,39,safe
9,Waverley,way,1436028322,1,Simmonds Drive,19-40,19,40,safe
9,Waverley,way,1436028323,1,Simmonds Drive,19-41,19,41,safe
9,Waverley,way,1436028324,1,Simmonds Drive,19-1,19,1,safe
9,Waverley,way,1436028325,1,Simmonds Drive,19-2,19,2,safe
9,Waverley,way,1436028326,1,Simmonds Drive,19-3,19,3,safe
9,Waverley,way,1436028327,1,Simmonds Drive,19-5,19,5,safe
9,Waverley,way,1436028328,1,Simmonds Drive,19-6,19,6,safe
9,Waverley,way,1436028329,1,Simmonds Drive,19-8,19,8,safe
9,Waverley,way,1436028330,1,Simmonds Drive,19-9,19,9,safe
9,Waverley,way,1436028331,1,Simmonds Drive,19-10,19,10,safe
9,Waverley,way,1436028332,1,Simmonds Drive,19-12,19,12,safe
9,Waverley,way,1436028333,1,Simmonds Drive,19-13,19,13,safe
9,Waverley,way,803281484,2,Simmonds Drive,19-26,19,26,safe
9,Waverley,way,803281485,2,Simmonds Drive,19-27,19,27,safe
9,Waverley,way,803281486,2,Simmonds Drive,19-33,19,33,safe
9,Waverley,way,803281487,2,Simmonds Drive,19-36,19,36,safe
9,Waverley,way,803281488,2,Simmonds Drive,19-46,19,46,safe
9,Waverley,way,803281489,2,Simmonds Drive,19-42,19,42,safe
9,Waverley,way,803281490,2,Simmonds Drive,19-30,19,30,safe
9,Waverley,way,803281491,2,Simmonds Drive,19-18,19,18,safe
9,Waverley,way,803281492,2,Simmonds Drive,19-22,19,22,safe
9,Waverley,way,803281493,2,Simmonds Drive,19-4,19,4,safe
9,Waverley,way,803281494,2,Simmonds Drive,19-7,19,7,safe
9,Waverley,way,803281495,2,Simmonds Drive,19-14,19,14,safe
9,Waverley,way,803281496,2,Simmonds Drive,19-11,19,11,safe
9,Waverley,way,1004009968,2,Wideman Boulevard,35-2,35,2,safe
9,Waverley,way,1436028291,1,Wideman Boulevard,35-1,35,1,safe
9,Waverley,way,1436028292,1,Wideman Boulevard,35-3,35,3,safe
9,Waverley,way,1436028293,1,Wideman Boulevard,35-4,35,4,safe
9,Waverley,way,1436028294,1,Wideman Boulevard,35-5,35,5,safe
9,Waverley,way,1436028295,1,Wideman Boulevard,35-6,35,6,safe
9,Waverley,way,1436028296,1,Wideman Boulevard,35-7,35,7,safe
9,Waverley,node,13198848801,1,Woodlawn Road East,102-3,102,3,safe
9,Waverley,node,13198848802,1,Woodlawn Road East,102-2,102,2,safe
9,Waverley,node,13198848803,1,Woodlawn Road East,102-1,102,1,safe
9,Waverley,node,13198848796,1,Woodlawn Road East,104-4,104,4,safe
9,Waverley,node,13198848797,1,Woodlawn Road East,104-3,104,3,safe
9,Waverley,node,13198848798,1,Woodlawn Road East,104-2,104,2,safe
9,Waverley,node,13198848799,1,Woodlawn Road East,104-1,104,1,safe
9,Waverley,node,13198848792,1,Woodlawn Road East,106-4,106,4,safe
9,Waverley,node,13198848793,1,Woodlawn Road East,106-3,106,3,safe
9,Waverley,node,13198848794,1,Woodlawn Road East,106-2,106,2,safe
9,Waverley,node,13198848795,1,Woodlawn Road East,106-1,106,1,safe
9,Waverley,node,13198848788,1,Woodlawn Road East,108-4,108,4,safe
9,Waverley,node,13198848789,1,Woodlawn Road East,108-3,108,3,safe
9,Waverley,node,13198848790,1,Woodlawn Road East,108-2,108,2,safe
9,Waverley,node,13198848791,1,Woodlawn Road East,108-1,108,1,safe
9,Waverley,node,13198848784,1,Woodlawn Road East,110-4,110,4,safe
9,Waverley,node,13198848785,1,Woodlawn Road East,110-3,110,3,safe
9,Waverley,node,13198848786,1,Woodlawn Road East,110-2,110,2,safe
9,Waverley,node,13198848787,1,Woodlawn Road East,110-1,110,1,safe
9,Waverley,node,13198848780,1,Woodlawn Road East,112-4,112,4,safe
9,Waverley,node,13198848781,1,Woodlawn Road East,112-3,112,3,safe
9,Waverley,node,13198848782,1,Woodlawn Road East,112-2,112,2,safe
9,Waverley,node,13198848783,1,Woodlawn Road East,112-1,112,1,safe
9,Waverley,node,13198848776,1,Woodlawn Road East,114-4,114,4,safe
9,Waverley,node,13198848777,1,Woodlawn Road East,114-3,114,3,safe
9,Waverley,node,13198848778,1,Woodlawn Road East,114-2,114,2,safe
9,Waverley,node,13198848779,1,Woodlawn Road East,114-1,114,1,safe
9,Waverley,node,13198848772,1,Woodlawn Road East,116-4,116,4,safe
9,Waverley,node,13198848773,1,Woodlawn Road East,116-3,116,3,safe
9,Waverley,node,13198848774,1,Woodlawn Road East,116-2,116,2,safe
9,Waverley,node,13198848775,1,Woodlawn Road East,116-1,116,1,safe
9,Waverley,node,13198848768,1,Woodlawn Road East,118-4,118,4,safe
9,Waverley,node,13198848769,1,Woodlawn Road East,118-3,118,3,safe
9,Waverley,node,13198848770,1,Woodlawn Road East,118-2,118,2,safe
9,Waverley,node,13198848771,1,Woodlawn Road East,118-1,118,1,safe
9,Waverley,node,13198848764,1,Woodlawn Road East,120-4,120,4,safe
9,Waverley,node,13198848765,1,Woodlawn Road East,120-3,120,3,safe
9,Waverley,node,13198848766,1,Woodlawn Road East,120-2,120,2,safe
9,Waverley,node,13198848767,1,Woodlawn Road East,120-1,120,1,safe
9,Waverley,node,13198848760,1,Woodlawn Road East,122-4,122,4,safe
9,Waverley,node,13198848761,1,Woodlawn Road East,122-3,122,3,safe
9,Waverley,node,13198848762,1,Woodlawn Road East,122-2,122,2,safe
9,Waverley,node,13198848763,1,Woodlawn Road East,122-1,122,1,safe
9,Waverley,way,954028799,2,Woodlawn Road East,88-3,88,3,safe
9,Waverley,way,954028800,2,Woodlawn Road East,88-4,88,4,safe
9,Waverley,way,954028801,2,Woodlawn Road East,88-1,88,1,safe
9,Waverley,way,954028802,2,Woodlawn Road East,88-2,88,2,safe
9,Waverley,way,954032208,2,Woodlawn Road East,90-3,90,3,safe
9,Waverley,way,954032209,2,Woodlawn Road East,90-4,90,4,safe
9,Waverley,way,954032210,2,Woodlawn Road East,90-1,90,1,safe
9,Waverley,way,954032211,2,Woodlawn Road East,90-2,90,2,safe
9,Waverley,way,954032709,2,Woodlawn Road East,92-4,92,4,safe
9,Waverley,way,954032710,2,Woodlawn Road East,92-3,92,3,safe
9,Waverley,way,954032711,2,Woodlawn Road East,92-2,92,2,safe
9,Waverley,way,954032712,2,Woodlawn Road East,92-1,92,1,safe
9,Waverley,way,954032713,2,Woodlawn Road East,94-4,94,4,safe
9,Waverley,way,954032714,2,Woodlawn Road East,94-3,94,3,safe
9,Waverley,way,954032715,2,Woodlawn Road East,94-2,94,2,safe
9,Waverley,way,954032716,2,Woodlawn Road East,94-1,94,1,safe
9,Waverley,way,954032212,2,Woodlawn Road East,96-3,96,3,safe
9,Waverley,way,954032213,2,Woodlawn Road East,96-4,96,4,safe
9,Waverley,way,954032214,2,Woodlawn Road East,96-1,96,1,safe
9,Waverley,way,954032215,2,Woodlawn Road East,96-2,96,2,safe
9,Waverley,way,803281466,4,Woodlawn Road East,98-1,98,1,safe
9,Waverley,way,954028796,2,Woodlawn Road East,98-2,98,2,safe
9,Waverley,way,954028797,2,Woodlawn Road East,98-4,98,4,safe
9,Waverley,way,954028798,2,Woodlawn Road East,98-3,98,3,safe
9,Waverley,node,13207316705,1,Woolwich Street,765-A,765,A,safe
9,Waverley,node,13207291600,1,Woolwich Street,787-B,787,B,safe
9,Waverley,node,13207316701,1,Woolwich Street,787-A,787,A,safe
10,Kortright Hills,node,13240147820,1,Downey Road,115-10,115,10,safe
10,Kortright Hills,node,13240147821,1,Downey Road,115-9A,115,9A,safe
10,Kortright Hills,node,13240147822,1,Downey Road,115-9,115,9,safe
10,Kortright Hills,node,13240147823,1,Downey Road,115-8,115,8,safe
10,Kortright Hills,node,13240147824,1,Downey Road,115-7,115,7,safe
10,Kortright Hills,node,13240147825,1,Downey Road,115-6,115,6,safe
10,Kortright Hills,node,13240147826,1,Downey Road,115-5,115,5,safe
10,Kortright Hills,node,13240147827,1,Downey Road,115-3,115,3,safe
10,Kortright Hills,node,13240147828,1,Downey Road,115-2,115,2,safe
10,Kortright Hills,node,13240147829,1,Downey Road,115-1,115,1,safe
10,Kortright Hills,way,802839128,3,Downey Road,146-16,146,16,safe
10,Kortright Hills,node,13240147795,1,Hanlon Creek Boulevard,587-23,587,23,safe
10,Kortright Hills,node,13240147796,1,Hanlon Creek Boulevard,587-22,587,22,safe
10,Kortright Hills,node,13240147797,1,Hanlon Creek Boulevard,587-21,587,21,safe
10,Kortright Hills,node,13240147798,1,Hanlon Creek Boulevard,587-20,587,20,safe
10,Kortright Hills,node,13240147799,1,Hanlon Creek Boulevard,587-19,587,19,safe
10,Kortright Hills,node,13240147800,1,Hanlon Creek Boulevard,587-18,587,18,safe
10,Kortright Hills,node,13240147801,1,Hanlon Creek Boulevard,587-17,587,17,safe
10,Kortright Hills,node,13240147802,1,Hanlon Creek Boulevard,587-16,587,16,safe
10,Kortright Hills,node,13240147803,1,Hanlon Creek Boulevard,587-15,587,15,safe
10,Kortright Hills,node,13240147804,1,Hanlon Creek Boulevard,587-14,587,14,safe
10,Kortright Hills,node,13240147805,1,Hanlon Creek Boulevard,587-13,587,13,safe
10,Kortright Hills,node,13240147806,1,Hanlon Creek Boulevard,587-12,587,12,safe
10,Kortright Hills,node,13240147807,1,Hanlon Creek Boulevard,587-11,587,11,safe
10,Kortright Hills,node,13240147808,1,Hanlon Creek Boulevard,587-10,587,10,safe
10,Kortright Hills,node,13240147809,1,Hanlon Creek Boulevard,587-9,587,9,safe
10,Kortright Hills,node,13240147810,1,Hanlon Creek Boulevard,587-8,587,8,safe
10,Kortright Hills,node,13240147779,1,Hanlon Creek Boulevard,589-39,589,39,safe
10,Kortright Hills,node,13240147780,1,Hanlon Creek Boulevard,589-38,589,38,safe
10,Kortright Hills,node,13240147781,1,Hanlon Creek Boulevard,589-37,589,37,safe
10,Kortright Hills,node,13240147782,1,Hanlon Creek Boulevard,589-36,589,36,safe
10,Kortright Hills,node,13240147783,1,Hanlon Creek Boulevard,589-35,589,35,safe
10,Kortright Hills,node,13240147784,1,Hanlon Creek Boulevard,589-34,589,34,safe
10,Kortright Hills,node,13240147785,1,Hanlon Creek Boulevard,589-33,589,33,safe
10,Kortright Hills,node,13240147786,1,Hanlon Creek Boulevard,589-32,589,32,safe
10,Kortright Hills,node,13240147787,1,Hanlon Creek Boulevard,589-31,589,31,safe
10,Kortright Hills,node,13240147788,1,Hanlon Creek Boulevard,589-30,589,30,safe
10,Kortright Hills,node,13240147789,1,Hanlon Creek Boulevard,589-29,589,29,safe
10,Kortright Hills,node,13240147790,1,Hanlon Creek Boulevard,589-28,589,28,safe
10,Kortright Hills,node,13240147791,1,Hanlon Creek Boulevard,589-27,589,27,safe
10,Kortright Hills,node,13240147792,1,Hanlon Creek Boulevard,589-26,589,26,safe
10,Kortright Hills,node,13240147793,1,Hanlon Creek Boulevard,589-25,589,25,safe
10,Kortright Hills,node,13240147794,1,Hanlon Creek Boulevard,589-24,589,24,safe
10,Kortright Hills,node,13240147767,1,Hanlon Creek Boulevard,591-51,591,51,safe
10,Kortright Hills,node,13240147768,1,Hanlon Creek Boulevard,591-50,591,50,safe
10,Kortright Hills,node,13240147769,1,Hanlon Creek Boulevard,591-49,591,49,safe
10,Kortright Hills,node,13240147770,1,Hanlon Creek Boulevard,591-48,591,48,safe
10,Kortright Hills,node,13240147771,1,Hanlon Creek Boulevard,591-47,591,47,safe
10,Kortright Hills,node,13240147772,1,Hanlon Creek Boulevard,593-46,593,46,safe
10,Kortright Hills,node,13240147773,1,Hanlon Creek Boulevard,593-45,593,45,safe
10,Kortright Hills,node,13240147774,1,Hanlon Creek Boulevard,593-44,593,44,safe
10,Kortright Hills,node,13240147775,1,Hanlon Creek Boulevard,593-43,593,43,safe
10,Kortright Hills,node,13240147776,1,Hanlon Creek Boulevard,593-42,593,42,safe
10,Kortright Hills,node,13240147777,1,Hanlon Creek Boulevard,593-41,593,41,safe
10,Kortright Hills,node,13240147778,1,Hanlon Creek Boulevard,593-40,593,40,safe
10,Kortright Hills,node,13240147811,1,Hanlon Creek Boulevard,595-7,595,7,safe
10,Kortright Hills,node,13240147812,1,Hanlon Creek Boulevard,595-6,595,6,safe
10,Kortright Hills,node,13240147813,1,Hanlon Creek Boulevard,595-5,595,5,safe
10,Kortright Hills,node,13240147814,1,Hanlon Creek Boulevard,595-4,595,4,safe
10,Kortright Hills,node,13240147815,1,Hanlon Creek Boulevard,595-3,595,3,safe
10,Kortright Hills,node,13240147816,1,Hanlon Creek Boulevard,595-2,595,2,safe
10,Kortright Hills,node,13240147817,1,Hanlon Creek Boulevard,595-1,595,1,safe
10,Kortright Hills,way,1442946590,1,Ptarmigan Drive,39-28,39,28,safe
10,Kortright Hills,way,1442946591,1,Ptarmigan Drive,39-29,39,29,safe
10,Kortright Hills,way,1442946592,1,Ptarmigan Drive,39-30,39,30,safe
10,Kortright Hills,way,1442946593,1,Ptarmigan Drive,39-31,39,31,safe
10,Kortright Hills,way,1442946594,1,Ptarmigan Drive,39-27,39,27,safe
10,Kortright Hills,way,1442946595,1,Ptarmigan Drive,39-26,39,26,safe
10,Kortright Hills,way,1442946596,1,Ptarmigan Drive,39-25,39,25,safe
10,Kortright Hills,way,1442946597,1,Ptarmigan Drive,39-24,39,24,safe
10,Kortright Hills,way,1442946598,1,Ptarmigan Drive,39-23,39,23,safe
10,Kortright Hills,way,1442946599,1,Ptarmigan Drive,39-15,39,15,safe
10,Kortright Hills,way,1442946600,1,Ptarmigan Drive,39-16,39,16,safe
10,Kortright Hills,way,1442946601,1,Ptarmigan Drive,39-17,39,17,safe
10,Kortright Hills,way,1442946602,1,Ptarmigan Drive,39-18,39,18,safe
10,Kortright Hills,way,1442946603,1,Ptarmigan Drive,39-19,39,19,safe
10,Kortright Hills,way,1442946604,1,Ptarmigan Drive,39-20,39,20,safe
10,Kortright Hills,way,1442946605,1,Ptarmigan Drive,39-8,39,8,safe
10,Kortright Hills,way,1442946606,1,Ptarmigan Drive,39-9,39,9,safe
10,Kortright Hills,way,1442946607,1,Ptarmigan Drive,39-10,39,10,safe
10,Kortright Hills,way,1442946608,1,Ptarmigan Drive,39-11,39,11,safe
10,Kortright Hills,way,1442946609,1,Ptarmigan Drive,39-12,39,12,safe
10,Kortright Hills,way,1442946610,1,Ptarmigan Drive,39-13,39,13,safe
10,Kortright Hills,way,1442946611,1,Ptarmigan Drive,39-1,39,1,safe
10,Kortright Hills,way,1442946612,1,Ptarmigan Drive,39-2,39,2,safe
10,Kortright Hills,way,1442946613,1,Ptarmigan Drive,39-3,39,3,safe
10,Kortright Hills,way,1442946614,1,Ptarmigan Drive,39-4,39,4,safe
10,Kortright Hills,way,1442946615,1,Ptarmigan Drive,39-5,39,5,safe
10,Kortright Hills,way,1442946616,1,Ptarmigan Drive,39-6,39,6,safe
10,Kortright Hills,way,1442946617,1,Ptarmigan Drive,39-33,39,33,safe
10,Kortright Hills,way,1442946618,1,Ptarmigan Drive,39-34,39,34,safe
10,Kortright Hills,way,1442946619,1,Ptarmigan Drive,39-35,39,35,safe
10,Kortright Hills,way,802825738,2,Ptarmigan Drive,39-22,39,22,safe
10,Kortright Hills,way,802825739,2,Ptarmigan Drive,39-21,39,21,safe
10,Kortright Hills,way,802825740,2,Ptarmigan Drive,39-36,39,36,safe
10,Kortright Hills,way,802825741,2,Ptarmigan Drive,39-32,39,32,safe
10,Kortright Hills,way,802825742,2,Ptarmigan Drive,39-7,39,7,safe
10,Kortright Hills,way,802825743,2,Ptarmigan Drive,39-14,39,14,safe
10,Kortright Hills,way,1442946557,1,Ptarmigan Drive,60-35,60,35,safe
10,Kortright Hills,way,1442946558,1,Ptarmigan Drive,60-36,60,36,safe
10,Kortright Hills,way,1442946559,1,Ptarmigan Drive,60-33,60,33,safe
10,Kortright Hills,way,1442946560,1,Ptarmigan Drive,60-32,60,32,safe
10,Kortright Hills,way,1442946561,1,Ptarmigan Drive,60-31,60,31,safe
10,Kortright Hills,way,1442946562,1,Ptarmigan Drive,60-8,60,8,safe
10,Kortright Hills,way,1442946563,1,Ptarmigan Drive,60-7,60,7,safe
10,Kortright Hills,way,1442946564,1,Ptarmigan Drive,60-6,60,6,safe
10,Kortright Hills,way,1442946565,1,Ptarmigan Drive,60-5,60,5,safe
10,Kortright Hills,way,1442946566,1,Ptarmigan Drive,60-4,60,4,safe
10,Kortright Hills,way,1442946567,1,Ptarmigan Drive,60-3,60,3,safe
10,Kortright Hills,way,1442946568,1,Ptarmigan Drive,60-2,60,2,safe
10,Kortright Hills,way,1442946569,1,Ptarmigan Drive,60-9,60,9,safe
10,Kortright Hills,way,1442946570,1,Ptarmigan Drive,60-10,60,10,safe
10,Kortright Hills,way,1442946571,1,Ptarmigan Drive,60-11,60,11,safe
10,Kortright Hills,way,1442946572,1,Ptarmigan Drive,60-12,60,12,safe
10,Kortright Hills,way,1442946573,1,Ptarmigan Drive,60-13,60,13,safe
10,Kortright Hills,way,1442946574,1,Ptarmigan Drive,60-37,60,37,safe
10,Kortright Hills,way,1442946575,1,Ptarmigan Drive,60-38,60,38,safe
10,Kortright Hills,way,1442946576,1,Ptarmigan Drive,60-39,60,39,safe
10,Kortright Hills,way,1442946577,1,Ptarmigan Drive,60-22,60,22,safe
10,Kortright Hills,way,1442946578,1,Ptarmigan Drive,60-23,60,23,safe
10,Kortright Hills,way,1442946579,1,Ptarmigan Drive,60-24,60,24,safe
10,Kortright Hills,way,1442946580,1,Ptarmigan Drive,60-30,60,30,safe
10,Kortright Hills,way,1442946581,1,Ptarmigan Drive,60-29,60,29,safe
10,Kortright Hills,way,1442946582,1,Ptarmigan Drive,60-28,60,28,safe
10,Kortright Hills,way,1442946583,1,Ptarmigan Drive,60-27,60,27,safe
10,Kortright Hills,way,1442946584,1,Ptarmigan Drive,60-21,60,21,safe
10,Kortright Hills,way,1442946585,1,Ptarmigan Drive,60-20,60,20,safe
10,Kortright Hills,way,1442946586,1,Ptarmigan Drive,60-19,60,19,safe
10,Kortright Hills,way,1442946587,1,Ptarmigan Drive,60-18,60,18,safe
10,Kortright Hills,way,1442946588,1,Ptarmigan Drive,60-17,60,17,safe
10,Kortright Hills,way,1442946589,1,Ptarmigan Drive,60-16,60,16,safe
10,Kortright Hills,way,802826628,2,Ptarmigan Drive,60-1,60,1,safe
10,Kortright Hills,way,802826629,2,Ptarmigan Drive,60-14,60,14,safe
10,Kortright Hills,way,802826630,2,Ptarmigan Drive,60-15,60,15,safe
10,Kortright Hills,way,802826631,2,Ptarmigan Drive,60-26,60,26,safe
10,Kortright Hills,way,802826632,2,Ptarmigan Drive,60-25,60,25,safe
10,Kortright Hills,way,802826633,2,Ptarmigan Drive,60-40,60,40,safe
10,Kortright Hills,way,802826634,2,Ptarmigan Drive,60-34,60,34,safe
10,Kortright Hills,node,13240147670,1,Teal Drive,55-48,55,48,safe
10,Kortright Hills,node,13240147671,1,Teal Drive,55-47,55,47,safe
10,Kortright Hills,node,13240147672,1,Teal Drive,55-46,55,46,safe
10,Kortright Hills,node,13240147673,1,Teal Drive,55-45,55,45,safe
10,Kortright Hills,node,13240147674,1,Teal Drive,55-44,55,44,safe
10,Kortright Hills,node,13240147675,1,Teal Drive,55-43,55,43,safe
10,Kortright Hills,node,13240147676,1,Teal Drive,55-42,55,42,safe
10,Kortright Hills,node,13240147677,1,Teal Drive,55-41,55,41,safe
10,Kortright Hills,node,13240147678,1,Teal Drive,55-40,55,40,safe
10,Kortright Hills,node,13240147679,1,Teal Drive,55-39,55,39,safe
10,Kortright Hills,node,13240147680,1,Teal Drive,55-38,55,38,safe
10,Kortright Hills,node,13240147681,1,Teal Drive,55-37,55,37,safe
10,Kortright Hills,node,13240147682,1,Teal Drive,55-36,55,36,safe
10,Kortright Hills,node,13240147683,1,Teal Drive,55-35,55,35,safe
10,Kortright Hills,node,13240147684,1,Teal Drive,55-34,55,34,safe
10,Kortright Hills,node,13240147685,1,Teal Drive,55-33,55,33,safe
10,Kortright Hills,node,13240147686,1,Teal Drive,55-32,55,32,safe
10,Kortright Hills,node,13240147687,1,Teal Drive,55-31,55,31,safe
10,Kortright Hills,node,13240147688,1,Teal Drive,55-30,55,30,safe
10,Kortright Hills,node,13240147689,1,Teal Drive,55-29,55,29,safe
10,Kortright Hills,node,13240147690,1,Teal Drive,55-28,55,28,safe
10,Kortright Hills,node,13240147691,1,Teal Drive,55-27,55,27,safe
10,Kortright Hills,node,13240147692,1,Teal Drive,55-26,55,26,safe
10,Kortright Hills,node,13240147693,1,Teal Drive,55-25,55,25,safe
10,Kortright Hills,node,13240147694,1,Teal Drive,55-24,55,24,safe
10,Kortright Hills,node,13240147695,1,Teal Drive,55-23,55,23,safe
10,Kortright Hills,node,13240147696,1,Teal Drive,55-22,55,22,safe
10,Kortright Hills,node,13240147697,1,Teal Drive,55-21,55,21,safe
10,Kortright Hills,node,13240147698,1,Teal Drive,55-20,55,20,safe
10,Kortright Hills,node,13240147699,1,Teal Drive,55-19,55,19,safe
10,Kortright Hills,node,13240147700,1,Teal Drive,55-18,55,18,safe
10,Kortright Hills,node,13240147701,1,Teal Drive,55-17,55,17,safe
10,Kortright Hills,node,13240147702,1,Teal Drive,55-16,55,16,safe
10,Kortright Hills,node,13240147703,1,Teal Drive,55-15,55,15,safe
10,Kortright Hills,node,13240147704,1,Teal Drive,55-14,55,14,safe
10,Kortright Hills,node,13240147705,1,Teal Drive,55-13,55,13,safe
10,Kortright Hills,node,13240147706,1,Teal Drive,55-12,55,12,safe
10,Kortright Hills,node,13240147707,1,Teal Drive,55-11,55,11,safe
10,Kortright Hills,node,13240147708,1,Teal Drive,55-10,55,10,safe
10,Kortright Hills,node,13240147709,1,Teal Drive,55-9,55,9,safe
10,Kortright Hills,node,13240147710,1,Teal Drive,55-8,55,8,safe
10,Kortright Hills,node,13240147711,1,Teal Drive,55-7,55,7,safe
10,Kortright Hills,node,13240147712,1,Teal Drive,55-6,55,6,safe
10,Kortright Hills,node,13240147713,1,Teal Drive,55-5,55,5,safe
10,Kortright Hills,node,13240147714,1,Teal Drive,55-4,55,4,safe
10,Kortright Hills,node,13240147715,1,Teal Drive,55-3,55,3,safe
10,Kortright Hills,node,13240147716,1,Teal Drive,55-2,55,2,safe
10,Kortright Hills,node,13240147717,1,Teal Drive,55-1,55,1,safe
11,Brant,node,13189462442,1,Carere Crescent,15-17B,15,17B,safe
11,Brant,node,13189462443,1,Carere Crescent,15-17A,15,17A,safe
11,Brant,node,13253262019,1,Mullin Drive,85-19A,85,19A,safe
11,Brant,node,13253262020,1,Mullin Drive,85-18B,85,18B,safe
11,Brant,node,13253262021,1,Mullin Drive,85-18A,85,18A,safe
11,Brant,node,13253262022,1,Mullin Drive,85-17B,85,17B,safe
11,Brant,node,13253262023,1,Mullin Drive,85-17A,85,17A,safe
11,Brant,node,13253262024,1,Mullin Drive,85-16B,85,16B,safe
11,Brant,node,13253262025,1,Mullin Drive,85-16A,85,16A,safe
11,Brant,node,13253262026,1,Mullin Drive,85-15B,85,15B,safe
11,Brant,node,13253262027,1,Mullin Drive,85-15A,85,15A,safe
11,Brant,node,13253262028,1,Mullin Drive,85-14B,85,14B,safe
11,Brant,node,13253262029,1,Mullin Drive,85-14A,85,14A,safe
11,Brant,node,13253262030,1,Mullin Drive,85-13B,85,13B,safe
11,Brant,node,13253262031,1,Mullin Drive,85-13A,85,13A,safe
11,Brant,node,13253262032,1,Mullin Drive,85-12B,85,12B,safe
11,Brant,node,13253262033,1,Mullin Drive,85-12A,85,12A,safe
11,Brant,node,13253262034,1,Mullin Drive,85-11B,85,11B,safe
11,Brant,node,13253262035,1,Mullin Drive,85-11A,85,11A,safe
11,Brant,node,13253262036,1,Mullin Drive,85-10B,85,10B,safe
11,Brant,node,13253262037,1,Mullin Drive,85-10A,85,10A,safe
11,Brant,node,13253262038,1,Mullin Drive,85-9B,85,9B,safe
11,Brant,node,13253262039,1,Mullin Drive,85-9A,85,9A,safe
11,Brant,node,13253262040,1,Mullin Drive,85-8B,85,8B,safe
11,Brant,node,13253262041,1,Mullin Drive,85-8A,85,8A,safe
11,Brant,node,13253262042,1,Mullin Drive,85-7B,85,7B,safe
11,Brant,node,13253262043,1,Mullin Drive,85-7A,85,7A,safe
11,Brant,node,13253262044,1,Mullin Drive,85-6B,85,6B,safe
11,Brant,node,13253262045,1,Mullin Drive,85-6A,85,6A,safe
11,Brant,node,13253262046,1,Mullin Drive,85-5B,85,5B,safe
11,Brant,node,13253262047,1,Mullin Drive,85-5A,85,5A,safe
11,Brant,node,13253262048,1,Mullin Drive,85-4B,85,4B,safe
11,Brant,node,13253262049,1,Mullin Drive,85-4A,85,4A,safe
11,Brant,node,13253262050,1,Mullin Drive,85-3B,85,3B,safe
11,Brant,node,13253262051,1,Mullin Drive,85-3A,85,3A,safe
11,Brant,node,13253262052,1,Mullin Drive,85-2B,85,2B,safe
11,Brant,node,13253262053,1,Mullin Drive,85-2A,85,2A,safe
11,Brant,node,13253262054,1,Mullin Drive,85-1B,85,1B,safe
11,Brant,node,13253262055,1,Mullin Drive,85-1A,85,1A,safe
11,Brant,node,13253262056,1,Mullin Drive,85-55B,85,55B,safe
11,Brant,node,13253262057,1,Mullin Drive,85-55A,85,55A,safe
11,Brant,node,13253262058,1,Mullin Drive,85-54B,85,54B,safe
11,Brant,node,13253262059,1,Mullin Drive,85-54A,85,54A,safe
11,Brant,node,13253262060,1,Mullin Drive,85-53B,85,53B,safe
11,Brant,node,13253262061,1,Mullin Drive,85-53A,85,53A,safe
11,Brant,node,13253262062,1,Mullin Drive,85-52B,85,52B,safe
11,Brant,node,13253262063,1,Mullin Drive,85-52A,85,52A,safe
11,Brant,node,13253262064,1,Mullin Drive,85-51B,85,51B,safe
11,Brant,node,13253262065,1,Mullin Drive,85-51A,85,51A,safe
11,Brant,node,13253262066,1,Mullin Drive,85-50B,85,50B,safe
11,Brant,node,13253262067,1,Mullin Drive,85-50A,85,50A,safe
11,Brant,node,13253262068,1,Mullin Drive,85-49B,85,49B,safe
11,Brant,node,13253262069,1,Mullin Drive,85-49A,85,49A,safe
11,Brant,node,13253262070,1,Mullin Drive,85-48B,85,48B,safe
11,Brant,node,13253262071,1,Mullin Drive,85-48A,85,48A,safe
11,Brant,node,13253262072,1,Mullin Drive,85-47B,85,47B,safe
11,Brant,node,13253262073,1,Mullin Drive,85-47A,85,47A,safe
11,Brant,node,13253262074,1,Mullin Drive,85-46B,85,46B,safe
11,Brant,node,13253262075,1,Mullin Drive,85-46A,85,46A,safe
11,Brant,node,13253262076,1,Mullin Drive,85-45B,85,45B,safe
11,Brant,node,13253262077,1,Mullin Drive,85-45A,85,45A,safe
11,Brant,node,13253262078,1,Mullin Drive,85-44B,85,44B,safe
11,Brant,node,13253262079,1,Mullin Drive,85-44A,85,44A,safe
11,Brant,node,13253262080,1,Mullin Drive,85-43B,85,43B,safe
11,Brant,node,13253262081,1,Mullin Drive,85-43A,85,43A,safe
11,Brant,node,13253262082,1,Mullin Drive,85-42B,85,42B,safe
11,Brant,node,13253262083,1,Mullin Drive,85-42A,85,42A,safe
11,Brant,node,13253262084,1,Mullin Drive,85-41B,85,41B,safe
11,Brant,node,13253262085,1,Mullin Drive,85-41A,85,41A,safe
11,Brant,node,13253262086,1,Mullin Drive,85-40B,85,40B,safe
11,Brant,node,13253262087,1,Mullin Drive,85-40A,85,40A,safe
11,Brant,node,13253262088,1,Mullin Drive,85-39B,85,39B,safe
11,Brant,node,13253262089,1,Mullin Drive,85-39A,85,39A,safe
11,Brant,node,13253262090,1,Mullin Drive,85-38B,85,38B,safe
11,Brant,node,13253262091,1,Mullin Drive,85-38A,85,38A,safe
11,Brant,node,13253262092,1,Mullin Drive,85-37B,85,37B,safe
11,Brant,node,13253262093,1,Mullin Drive,85-37A,85,37A,safe
11,Brant,node,13253262094,1,Mullin Drive,85-36B,85,36B,safe
11,Brant,node,13253262095,1,Mullin Drive,85-36A,85,36A,safe
11,Brant,node,13253262096,1,Mullin Drive,85-35B,85,35B,safe
11,Brant,node,13253262097,1,Mullin Drive,85-35A,85,35A,safe
11,Brant,node,13253262098,1,Mullin Drive,85-34B,85,34B,safe
11,Brant,node,13253262099,1,Mullin Drive,85-34A,85,34A,safe
11,Brant,node,13253262100,1,Mullin Drive,85-33B,85,33B,safe
11,Brant,node,13253262101,1,Mullin Drive,85-33A,85,33A,safe
11,Brant,node,13253262102,1,Mullin Drive,85-32B,85,32B,safe
11,Brant,node,13253262103,1,Mullin Drive,85-32A,85,32A,safe
11,Brant,node,13253262104,1,Mullin Drive,85-31B,85,31B,safe
11,Brant,node,13253262105,1,Mullin Drive,85-31A,85,31A,safe
11,Brant,node,13253262106,1,Mullin Drive,85-30B,85,30B,safe
11,Brant,node,13253262107,1,Mullin Drive,85-30A,85,30A,safe
11,Brant,node,13253262108,1,Mullin Drive,85-29B,85,29B,safe
11,Brant,node,13253262109,1,Mullin Drive,85-29A,85,29A,safe
11,Brant,node,13253262110,1,Mullin Drive,85-28B,85,28B,safe
11,Brant,node,13253262111,1,Mullin Drive,85-28A,85,28A,safe
11,Brant,node,13253262112,1,Mullin Drive,85-27B,85,27B,safe
11,Brant,node,13253262113,1,Mullin Drive,85-27A,85,27A,safe
11,Brant,node,13253262114,1,Mullin Drive,85-26B,85,26B,safe
11,Brant,node,13253262115,1,Mullin Drive,85-26A,85,26A,safe
11,Brant,node,13253262116,1,Mullin Drive,85-25B,85,25B,safe
11,Brant,node,13253262117,1,Mullin Drive,85-25A,85,25A,safe
11,Brant,node,13253262118,1,Mullin Drive,85-24B,85,24B,safe
11,Brant,node,13253262119,1,Mullin Drive,85-24A,85,24A,safe
11,Brant,node,13253262120,1,Mullin Drive,85-23B,85,23B,safe
11,Brant,node,13253262121,1,Mullin Drive,85-23A,85,23A,safe
11,Brant,node,13253262122,1,Mullin Drive,85-22B,85,22B,safe
11,Brant,node,13253262123,1,Mullin Drive,85-22A,85,22A,safe
11,Brant,node,13253262124,1,Mullin Drive,85-21B,85,21B,safe
11,Brant,node,13253262125,1,Mullin Drive,85-21A,85,21A,safe
11,Brant,node,13253262126,1,Mullin Drive,85-20B,85,20B,safe
11,Brant,node,13253262127,1,Mullin Drive,85-20A,85,20A,safe
11,Brant,node,13253262128,1,Mullin Drive,85-19B,85,19B,safe
11,Brant,way,1444396101,1,Victoria Road North,427-B21,427,B21,safe
11,Brant,way,1444396102,1,Victoria Road North,427-B20,427,B20,safe
11,Brant,way,1444396103,1,Victoria Road North,427-B19,427,B19,safe
11,Brant,way,1444396104,1,Victoria Road North,427-B18,427,B18,safe
11,Brant,way,1444396105,1,Victoria Road North,427-B17,427,B17,safe
11,Brant,way,1444396106,1,Victoria Road North,427-B16,427,B16,safe
11,Brant,way,1444396107,1,Victoria Road North,427-B15,427,B15,safe
11,Brant,way,1444396108,1,Victoria Road North,427-B14,427,B14,safe
11,Brant,way,1444396109,1,Victoria Road North,427-B12,427,B12,safe
11,Brant,way,1444396110,1,Victoria Road North,427-B11,427,B11,safe
11,Brant,way,1444396111,1,Victoria Road North,427-C25,427,C25,safe
11,Brant,way,1444396112,1,Victoria Road North,427-C26,427,C26,safe
11,Brant,way,1444396113,1,Victoria Road North,427-C27,427,C27,safe
11,Brant,way,1444396114,1,Victoria Road North,427-C23,427,C23,safe
11,Brant,way,1444396115,1,Victoria Road North,427-C22,427,C22,safe
11,Brant,way,1444396116,1,Victoria Road North,427-C29,427,C29,safe
11,Brant,way,1444396117,1,Victoria Road North,427-C24,427,C24,safe
11,Brant,way,803281509,3,Victoria Road North,427-C28,427,C28,safe
11,Brant,way,1444396118,1,Victoria Road North,453-A1,453,A1,safe
11,Brant,way,1444396119,1,Victoria Road North,453-A2,453,A2,safe
11,Brant,way,1444396120,1,Victoria Road North,453-A3,453,A3,safe
11,Brant,way,1444396121,1,Victoria Road North,453-A4,453,A4,safe
11,Brant,way,1444396122,1,Victoria Road North,453-A5,453,A5,safe
11,Brant,way,1444396123,1,Victoria Road North,453-A6,453,A6,safe
11,Brant,way,1444396124,1,Victoria Road North,453-A7,453,A7,safe
11,Brant,way,1444396125,1,Victoria Road North,453-A8,453,A8,safe
11,Brant,way,1444396126,1,Victoria Road North,453-A9,453,A9,safe
11,Brant,way,1444396127,1,Victoria Road North,453-A10,453,A10,safe
11,Brant,node,13253261985,1,Victoria Road North,675-31,675,31,safe
11,Brant,node,13253261986,1,Victoria Road North,675-30,675,30,safe
11,Brant,node,13253261987,1,Victoria Road North,675-29,675,29,safe
11,Brant,node,13253261988,1,Victoria Road North,675-28,675,28,safe
11,Brant,node,13253261989,1,Victoria Road North,675-27,675,27,safe
11,Brant,node,13253261990,1,Victoria Road North,675-26,675,26,safe
11,Brant,node,13253261991,1,Victoria Road North,675-25,675,25,safe
11,Brant,node,13253261992,1,Victoria Road North,675-24,675,24,safe
11,Brant,node,13253261993,1,Victoria Road North,675-23,675,23,safe
11,Brant,node,13253261994,1,Victoria Road North,675-22,675,22,safe
11,Brant,node,13253261995,1,Victoria Road North,675-21,675,21,safe
11,Brant,node,13253261996,1,Victoria Road North,675-20,675,20,safe
11,Brant,node,13253261997,1,Victoria Road North,675-19,675,19,safe
11,Brant,node,13253261998,1,Victoria Road North,675-18,675,18,safe
11,Brant,node,13253261999,1,Victoria Road North,675-17,675,17,safe
11,Brant,node,13253262000,1,Victoria Road North,675-16,675,16,safe
11,Brant,node,13253262001,1,Victoria Road North,675-15,675,15,safe
11,Brant,node,13253262002,1,Victoria Road North,675-14,675,14,safe
11,Brant,node,13253262003,1,Victoria Road North,675-13,675,13,safe
11,Brant,node,13253262004,1,Victoria Road North,675-12,675,12,safe
11,Brant,node,13253262005,1,Victoria Road North,675-11,675,11,safe
11,Brant,node,13253262006,1,Victoria Road North,675-10,675,10,safe
11,Brant,node,13253262007,1,Victoria Road North,675-9,675,9,safe
11,Brant,node,13253262008,1,Victoria Road North,675-8,675,8,safe
11,Brant,node,13253262009,1,Victoria Road North,675-7,675,7,safe
11,Brant,node,13253262010,1,Victoria Road North,675-6,675,6,safe
11,Brant,node,13253262011,1,Victoria Road North,675-5,675,5,safe
11,Brant,node,13253262012,1,Victoria Road North,675-4,675,4,safe
11,Brant,node,13253262013,1,Victoria Road North,675-3,675,3,safe
11,Brant,node,13253262014,1,Victoria Road North,675-2,675,2,safe
11,Brant,node,13253262015,1,Victoria Road North,675-1,675,1,safe
11,Brant,way,1444396087,1,Woodlawn Road East,527-E11,527,E11,safe
11,Brant,way,1444396088,1,Woodlawn Road East,527-E10,527,E10,safe
11,Brant,way,1444396089,1,Woodlawn Road East,527-E9,527,E9,safe
11,Brant,way,1444396090,1,Woodlawn Road East,527-E14,527,E14,safe
11,Brant,way,1444396091,1,Woodlawn Road East,527-E17,527,E17,safe
11,Brant,way,1444396092,1,Woodlawn Road East,527-E15,527,E15,safe
11,Brant,way,1444396093,1,Woodlawn Road East,527-E12,527,E12,safe
11,Brant,way,1444396094,1,Woodlawn Road East,527-D4,527,D4,safe
11,Brant,way,1444396095,1,Woodlawn Road East,527-D5,527,D5,safe
11,Brant,way,1444396096,1,Woodlawn Road East,527-D6,527,D6,safe
11,Brant,way,1444396097,1,Woodlawn Road East,527-D8,527,D8,safe
11,Brant,way,1444396098,1,Woodlawn Road East,527-D7,527,D7,safe
11,Brant,way,1444396099,1,Woodlawn Road East,527-D2,527,D2,safe
11,Brant,way,1444396100,1,Woodlawn Road East,527-D1,527,D1,safe
11,Brant,way,803281505,3,Woodlawn Road East,527-D3,527,D3,safe
11,Brant,way,803281506,3,Woodlawn Road East,527-E16,527,E16,safe
12,Clairfields,node,13238223451,1,Cowan Place,20-12,20,12,safe
12,Clairfields,node,13238223452,1,Cowan Place,20-11,20,11,safe
12,Clairfields,node,13238223453,1,Cowan Place,20-10,20,10,safe
12,Clairfields,node,13238223454,1,Cowan Place,20-9,20,9,safe
12,Clairfields,node,13238223455,1,Cowan Place,20-8,20,8,safe
12,Clairfields,node,13238223456,1,Cowan Place,20-7,20,7,safe
12,Clairfields,node,13238223457,1,Cowan Place,20-6,20,6,safe
12,Clairfields,node,13238223458,1,Cowan Place,20-5,20,5,safe
12,Clairfields,node,13238223459,1,Cowan Place,20-4,20,4,safe
12,Clairfields,node,13238223460,1,Cowan Place,20-3,20,3,safe
12,Clairfields,node,13238223461,1,Cowan Place,20-2,20,2,safe
12,Clairfields,node,13238223462,1,Cowan Place,20-1,20,1,safe
12,Clairfields,way,1442727391,1,Dawn Avenue,210-6,210,6,safe
12,Clairfields,way,1442727392,1,Dawn Avenue,210-7,210,7,safe
12,Clairfields,way,1442727393,1,Dawn Avenue,210-8,210,8,safe
12,Clairfields,way,1442727394,1,Dawn Avenue,210-1,210,1,safe
12,Clairfields,way,1442727395,1,Dawn Avenue,210-2,210,2,safe
12,Clairfields,way,1442727396,1,Dawn Avenue,210-3,210,3,safe
12,Clairfields,way,1442727397,1,Dawn Avenue,210-4,210,4,safe
12,Clairfields,way,1444324064,1,Dawn Avenue,210-10,210,10,safe
12,Clairfields,way,1444324065,1,Dawn Avenue,210-11,210,11,safe
12,Clairfields,way,1444324066,1,Dawn Avenue,210-12,210,12,safe
12,Clairfields,way,1444324067,1,Dawn Avenue,210-13,210,13,safe
12,Clairfields,way,1444324068,1,Dawn Avenue,210-15,210,15,safe
12,Clairfields,way,1444324069,1,Dawn Avenue,210-16,210,16,safe
12,Clairfields,way,1444324070,1,Dawn Avenue,210-17,210,17,safe
12,Clairfields,way,1444324071,1,Dawn Avenue,210-18,210,18,safe
12,Clairfields,way,1444324072,1,Dawn Avenue,210-19,210,19,safe
12,Clairfields,way,1444324073,1,Dawn Avenue,210-44,210,44,safe
12,Clairfields,way,1444324074,1,Dawn Avenue,210-43,210,43,safe
12,Clairfields,way,1444324075,1,Dawn Avenue,210-42,210,42,safe
12,Clairfields,way,1444324076,1,Dawn Avenue,210-41,210,41,safe
12,Clairfields,way,1444324077,1,Dawn Avenue,210-40,210,40,safe
12,Clairfields,way,1444324078,1,Dawn Avenue,210-39,210,39,safe
12,Clairfields,way,1444324079,1,Dawn Avenue,210-38,210,38,safe
12,Clairfields,way,1444324080,1,Dawn Avenue,210-29,210,29,safe
12,Clairfields,way,1444324081,1,Dawn Avenue,210-28,210,28,safe
12,Clairfields,way,1444324082,1,Dawn Avenue,210-27,210,27,safe
12,Clairfields,way,1444324083,1,Dawn Avenue,210-26,210,26,safe
12,Clairfields,way,1444324084,1,Dawn Avenue,210-25,210,25,safe
12,Clairfields,way,1444324085,1,Dawn Avenue,210-21,210,21,safe
12,Clairfields,way,1444324086,1,Dawn Avenue,210-22,210,22,safe
12,Clairfields,way,1444324087,1,Dawn Avenue,210-30,210,30,safe
12,Clairfields,way,1444324088,1,Dawn Avenue,210-31,210,31,safe
12,Clairfields,way,1444324089,1,Dawn Avenue,210-32,210,32,safe
12,Clairfields,way,1444324090,1,Dawn Avenue,210-33,210,33,safe
12,Clairfields,way,1444324091,1,Dawn Avenue,210-34,210,34,safe
12,Clairfields,way,1444324092,1,Dawn Avenue,210-35,210,35,safe
12,Clairfields,way,801657271,2,Dawn Avenue,210-37,210,37,safe
12,Clairfields,way,801657272,2,Dawn Avenue,210-36,210,36,safe
12,Clairfields,way,801657273,2,Dawn Avenue,210-20,210,20,safe
12,Clairfields,way,801657274,2,Dawn Avenue,210-24,210,24,safe
12,Clairfields,way,801657275,2,Dawn Avenue,210-23,210,23,safe
12,Clairfields,way,801657276,2,Dawn Avenue,210-14,210,14,safe
12,Clairfields,way,801657277,2,Dawn Avenue,210-9,210,9,safe
12,Clairfields,way,801657278,2,Dawn Avenue,210-5,210,5,safe
12,Clairfields,way,1442727379,1,Gordon Street,1671-7,1671,7,safe
12,Clairfields,way,1442727380,1,Gordon Street,1671-5,1671,5,safe
12,Clairfields,way,1442727381,1,Gordon Street,1671-4,1671,4,safe
12,Clairfields,way,1442727382,1,Gordon Street,1671-1,1671,1,safe
12,Clairfields,way,1442727383,1,Gordon Street,1671-3,1671,3,safe
12,Clairfields,way,1442727384,1,Gordon Street,1671-2,1671,2,safe
12,Clairfields,way,1442727385,1,Gordon Street,1671-14,1671,14,safe
12,Clairfields,way,1442727386,1,Gordon Street,1671-12,1671,12,safe
12,Clairfields,way,1442727387,1,Gordon Street,1671-11,1671,11,safe
12,Clairfields,way,1442727388,1,Gordon Street,1671-10,1671,10,safe
12,Clairfields,way,1442727389,1,Gordon Street,1671-9,1671,9,safe
12,Clairfields,way,1442727390,1,Gordon Street,1671-8,1671,8,safe
12,Clairfields,way,542786710,2,Gordon Street,1671-6,1671,6,safe
12,Clairfields,way,542786711,2,Gordon Street,1671-13,1671,13,safe
12,Clairfields,way,802538878,2,Gordon Street,2053-119,2053,119,safe
12,Clairfields,way,1442727437,1,Gosling Gardens,124-11,124,11,safe
12,Clairfields,way,1442727438,1,Gosling Gardens,124-12,124,12,safe
12,Clairfields,way,1442727439,1,Gosling Gardens,124-13,124,13,safe
12,Clairfields,way,1442727440,1,Gosling Gardens,124-14,124,14,safe
12,Clairfields,way,1442727441,1,Gosling Gardens,124-15,124,15,safe
12,Clairfields,way,1442727442,1,Gosling Gardens,124-7,124,7,safe
12,Clairfields,way,1442727443,1,Gosling Gardens,124-8,124,8,safe
12,Clairfields,way,1442727444,1,Gosling Gardens,124-9,124,9,safe
12,Clairfields,way,1442727445,1,Gosling Gardens,124-1,124,1,safe
12,Clairfields,way,1442727446,1,Gosling Gardens,124-2,124,2,safe
12,Clairfields,way,1442727447,1,Gosling Gardens,124-3,124,3,safe
12,Clairfields,way,1442727448,1,Gosling Gardens,124-4,124,4,safe
12,Clairfields,way,1442727449,1,Gosling Gardens,124-5,124,5,safe
12,Clairfields,way,1442727450,1,Gosling Gardens,124-17,124,17,safe
12,Clairfields,way,1442727451,1,Gosling Gardens,124-18,124,18,safe
12,Clairfields,way,1442727452,1,Gosling Gardens,124-19,124,19,safe
12,Clairfields,way,1442727453,1,Gosling Gardens,124-21,124,21,safe
12,Clairfields,way,1442727454,1,Gosling Gardens,124-22,124,22,safe
12,Clairfields,way,1442727455,1,Gosling Gardens,124-23,124,23,safe
12,Clairfields,way,1442727456,1,Gosling Gardens,124-24,124,24,safe
12,Clairfields,way,1442727457,1,Gosling Gardens,124-25,124,25,safe
12,Clairfields,way,1442727458,1,Gosling Gardens,124-30,124,30,safe
12,Clairfields,way,1442727459,1,Gosling Gardens,124-29,124,29,safe
12,Clairfields,way,1442727460,1,Gosling Gardens,124-28,124,28,safe
12,Clairfields,way,1442727461,1,Gosling Gardens,124-31,124,31,safe
12,Clairfields,way,1442727462,1,Gosling Gardens,124-32,124,32,safe
12,Clairfields,way,1442727463,1,Gosling Gardens,124-33,124,33,safe
12,Clairfields,way,1442727464,1,Gosling Gardens,124-34,124,34,safe
12,Clairfields,way,1442727465,1,Gosling Gardens,124-35,124,35,safe
12,Clairfields,way,1442727466,1,Gosling Gardens,124-59,124,59,safe
12,Clairfields,way,1442727467,1,Gosling Gardens,124-60,124,60,safe
12,Clairfields,way,1442727468,1,Gosling Gardens,124-61,124,61,safe
12,Clairfields,way,1442727469,1,Gosling Gardens,124-62,124,62,safe
12,Clairfields,way,1442727470,1,Gosling Gardens,124-63,124,63,safe
12,Clairfields,way,1442727471,1,Gosling Gardens,124-50,124,50,safe
12,Clairfields,way,1442727472,1,Gosling Gardens,124-49,124,49,safe
12,Clairfields,way,1442727473,1,Gosling Gardens,124-48,124,48,safe
12,Clairfields,way,1442727474,1,Gosling Gardens,124-41,124,41,safe
12,Clairfields,way,1442727475,1,Gosling Gardens,124-42,124,42,safe
12,Clairfields,way,1442727476,1,Gosling Gardens,124-43,124,43,safe
12,Clairfields,way,1442727477,1,Gosling Gardens,124-44,124,44,safe
12,Clairfields,way,1442727478,1,Gosling Gardens,124-45,124,45,safe
12,Clairfields,way,1442727479,1,Gosling Gardens,124-37,124,37,safe
12,Clairfields,way,1442727480,1,Gosling Gardens,124-38,124,38,safe
12,Clairfields,way,1442727481,1,Gosling Gardens,124-39,124,39,safe
12,Clairfields,way,1442727482,1,Gosling Gardens,124-55,124,55,safe
12,Clairfields,way,1442727483,1,Gosling Gardens,124-56,124,56,safe
12,Clairfields,way,1442727484,1,Gosling Gardens,124-57,124,57,safe
12,Clairfields,way,1442727485,1,Gosling Gardens,124-54,124,54,safe
12,Clairfields,way,1442727486,1,Gosling Gardens,124-53,124,53,safe
12,Clairfields,way,1442727487,1,Gosling Gardens,124-52,124,52,safe
12,Clairfields,way,1442727488,1,Gosling Gardens,124-70,124,70,safe
12,Clairfields,way,1442727489,1,Gosling Gardens,124-69,124,69,safe
12,Clairfields,way,1442727490,1,Gosling Gardens,124-68,124,68,safe
12,Clairfields,way,1442727491,1,Gosling Gardens,124-67,124,67,safe
12,Clairfields,way,1442727492,1,Gosling Gardens,124-66,124,66,safe
12,Clairfields,way,1442727493,1,Gosling Gardens,124-71,124,71,safe
12,Clairfields,way,1442727494,1,Gosling Gardens,124-72,124,72,safe
12,Clairfields,way,1442727495,1,Gosling Gardens,124-73,124,73,safe
12,Clairfields,way,1442727496,1,Gosling Gardens,124-74,124,74,safe
12,Clairfields,way,1442727497,1,Gosling Gardens,124-75,124,75,safe
12,Clairfields,way,1442727498,1,Gosling Gardens,124-82,124,82,safe
12,Clairfields,way,1442727499,1,Gosling Gardens,124-81,124,81,safe
12,Clairfields,way,1442727500,1,Gosling Gardens,124-80,124,80,safe
12,Clairfields,way,1442727501,1,Gosling Gardens,124-79,124,79,safe
12,Clairfields,way,1442727502,1,Gosling Gardens,124-78,124,78,safe
12,Clairfields,way,1442727503,1,Gosling Gardens,124-83,124,83,safe
12,Clairfields,way,1442727504,1,Gosling Gardens,124-84,124,84,safe
12,Clairfields,way,1442727505,1,Gosling Gardens,124-85,124,85,safe
12,Clairfields,way,1442727506,1,Gosling Gardens,124-86,124,86,safe
12,Clairfields,way,1442727507,1,Gosling Gardens,124-87,124,87,safe
12,Clairfields,way,801659719,2,Gosling Gardens,124-88,124,88,safe
12,Clairfields,way,801659720,2,Gosling Gardens,124-77,124,77,safe
12,Clairfields,way,801659721,2,Gosling Gardens,124-76,124,76,safe
12,Clairfields,way,801659722,2,Gosling Gardens,124-65,124,65,safe
12,Clairfields,way,801659723,2,Gosling Gardens,124-51,124,51,safe
12,Clairfields,way,801659724,2,Gosling Gardens,124-47,124,47,safe
12,Clairfields,way,801659725,2,Gosling Gardens,124-46,124,46,safe
12,Clairfields,way,801659726,2,Gosling Gardens,124-40,124,40,safe
12,Clairfields,way,801659727,2,Gosling Gardens,124-58,124,58,safe
12,Clairfields,way,801659728,2,Gosling Gardens,124-64,124,64,safe
12,Clairfields,way,801659729,2,Gosling Gardens,124-27,124,27,safe
12,Clairfields,way,801659730,2,Gosling Gardens,124-36,124,36,safe
12,Clairfields,way,801659731,2,Gosling Gardens,124-20,124,20,safe
12,Clairfields,way,801659732,2,Gosling Gardens,124-26,124,26,safe
12,Clairfields,way,801659733,2,Gosling Gardens,124-6,124,6,safe
12,Clairfields,way,801660441,2,Gosling Gardens,124-10,124,10,safe
12,Clairfields,way,801660442,2,Gosling Gardens,124-16,124,16,safe
12,Clairfields,way,1442727398,1,Gosling Gardens,254-12,254,12,safe
12,Clairfields,way,1442727399,1,Gosling Gardens,254-11,254,11,safe
12,Clairfields,way,1442727400,1,Gosling Gardens,254-15,254,15,safe
12,Clairfields,way,1442727401,1,Gosling Gardens,254-14,254,14,safe
12,Clairfields,way,1442727402,1,Gosling Gardens,254-16,254,16,safe
12,Clairfields,way,1442727403,1,Gosling Gardens,254-17,254,17,safe
12,Clairfields,way,1442727404,1,Gosling Gardens,254-18,254,18,safe
12,Clairfields,way,1442727405,1,Gosling Gardens,254-32,254,32,safe
12,Clairfields,way,1442727406,1,Gosling Gardens,254-31,254,31,safe
12,Clairfields,way,1442727407,1,Gosling Gardens,254-30,254,30,safe
12,Clairfields,way,1442727408,1,Gosling Gardens,254-29,254,29,safe
12,Clairfields,way,1442727409,1,Gosling Gardens,254-33,254,33,safe
12,Clairfields,way,1442727410,1,Gosling Gardens,254-34,254,34,safe
12,Clairfields,way,1442727411,1,Gosling Gardens,254-35,254,35,safe
12,Clairfields,way,1442727412,1,Gosling Gardens,254-20,254,20,safe
12,Clairfields,way,1442727413,1,Gosling Gardens,254-21,254,21,safe
12,Clairfields,way,1442727414,1,Gosling Gardens,254-22,254,22,safe
12,Clairfields,way,1442727415,1,Gosling Gardens,254-27,254,27,safe
12,Clairfields,way,1442727416,1,Gosling Gardens,254-26,254,26,safe
12,Clairfields,way,1442727417,1,Gosling Gardens,254-25,254,25,safe
12,Clairfields,way,1442727418,1,Gosling Gardens,254-5,254,5,safe
12,Clairfields,way,1442727419,1,Gosling Gardens,254-4,254,4,safe
12,Clairfields,way,1442727420,1,Gosling Gardens,254-3,254,3,safe
12,Clairfields,way,1442727421,1,Gosling Gardens,254-2,254,2,safe
12,Clairfields,way,1442727422,1,Gosling Gardens,254-9,254,9,safe
12,Clairfields,way,1442727423,1,Gosling Gardens,254-8,254,8,safe
12,Clairfields,way,1442727424,1,Gosling Gardens,254-7,254,7,safe
12,Clairfields,way,803252275,2,Gosling Gardens,254-1,254,1,safe
12,Clairfields,way,803252276,2,Gosling Gardens,254-24,254,24,safe
12,Clairfields,way,803252277,2,Gosling Gardens,254-23,254,23,safe
12,Clairfields,way,803252278,2,Gosling Gardens,254-6,254,6,safe
12,Clairfields,way,803252279,2,Gosling Gardens,254-19,254,19,safe
12,Clairfields,way,803252280,2,Gosling Gardens,254-13,254,13,safe
12,Clairfields,way,803252281,2,Gosling Gardens,254-10,254,10,safe
12,Clairfields,way,803252285,2,Gosling Gardens,254-36,254,36,safe
12,Clairfields,way,803252286,2,Gosling Gardens,254-28,254,28,safe
12,Clairfields,way,1444323900,1,Vaughan Street,10-4,10,4,safe
12,Clairfields,way,1444323901,1,Vaughan Street,10-3,10,3,safe
12,Clairfields,way,1444323902,1,Vaughan Street,10-2,10,2,safe
12,Clairfields,way,1444323904,1,Vaughan Street,10-9,10,9,safe
12,Clairfields,way,1444323905,1,Vaughan Street,10-8,10,8,safe
12,Clairfields,way,1444323906,1,Vaughan Street,10-7,10,7,safe
12,Clairfields,way,1444323907,1,Vaughan Street,10-6,10,6,safe
12,Clairfields,way,801555988,2,Vaughan Street,10-5,10,5,safe
12,Clairfields,way,801555989,2,Vaughan Street,10-1,10,1,safe
12,Clairfields,way,1444323892,1,Vaughan Street,30-38,30,38,safe
12,Clairfields,way,1444323893,1,Vaughan Street,30-39,30,39,safe
12,Clairfields,way,1444323894,1,Vaughan Street,30-40,30,40,safe
12,Clairfields,way,1444323895,1,Vaughan Street,30-32,30,32,safe
12,Clairfields,way,1444323896,1,Vaughan Street,30-33,30,33,safe
12,Clairfields,way,1444323897,1,Vaughan Street,30-34,30,34,safe
12,Clairfields,way,1444323898,1,Vaughan Street,30-35,30,35,safe
12,Clairfields,way,1444323899,1,Vaughan Street,30-36,30,36,safe
12,Clairfields,way,1444323912,1,Vaughan Street,30-7,30,7,safe
12,Clairfields,way,1444323913,1,Vaughan Street,30-6,30,6,safe
12,Clairfields,way,1444323914,1,Vaughan Street,30-5,30,5,safe
12,Clairfields,way,1444323915,1,Vaughan Street,30-4,30,4,safe
12,Clairfields,way,1444323916,1,Vaughan Street,30-3,30,3,safe
12,Clairfields,way,1444323917,1,Vaughan Street,30-2,30,2,safe
12,Clairfields,way,1444323918,1,Vaughan Street,30-11,30,11,safe
12,Clairfields,way,1444323919,1,Vaughan Street,30-10,30,10,safe
12,Clairfields,way,1444323920,1,Vaughan Street,30-9,30,9,safe
12,Clairfields,way,1444323938,1,Vaughan Street,30-42,30,42,safe
12,Clairfields,way,1444323939,1,Vaughan Street,30-43,30,43,safe
12,Clairfields,way,1444323940,1,Vaughan Street,30-44,30,44,safe
12,Clairfields,way,1444323941,1,Vaughan Street,30-45,30,45,safe
12,Clairfields,way,1444323942,1,Vaughan Street,30-46,30,46,safe
12,Clairfields,way,1444323943,1,Vaughan Street,30-47,30,47,safe
12,Clairfields,way,1444323944,1,Vaughan Street,30-48,30,48,safe
12,Clairfields,way,1444323945,1,Vaughan Street,30-49,30,49,safe
12,Clairfields,way,1444323946,1,Vaughan Street,30-57,30,57,safe
12,Clairfields,way,1444323947,1,Vaughan Street,30-56,30,56,safe
12,Clairfields,way,1444323948,1,Vaughan Street,30-55,30,55,safe
12,Clairfields,way,1444323949,1,Vaughan Street,30-54,30,54,safe
12,Clairfields,way,1444323950,1,Vaughan Street,30-53,30,53,safe
12,Clairfields,way,1444323951,1,Vaughan Street,30-52,30,52,safe
12,Clairfields,way,1444323952,1,Vaughan Street,30-66,30,66,safe
12,Clairfields,way,1444323953,1,Vaughan Street,30-67,30,67,safe
12,Clairfields,way,1444323954,1,Vaughan Street,30-68,30,68,safe
12,Clairfields,way,1444323955,1,Vaughan Street,30-69,30,69,safe
12,Clairfields,way,1444323956,1,Vaughan Street,30-70,30,70,safe
12,Clairfields,way,1444323957,1,Vaughan Street,30-71,30,71,safe
12,Clairfields,way,1444323958,1,Vaughan Street,30-72,30,72,safe
12,Clairfields,way,1444323959,1,Vaughan Street,30-65,30,65,safe
12,Clairfields,way,1444323960,1,Vaughan Street,30-64,30,64,safe
12,Clairfields,way,1444323961,1,Vaughan Street,30-63,30,63,safe
12,Clairfields,way,1444323962,1,Vaughan Street,30-62,30,62,safe
12,Clairfields,way,1444323963,1,Vaughan Street,30-61,30,61,safe
12,Clairfields,way,1444323964,1,Vaughan Street,30-60,30,60,safe
12,Clairfields,way,1444323965,1,Vaughan Street,30-59,30,59,safe
12,Clairfields,way,801555974,2,Vaughan Street,30-73,30,73,safe
13,Clairfields,way,801555975,2,Vaughan Street,30-58,30,58,safe
13,Clairfields,way,801555976,2,Vaughan Street,30-51,30,51,safe
13,Clairfields,way,801555979,2,Vaughan Street,30-50,30,50,safe
13,Clairfields,way,801555980,2,Vaughan Street,30-41,30,41,safe
13,Clairfields,way,801555981,2,Vaughan Street,30-37,30,37,safe
13,Clairfields,way,801555982,2,Vaughan Street,30-1,30,1,safe
13,Clairfields,way,801555984,2,Vaughan Street,30-8,30,8,safe
14,Hanlon Creek,way,1358107863,2,Cole Road,125-14,125,14,safe
14,Hanlon Creek,way,1358107864,2,Cole Road,125-16,125,16,safe
14,Hanlon Creek,way,1358107865,2,Cole Road,125-15,125,15,safe
14,Hanlon Creek,way,1358107866,2,Cole Road,125-20,125,20,safe
14,Hanlon Creek,way,1358107867,2,Cole Road,125-19,125,19,safe
14,Hanlon Creek,way,1358107868,2,Cole Road,125-18,125,18,safe
14,Hanlon Creek,way,1358107869,2,Cole Road,125-17,125,17,safe
14,Hanlon Creek,way,1360392644,3,Cole Road,125-48,125,48,safe
14,Hanlon Creek,way,1360392645,3,Cole Road,125-47,125,47,safe
14,Hanlon Creek,way,1360392646,3,Cole Road,125-46,125,46,safe
14,Hanlon Creek,way,1360392647,3,Cole Road,125-45,125,45,safe
14,Hanlon Creek,way,1360392648,3,Cole Road,125-44,125,44,safe
14,Hanlon Creek,way,1360392649,3,Cole Road,125-42,125,42,safe
14,Hanlon Creek,way,1360392650,3,Cole Road,125-43,125,43,safe
14,Hanlon Creek,way,1360392651,3,Cole Road,125-40,125,40,safe
14,Hanlon Creek,way,1360392652,3,Cole Road,125-41,125,41,safe
14,Hanlon Creek,way,1360392653,3,Cole Road,125-39,125,39,safe
14,Hanlon Creek,way,1360392654,3,Cole Road,125-37,125,37,safe
14,Hanlon Creek,way,1360392655,3,Cole Road,125-38,125,38,safe
14,Hanlon Creek,way,1360393935,3,Cole Road,125-30,125,30,safe
14,Hanlon Creek,way,1360393936,3,Cole Road,125-32,125,32,safe
14,Hanlon Creek,way,1360393937,3,Cole Road,125-33,125,33,safe
14,Hanlon Creek,way,1360393938,3,Cole Road,125-34,125,34,safe
14,Hanlon Creek,way,1360393939,3,Cole Road,125-35,125,35,safe
14,Hanlon Creek,way,1360393940,3,Cole Road,125-36,125,36,safe
14,Hanlon Creek,way,1360393941,3,Cole Road,125-31,125,31,safe
14,Hanlon Creek,way,1360393942,3,Cole Road,125-29,125,29,safe
14,Hanlon Creek,way,1366686202,3,Cole Road,125-11,125,11,safe
14,Hanlon Creek,way,1366686203,3,Cole Road,125-10,125,10,safe
14,Hanlon Creek,way,1366686204,3,Cole Road,125-9,125,9,safe
14,Hanlon Creek,way,1366686205,3,Cole Road,125-5,125,5,safe
14,Hanlon Creek,way,1366686206,3,Cole Road,125-6,125,6,safe
14,Hanlon Creek,way,1366686207,3,Cole Road,125-7,125,7,safe
14,Hanlon Creek,way,1366686208,3,Cole Road,125-8,125,8,safe
14,Hanlon Creek,way,1366686209,3,Cole Road,125-1,125,1,safe
14,Hanlon Creek,way,1366686210,3,Cole Road,125-2,125,2,safe
14,Hanlon Creek,way,1366686211,3,Cole Road,125-3,125,3,safe
14,Hanlon Creek,way,1366686212,3,Cole Road,125-4,125,4,safe
14,Hanlon Creek,way,1444299342,1,Cole Road,125-71,125,71,safe
14,Hanlon Creek,way,1444299343,1,Cole Road,125-72,125,72,safe
14,Hanlon Creek,way,1444299344,1,Cole Road,125-73,125,73,safe
14,Hanlon Creek,way,1444299345,1,Cole Road,125-74,125,74,safe
14,Hanlon Creek,way,1444299346,1,Cole Road,125-75,125,75,safe
14,Hanlon Creek,way,1444299347,1,Cole Road,125-76,125,76,safe
14,Hanlon Creek,way,1444299348,1,Cole Road,125-77,125,77,safe
14,Hanlon Creek,way,1444299349,1,Cole Road,125-78,125,78,safe
14,Hanlon Creek,way,1444299350,1,Cole Road,125-79,125,79,safe
14,Hanlon Creek,way,1444299351,1,Cole Road,125-80,125,80,safe
14,Hanlon Creek,way,1444299352,1,Cole Road,125-81,125,81,safe
14,Hanlon Creek,way,1444299353,1,Cole Road,125-59,125,59,safe
14,Hanlon Creek,way,1444299354,1,Cole Road,125-60,125,60,safe
14,Hanlon Creek,way,1444299355,1,Cole Road,125-61,125,61,safe
14,Hanlon Creek,way,1444299356,1,Cole Road,125-62,125,62,safe
14,Hanlon Creek,way,1444299357,1,Cole Road,125-63,125,63,safe
14,Hanlon Creek,way,1444299358,1,Cole Road,125-64,125,64,safe
14,Hanlon Creek,way,1444299359,1,Cole Road,125-65,125,65,safe
14,Hanlon Creek,way,1444299360,1,Cole Road,125-66,125,66,safe
14,Hanlon Creek,way,1444299361,1,Cole Road,125-67,125,67,safe
14,Hanlon Creek,way,1444299362,1,Cole Road,125-68,125,68,safe
14,Hanlon Creek,way,1444299363,1,Cole Road,125-69,125,69,safe
14,Hanlon Creek,way,1444299364,1,Cole Road,125-58,125,58,safe
14,Hanlon Creek,way,1444299365,1,Cole Road,125-57,125,57,safe
14,Hanlon Creek,way,1444299366,1,Cole Road,125-56,125,56,safe
14,Hanlon Creek,way,1444299367,1,Cole Road,125-55,125,55,safe
14,Hanlon Creek,way,1444299368,1,Cole Road,125-54,125,54,safe
14,Hanlon Creek,way,1444299369,1,Cole Road,125-53,125,53,safe
14,Hanlon Creek,way,1444299370,1,Cole Road,125-52,125,52,safe
14,Hanlon Creek,way,1444299371,1,Cole Road,125-51,125,51,safe
14,Hanlon Creek,way,1444299372,1,Cole Road,125-50,125,50,safe
14,Hanlon Creek,way,1444299373,1,Cole Road,125-21,125,21,safe
14,Hanlon Creek,way,1444299374,1,Cole Road,125-22,125,22,safe
14,Hanlon Creek,way,1444299375,1,Cole Road,125-23,125,23,safe
14,Hanlon Creek,way,1444299376,1,Cole Road,125-24,125,24,safe
14,Hanlon Creek,way,1444299377,1,Cole Road,125-25,125,25,safe
14,Hanlon Creek,way,1444299378,1,Cole Road,125-26,125,26,safe
14,Hanlon Creek,way,1444299379,1,Cole Road,125-27,125,27,safe
14,Hanlon Creek,way,801558027,2,Cole Road,125-82,125,82,safe
14,Hanlon Creek,way,801558028,2,Cole Road,125-70,125,70,safe
14,Hanlon Creek,way,801558029,2,Cole Road,125-49,125,49,safe
14,Hanlon Creek,way,801558032,2,Cole Road,125-28,125,28,safe
14,Hanlon Creek,way,801558033,3,Cole Road,125-13,125,13,safe
14,Hanlon Creek,way,801558034,4,Cole Road,125-12,125,12,safe
14,Hanlon Creek,node,13252526491,1,Scottsdale Drive,650-5,650,5,safe
14,Hanlon Creek,node,13252526492,1,Scottsdale Drive,650-4,650,4,safe
14,Hanlon Creek,node,13252526493,1,Scottsdale Drive,650-3,650,3,safe
14,Hanlon Creek,node,13252526494,1,Scottsdale Drive,650-2C,650,2C,safe
14,Hanlon Creek,node,13252526495,1,Scottsdale Drive,650-2A,650,2A,safe
14,Hanlon Creek,node,13252526496,1,Scottsdale Drive,650-1,650,1,safe
14,Hanlon Creek,node,3599309935,4,Scottsdale Drive,650-6,650,6,safe
14,Hanlon Creek,node,8523296879,3,Scottsdale Drive,650-2B,650,2B,safe
14,Hanlon Creek,way,1444079476,1,Stone Road West,252-11,252,11,safe
14,Hanlon Creek,way,1444079477,1,Stone Road West,252-10,252,10,safe
14,Hanlon Creek,way,1444079478,1,Stone Road West,252-9,252,9,safe
14,Hanlon Creek,way,1444079479,1,Stone Road West,252-8,252,8,safe
14,Hanlon Creek,way,1444079480,1,Stone Road West,252-7,252,7,safe
14,Hanlon Creek,way,798114810,3,Stone Road West,252-47,252,47,safe
14,Hanlon Creek,way,798114815,3,Stone Road West,252-103,252,103,safe
14,Hanlon Creek,way,798114816,3,Stone Road West,252-117,252,117,safe
14,Hanlon Creek,way,798114817,3,Stone Road West,252-118,252,118,safe
14,Hanlon Creek,way,798114818,3,Stone Road West,252-129,252,129,safe
14,Hanlon Creek,way,891277662,2,Stone Road West,252-140,252,140,safe
14,Hanlon Creek,way,891277663,2,Stone Road West,252-139,252,139,safe
14,Hanlon Creek,way,891277664,2,Stone Road West,252-137,252,137,safe
14,Hanlon Creek,way,891277665,2,Stone Road West,252-138,252,138,safe
14,Hanlon Creek,way,891277666,2,Stone Road West,252-136,252,136,safe
14,Hanlon Creek,way,891277667,2,Stone Road West,252-135,252,135,safe
14,Hanlon Creek,way,891277668,2,Stone Road West,252-134,252,134,safe
14,Hanlon Creek,way,891277669,2,Stone Road West,252-133,252,133,safe
14,Hanlon Creek,way,891277670,2,Stone Road West,252-132,252,132,safe
14,Hanlon Creek,way,891277671,2,Stone Road West,252-131,252,131,safe
14,Hanlon Creek,way,891277672,2,Stone Road West,252-130,252,130,safe
14,Hanlon Creek,way,891280250,2,Stone Road West,252-128,252,128,safe
14,Hanlon Creek,way,891280251,2,Stone Road West,252-127,252,127,safe
14,Hanlon Creek,way,891280252,2,Stone Road West,252-126,252,126,safe
14,Hanlon Creek,way,891280253,2,Stone Road West,252-125,252,125,safe
14,Hanlon Creek,way,891280254,2,Stone Road West,252-124,252,124,safe
14,Hanlon Creek,way,891280255,2,Stone Road West,252-123,252,123,safe
14,Hanlon Creek,way,891280256,2,Stone Road West,252-122,252,122,safe
14,Hanlon Creek,way,891280257,2,Stone Road West,252-121,252,121,safe
14,Hanlon Creek,way,891280258,2,Stone Road West,252-120,252,120,safe
14,Hanlon Creek,way,891280259,2,Stone Road West,252-119,252,119,safe
14,Hanlon Creek,way,891282970,2,Stone Road West,252-104,252,104,safe
14,Hanlon Creek,way,891282971,2,Stone Road West,252-105,252,105,safe
14,Hanlon Creek,way,891282972,2,Stone Road West,252-106,252,106,safe
14,Hanlon Creek,way,891282973,2,Stone Road West,252-107,252,107,safe
14,Hanlon Creek,way,891282974,2,Stone Road West,252-108,252,108,safe
14,Hanlon Creek,way,891282975,2,Stone Road West,252-111,252,111,safe
14,Hanlon Creek,way,891282976,2,Stone Road West,252-112,252,112,safe
14,Hanlon Creek,way,891282977,2,Stone Road West,252-110,252,110,safe
14,Hanlon Creek,way,891282978,2,Stone Road West,252-109,252,109,safe
14,Hanlon Creek,way,891282979,2,Stone Road West,252-113,252,113,safe
14,Hanlon Creek,way,891282980,2,Stone Road West,252-114,252,114,safe
14,Hanlon Creek,way,891282981,2,Stone Road West,252-115,252,115,safe
14,Hanlon Creek,way,891282982,2,Stone Road West,252-116,252,116,safe
14,Hanlon Creek,way,891284960,2,Stone Road West,252-92,252,92,safe
14,Hanlon Creek,way,891284961,2,Stone Road West,252-93,252,93,safe
14,Hanlon Creek,way,891284962,2,Stone Road West,252-95,252,95,safe
14,Hanlon Creek,way,891284963,2,Stone Road West,252-94,252,94,safe
14,Hanlon Creek,way,891284964,2,Stone Road West,252-96,252,96,safe
14,Hanlon Creek,way,891284965,2,Stone Road West,252-102,252,102,safe
14,Hanlon Creek,way,891284966,2,Stone Road West,252-101,252,101,safe
14,Hanlon Creek,way,891284967,2,Stone Road West,252-100,252,100,safe
14,Hanlon Creek,way,891284968,2,Stone Road West,252-97,252,97,safe
14,Hanlon Creek,way,891284969,2,Stone Road West,252-98,252,98,safe
14,Hanlon Creek,way,891284970,2,Stone Road West,252-99,252,99,safe
14,Hanlon Creek,way,891292868,2,Stone Road West,252-83,252,83,safe
14,Hanlon Creek,way,891292869,2,Stone Road West,252-84,252,84,safe
14,Hanlon Creek,way,891292870,2,Stone Road West,252-85,252,85,safe
14,Hanlon Creek,way,891292871,2,Stone Road West,252-86,252,86,safe
14,Hanlon Creek,way,891292872,2,Stone Road West,252-87,252,87,safe
14,Hanlon Creek,way,891292873,2,Stone Road West,252-88,252,88,safe
14,Hanlon Creek,way,891292874,2,Stone Road West,252-89,252,89,safe
14,Hanlon Creek,way,891292875,2,Stone Road West,252-90,252,90,safe
14,Hanlon Creek,way,891292876,2,Stone Road West,252-91,252,91,safe
14,Hanlon Creek,way,891292881,2,Stone Road West,252-79,252,79,safe
14,Hanlon Creek,way,891292882,2,Stone Road West,252-78,252,78,safe
14,Hanlon Creek,way,891292883,2,Stone Road West,252-77,252,77,safe
14,Hanlon Creek,way,891292884,2,Stone Road West,252-76,252,76,safe
14,Hanlon Creek,way,891292885,2,Stone Road West,252-82,252,82,safe
14,Hanlon Creek,way,891292886,2,Stone Road West,252-81,252,81,safe
14,Hanlon Creek,way,891292887,2,Stone Road West,252-80,252,80,safe
14,Hanlon Creek,way,891292888,2,Stone Road West,252-61,252,61,safe
14,Hanlon Creek,way,891292889,2,Stone Road West,252-62,252,62,safe
14,Hanlon Creek,way,891292890,2,Stone Road West,252-63,252,63,safe
14,Hanlon Creek,way,891292891,2,Stone Road West,252-60,252,60,safe
14,Hanlon Creek,way,891292892,2,Stone Road West,252-64,252,64,safe
14,Hanlon Creek,way,891292893,2,Stone Road West,252-65,252,65,safe
14,Hanlon Creek,way,891292894,2,Stone Road West,252-66,252,66,safe
14,Hanlon Creek,way,891292895,2,Stone Road West,252-67,252,67,safe
14,Hanlon Creek,way,891292896,2,Stone Road West,252-68,252,68,safe
14,Hanlon Creek,way,891292897,2,Stone Road West,252-69,252,69,safe
14,Hanlon Creek,way,891292898,2,Stone Road West,252-70,252,70,safe
14,Hanlon Creek,way,891292899,2,Stone Road West,252-71,252,71,safe
14,Hanlon Creek,way,891292900,2,Stone Road West,252-72,252,72,safe
14,Hanlon Creek,way,891292901,2,Stone Road West,252-73,252,73,safe
14,Hanlon Creek,way,891292902,2,Stone Road West,252-75,252,75,safe
14,Hanlon Creek,way,891292903,2,Stone Road West,252-74,252,74,safe
14,Hanlon Creek,way,891303281,2,Stone Road West,252-48,252,48,safe
14,Hanlon Creek,way,891303282,2,Stone Road West,252-49,252,49,safe
14,Hanlon Creek,way,891303283,2,Stone Road West,252-51,252,51,safe
14,Hanlon Creek,way,891303284,2,Stone Road West,252-50,252,50,safe
14,Hanlon Creek,way,891303285,2,Stone Road West,252-52,252,52,safe
14,Hanlon Creek,way,891303286,2,Stone Road West,252-56,252,56,safe
14,Hanlon Creek,way,891303287,2,Stone Road West,252-55,252,55,safe
14,Hanlon Creek,way,891303288,2,Stone Road West,252-57,252,57,safe
14,Hanlon Creek,way,891303289,2,Stone Road West,252-58,252,58,safe
14,Hanlon Creek,way,891303290,2,Stone Road West,252-59,252,59,safe
14,Hanlon Creek,way,891303291,2,Stone Road West,252-53,252,53,safe
14,Hanlon Creek,way,891303292,2,Stone Road West,252-54,252,54,safe
14,Hanlon Creek,way,891303293,2,Stone Road West,252-40,252,40,safe
14,Hanlon Creek,way,891303294,2,Stone Road West,252-41,252,41,safe
14,Hanlon Creek,way,891303295,2,Stone Road West,252-42,252,42,safe
14,Hanlon Creek,way,891303296,2,Stone Road West,252-43,252,43,safe
14,Hanlon Creek,way,891303297,2,Stone Road West,252-44,252,44,safe
14,Hanlon Creek,way,891303298,2,Stone Road West,252-45,252,45,safe
14,Hanlon Creek,way,891303299,2,Stone Road West,252-46,252,46,safe
14,Hanlon Creek,way,891303300,2,Stone Road West,252-39,252,39,safe
14,Hanlon Creek,way,891303301,2,Stone Road West,252-38,252,38,safe
14,Hanlon Creek,way,891303302,2,Stone Road West,252-37,252,37,safe
14,Hanlon Creek,way,891303303,2,Stone Road West,252-36,252,36,safe
14,Hanlon Creek,way,891303304,2,Stone Road West,252-35,252,35,safe
14,Hanlon Creek,way,891303305,2,Stone Road West,252-34,252,34,safe
14,Hanlon Creek,way,891303306,2,Stone Road West,252-33,252,33,safe
14,Hanlon Creek,way,891303307,2,Stone Road West,252-32,252,32,safe
14,Hanlon Creek,way,891303308,2,Stone Road West,252-31,252,31,safe
14,Hanlon Creek,way,891303309,2,Stone Road West,252-30,252,30,safe
14,Hanlon Creek,way,891303310,2,Stone Road West,252-29,252,29,safe
14,Hanlon Creek,way,891303311,2,Stone Road West,252-28,252,28,safe
14,Hanlon Creek,way,891303312,2,Stone Road West,252-27,252,27,safe
14,Hanlon Creek,way,891303313,2,Stone Road West,252-26,252,26,safe
14,Hanlon Creek,way,891303314,2,Stone Road West,252-25,252,25,safe
14,Hanlon Creek,way,891303315,2,Stone Road West,252-24,252,24,safe
14,Hanlon Creek,way,891303316,2,Stone Road West,252-23,252,23,safe
14,Hanlon Creek,way,891303317,2,Stone Road West,252-14,252,14,safe
14,Hanlon Creek,way,891303318,2,Stone Road West,252-13,252,13,safe
14,Hanlon Creek,way,891303319,2,Stone Road West,252-12,252,12,safe
14,Hanlon Creek,way,891303324,2,Stone Road West,252-6,252,6,safe
14,Hanlon Creek,way,891303325,2,Stone Road West,252-5,252,5,safe
14,Hanlon Creek,way,891303326,2,Stone Road West,252-1,252,1,safe
14,Hanlon Creek,way,891303327,2,Stone Road West,252-2,252,2,safe
14,Hanlon Creek,way,891303328,2,Stone Road West,252-3,252,3,safe
14,Hanlon Creek,way,891303329,2,Stone Road West,252-4,252,4,safe
14,Hanlon Creek,way,891303330,2,Stone Road West,252-15,252,15,safe
14,Hanlon Creek,way,891303331,2,Stone Road West,252-16,252,16,safe
14,Hanlon Creek,way,891303332,2,Stone Road West,252-18,252,18,safe
14,Hanlon Creek,way,891303333,2,Stone Road West,252-17,252,17,safe
14,Hanlon Creek,way,891303334,2,Stone Road West,252-19,252,19,safe
14,Hanlon Creek,way,891303335,2,Stone Road West,252-20,252,20,safe
14,Hanlon Creek,way,891303336,2,Stone Road West,252-21,252,21,safe
14,Hanlon Creek,way,891303337,2,Stone Road West,252-22,252,22,safe
14,Hanlon Creek,node,13252526497,1,Stone Road West,292-7,292,7,safe
14,Hanlon Creek,node,13252526499,1,Stone Road West,292-3,292,3,safe
14,Hanlon Creek,node,13252526501,1,Stone Road West,292-7A,292,7A,safe
14,Hanlon Creek,node,13252526502,1,Stone Road West,292-5A,292,5A,safe
14,Hanlon Creek,node,13252526505,1,Stone Road West,292-5,292,5,safe
14,Hanlon Creek,node,13252526506,1,Stone Road West,292-4,292,4,safe
14,Hanlon Creek,node,13252526507,1,Stone Road West,292-2,292,2,safe
14,Hanlon Creek,node,13252526514,1,Stone Road West,292-7B,292,7B,safe
14,Hanlon Creek,node,13252526515,1,Stone Road West,292-6,292,6,safe
14,Hanlon Creek,node,13252526518,1,Stone Road West,292-8,292,8,safe
14,Hanlon Creek,node,13252526519,1,Stone Road West,292-1,292,1,safe
14,Hanlon Creek,node,13252526498,1,Stone Road West,370-4,370,4,safe
14,Hanlon Creek,node,13252526500,1,Stone Road West,370-10,370,10,safe
14,Hanlon Creek,node,13252526503,1,Stone Road West,370-14,370,14,safe
14,Hanlon Creek,node,13252526504,1,Stone Road West,370-3,370,3,safe
14,Hanlon Creek,node,13252526508,1,Stone Road West,370-7,370,7,safe
14,Hanlon Creek,node,13252526509,1,Stone Road West,370-6,370,6,safe
14,Hanlon Creek,node,13252526510,1,Stone Road West,370-5,370,5,safe
14,Hanlon Creek,node,13252526511,1,Stone Road West,370-15,370,15,safe
14,Hanlon Creek,node,13252526512,1,Stone Road West,370-13,370,13,safe
15,Hanlon Creek,node,13252526513,1,Stone Road West,370-11,370,11,safe
15,Hanlon Creek,node,13252526516,1,Stone Road West,370-16,370,16,safe
15,Hanlon Creek,node,13252526517,1,Stone Road West,370-8,370,8,safe
15,Hanlon Creek,node,13252526520,1,Stone Road West,370-12,370,12,safe
15,Hanlon Creek,node,13252526521,1,Stone Road West,370-9,370,9,safe
15,Hanlon Creek,node,9609555822,3,Stone Road West,370-1,370,1,safe
15,Hanlon Creek,way,1352170232,2,Stone Road West,414-65,414,65,safe
15,Hanlon Creek,way,1352170243,2,Stone Road West,414-63,414,63,safe
15,Hanlon Creek,way,1352170244,2,Stone Road West,414-66,414,66,safe
15,Hanlon Creek,way,1352170245,2,Stone Road West,414-70,414,70,safe
15,Hanlon Creek,way,1352170246,2,Stone Road West,414-69,414,69,safe
15,Hanlon Creek,way,1352170247,2,Stone Road West,414-68,414,68,safe
15,Hanlon Creek,way,1352170248,3,Stone Road West,414-67,414,67,safe
15,Hanlon Creek,way,1352170249,2,Stone Road West,414-72,414,72,safe
15,Hanlon Creek,way,1352170250,2,Stone Road West,414-71,414,71,safe
15,Hanlon Creek,way,1444299380,1,Stone Road West,414-53,414,53,safe
15,Hanlon Creek,way,1444299381,1,Stone Road West,414-54,414,54,safe
15,Hanlon Creek,way,1444299382,1,Stone Road West,414-55,414,55,safe
15,Hanlon Creek,way,1444299383,1,Stone Road West,414-56,414,56,safe
15,Hanlon Creek,way,1444299384,1,Stone Road West,414-57,414,57,safe
15,Hanlon Creek,way,1444299385,1,Stone Road West,414-58,414,58,safe
15,Hanlon Creek,way,1444299386,1,Stone Road West,414-59,414,59,safe
15,Hanlon Creek,way,1444299387,1,Stone Road West,414-60,414,60,safe
15,Hanlon Creek,way,1444299388,1,Stone Road West,414-61,414,61,safe
15,Hanlon Creek,way,1444299389,1,Stone Road West,414-1,414,1,safe
15,Hanlon Creek,way,1444299390,1,Stone Road West,414-2,414,2,safe
15,Hanlon Creek,way,1444299391,1,Stone Road West,414-3,414,3,safe
15,Hanlon Creek,way,1444299392,1,Stone Road West,414-4,414,4,safe
15,Hanlon Creek,way,1444299393,1,Stone Road West,414-5,414,5,safe
15,Hanlon Creek,way,1444299394,1,Stone Road West,414-12,414,12,safe
15,Hanlon Creek,way,1444299395,1,Stone Road West,414-11,414,11,safe
15,Hanlon Creek,way,1444299396,1,Stone Road West,414-10,414,10,safe
15,Hanlon Creek,way,1444299397,1,Stone Road West,414-9,414,9,safe
15,Hanlon Creek,way,1444299398,1,Stone Road West,414-8,414,8,safe
15,Hanlon Creek,way,1444299399,1,Stone Road West,414-7,414,7,safe
15,Hanlon Creek,way,1444299400,1,Stone Road West,414-13,414,13,safe
15,Hanlon Creek,way,1444299401,1,Stone Road West,414-14,414,14,safe
15,Hanlon Creek,way,1444299402,1,Stone Road West,414-15,414,15,safe
15,Hanlon Creek,way,1444299403,1,Stone Road West,414-16,414,16,safe
15,Hanlon Creek,way,1444299404,1,Stone Road West,414-17,414,17,safe
15,Hanlon Creek,way,1444299405,1,Stone Road West,414-19,414,19,safe
15,Hanlon Creek,way,1444299406,1,Stone Road West,414-20,414,20,safe
15,Hanlon Creek,way,1444299407,1,Stone Road West,414-21,414,21,safe
15,Hanlon Creek,way,1444299408,1,Stone Road West,414-22,414,22,safe
15,Hanlon Creek,way,1444299409,1,Stone Road West,414-23,414,23,safe
15,Hanlon Creek,way,1444299410,1,Stone Road West,414-36,414,36,safe
15,Hanlon Creek,way,1444299411,1,Stone Road West,414-35,414,35,safe
15,Hanlon Creek,way,1444299412,1,Stone Road West,414-34,414,34,safe
15,Hanlon Creek,way,1444299413,1,Stone Road West,414-33,414,33,safe
15,Hanlon Creek,way,1444299414,1,Stone Road West,414-32,414,32,safe
15,Hanlon Creek,way,1444299415,1,Stone Road West,414-31,414,31,safe
15,Hanlon Creek,way,1444299416,1,Stone Road West,414-30,414,30,safe
15,Hanlon Creek,way,1444299417,1,Stone Road West,414-29,414,29,safe
15,Hanlon Creek,way,1444299418,1,Stone Road West,414-28,414,28,safe
15,Hanlon Creek,way,1444299419,1,Stone Road West,414-27,414,27,safe
15,Hanlon Creek,way,1444299420,1,Stone Road West,414-26,414,26,safe
15,Hanlon Creek,way,1444299421,1,Stone Road West,414-37,414,37,safe
15,Hanlon Creek,way,1444299422,1,Stone Road West,414-38,414,38,safe
15,Hanlon Creek,way,1444299423,1,Stone Road West,414-39,414,39,safe
15,Hanlon Creek,way,1444299424,1,Stone Road West,414-40,414,40,safe
15,Hanlon Creek,way,1444299425,1,Stone Road West,414-41,414,41,safe
15,Hanlon Creek,way,1444299426,1,Stone Road West,414-43,414,43,safe
15,Hanlon Creek,way,1444299427,1,Stone Road West,414-44,414,44,safe
15,Hanlon Creek,way,1444299428,1,Stone Road West,414-45,414,45,safe
15,Hanlon Creek,way,1444299429,1,Stone Road West,414-46,414,46,safe
15,Hanlon Creek,way,1444299430,1,Stone Road West,414-47,414,47,safe
15,Hanlon Creek,way,1444299431,1,Stone Road West,414-48,414,48,safe
15,Hanlon Creek,way,1444299432,1,Stone Road West,414-49,414,49,safe
15,Hanlon Creek,way,1444299433,1,Stone Road West,414-50,414,50,safe
15,Hanlon Creek,way,1444299434,1,Stone Road West,414-51,414,51,safe
15,Hanlon Creek,way,801558035,2,Stone Road West,414-25,414,25,safe
15,Hanlon Creek,way,801558036,2,Stone Road West,414-42,414,42,safe
15,Hanlon Creek,way,801558037,2,Stone Road West,414-52,414,52,safe
15,Hanlon Creek,way,801558038,2,Stone Road West,414-24,414,24,safe
15,Hanlon Creek,way,801558039,2,Stone Road West,414-18,414,18,safe
15,Hanlon Creek,way,801558040,2,Stone Road West,414-62,414,62,safe
15,Hanlon Creek,way,801558041,2,Stone Road West,414-6,414,6,safe
15,Hanlon Creek,way,801558042,3,Stone Road West,414-64,414,64,safe
16,Pine Ridge - Westminster Woods,way,1443359376,2,Arkell Road,167-33,167,33,safe
16,Pine Ridge - Westminster Woods,way,1443359377,2,Arkell Road,167-32,167,32,safe
16,Pine Ridge - Westminster Woods,way,1443359378,2,Arkell Road,167-31,167,31,safe
16,Pine Ridge - Westminster Woods,way,1443359379,2,Arkell Road,167-30,167,30,safe
16,Pine Ridge - Westminster Woods,way,1443359380,2,Arkell Road,167-34,167,34,safe
16,Pine Ridge - Westminster Woods,way,1443359381,2,Arkell Road,167-35,167,35,safe
16,Pine Ridge - Westminster Woods,way,1443359382,2,Arkell Road,167-36,167,36,safe
16,Pine Ridge - Westminster Woods,way,1443359383,2,Arkell Road,167-37,167,37,safe
16,Pine Ridge - Westminster Woods,way,1443359384,2,Arkell Road,167-23,167,23,safe
16,Pine Ridge - Westminster Woods,way,1443359385,2,Arkell Road,167-24,167,24,safe
16,Pine Ridge - Westminster Woods,way,1443359386,2,Arkell Road,167-25,167,25,safe
16,Pine Ridge - Westminster Woods,way,1443359387,2,Arkell Road,167-26,167,26,safe
16,Pine Ridge - Westminster Woods,way,1443359388,2,Arkell Road,167-27,167,27,safe
16,Pine Ridge - Westminster Woods,way,1443359389,2,Arkell Road,167-16,167,16,safe
16,Pine Ridge - Westminster Woods,way,1443359390,2,Arkell Road,167-17,167,17,safe
16,Pine Ridge - Westminster Woods,way,1443359391,2,Arkell Road,167-18,167,18,safe
16,Pine Ridge - Westminster Woods,way,1443359392,2,Arkell Road,167-19,167,19,safe
16,Pine Ridge - Westminster Woods,way,1443359393,2,Arkell Road,167-20,167,20,safe
16,Pine Ridge - Westminster Woods,way,1443359394,2,Arkell Road,167-21,167,21,safe
16,Pine Ridge - Westminster Woods,way,1443359395,2,Arkell Road,167-9,167,9,safe
16,Pine Ridge - Westminster Woods,way,1443359396,2,Arkell Road,167-10,167,10,safe
16,Pine Ridge - Westminster Woods,way,1443359397,2,Arkell Road,167-11,167,11,safe
16,Pine Ridge - Westminster Woods,way,1443359398,2,Arkell Road,167-12,167,12,safe
16,Pine Ridge - Westminster Woods,way,1443359399,2,Arkell Road,167-13,167,13,safe
16,Pine Ridge - Westminster Woods,way,1443359400,2,Arkell Road,167-14,167,14,safe
16,Pine Ridge - Westminster Woods,way,1443359401,2,Arkell Road,167-43,167,43,safe
16,Pine Ridge - Westminster Woods,way,1443359402,2,Arkell Road,167-42,167,42,safe
16,Pine Ridge - Westminster Woods,way,1443359403,2,Arkell Road,167-41,167,41,safe
16,Pine Ridge - Westminster Woods,way,1443359404,2,Arkell Road,167-40,167,40,safe
16,Pine Ridge - Westminster Woods,way,1443359405,2,Arkell Road,167-44,167,44,safe
16,Pine Ridge - Westminster Woods,way,1443359406,2,Arkell Road,167-45,167,45,safe
16,Pine Ridge - Westminster Woods,way,1443359407,2,Arkell Road,167-46,167,46,safe
16,Pine Ridge - Westminster Woods,way,1443359408,2,Arkell Road,167-47,167,47,safe
16,Pine Ridge - Westminster Woods,way,1443359409,2,Arkell Road,167-54,167,54,safe
16,Pine Ridge - Westminster Woods,way,1443359410,2,Arkell Road,167-53,167,53,safe
16,Pine Ridge - Westminster Woods,way,1443359411,2,Arkell Road,167-52,167,52,safe
16,Pine Ridge - Westminster Woods,way,1443359412,2,Arkell Road,167-51,167,51,safe
16,Pine Ridge - Westminster Woods,way,1443359413,2,Arkell Road,167-50,167,50,safe
16,Pine Ridge - Westminster Woods,way,1443359414,2,Arkell Road,167-5,167,5,safe
16,Pine Ridge - Westminster Woods,way,1443359415,2,Arkell Road,167-6,167,6,safe
16,Pine Ridge - Westminster Woods,way,1443359416,2,Arkell Road,167-7,167,7,safe
16,Pine Ridge - Westminster Woods,way,1443359417,2,Arkell Road,167-1,167,1,safe
16,Pine Ridge - Westminster Woods,way,1443359418,2,Arkell Road,167-2,167,2,safe
16,Pine Ridge - Westminster Woods,way,1443359419,2,Arkell Road,167-3,167,3,safe
16,Pine Ridge - Westminster Woods,way,339515325,3,Arkell Road,167-48,167,48,safe
16,Pine Ridge - Westminster Woods,way,339515326,3,Arkell Road,167-49,167,49,safe
16,Pine Ridge - Westminster Woods,way,339515327,3,Arkell Road,167-4,167,4,safe
16,Pine Ridge - Westminster Woods,way,339515332,3,Arkell Road,167-15,167,15,safe
16,Pine Ridge - Westminster Woods,way,339515339,3,Arkell Road,167-38,167,38,safe
16,Pine Ridge - Westminster Woods,way,339515341,3,Arkell Road,167-8,167,8,safe
16,Pine Ridge - Westminster Woods,way,339515352,3,Arkell Road,167-28,167,28,safe
16,Pine Ridge - Westminster Woods,way,339515358,3,Arkell Road,167-39,167,39,safe
16,Pine Ridge - Westminster Woods,way,339515362,3,Arkell Road,167-22,167,22,safe
16,Pine Ridge - Westminster Woods,way,463365382,3,Arkell Road,167-29,167,29,safe
16,Pine Ridge - Westminster Woods,way,1443359237,1,Arkell Road,361-23,361,23,safe
16,Pine Ridge - Westminster Woods,way,1443359238,1,Arkell Road,361-24,361,24,safe
16,Pine Ridge - Westminster Woods,way,1443359239,1,Arkell Road,361-25,361,25,safe
16,Pine Ridge - Westminster Woods,way,1443359240,1,Arkell Road,361-26,361,26,safe
16,Pine Ridge - Westminster Woods,way,1443359241,1,Arkell Road,361-27,361,27,safe
16,Pine Ridge - Westminster Woods,way,1443359242,1,Arkell Road,361-28,361,28,safe
16,Pine Ridge - Westminster Woods,way,1443359243,1,Arkell Road,361-29,361,29,safe
16,Pine Ridge - Westminster Woods,way,1443359244,1,Arkell Road,361-9,361,9,safe
16,Pine Ridge - Westminster Woods,way,1443359245,1,Arkell Road,361-11,361,11,safe
16,Pine Ridge - Westminster Woods,way,1443359246,1,Arkell Road,361-12,361,12,safe
16,Pine Ridge - Westminster Woods,way,1443359247,1,Arkell Road,361-13,361,13,safe
16,Pine Ridge - Westminster Woods,way,1443359248,1,Arkell Road,361-14,361,14,safe
16,Pine Ridge - Westminster Woods,way,1443359249,1,Arkell Road,361-15,361,15,safe
16,Pine Ridge - Westminster Woods,way,1443359250,1,Arkell Road,361-17,361,17,safe
16,Pine Ridge - Westminster Woods,way,1443359251,1,Arkell Road,361-18,361,18,safe
16,Pine Ridge - Westminster Woods,way,1443359252,1,Arkell Road,361-19,361,19,safe
16,Pine Ridge - Westminster Woods,way,1443359253,1,Arkell Road,361-20,361,20,safe
16,Pine Ridge - Westminster Woods,way,1443359254,1,Arkell Road,361-21,361,21,safe
16,Pine Ridge - Westminster Woods,way,1443359255,1,Arkell Road,361-1,361,1,safe
16,Pine Ridge - Westminster Woods,way,1443359256,1,Arkell Road,361-3,361,3,safe
16,Pine Ridge - Westminster Woods,way,1443359257,1,Arkell Road,361-4,361,4,safe
16,Pine Ridge - Westminster Woods,way,1443359258,1,Arkell Road,361-5,361,5,safe
16,Pine Ridge - Westminster Woods,way,1443359259,1,Arkell Road,361-6,361,6,safe
16,Pine Ridge - Westminster Woods,way,1443359260,1,Arkell Road,361-7,361,7,safe
16,Pine Ridge - Westminster Woods,way,1443359261,1,Arkell Road,361-8,361,8,safe
16,Pine Ridge - Westminster Woods,way,878035912,2,Arkell Road,361-2,361,2,safe
16,Pine Ridge - Westminster Woods,way,878035913,2,Arkell Road,361-10,361,10,safe
16,Pine Ridge - Westminster Woods,way,878035914,2,Arkell Road,361-16,361,16,safe
16,Pine Ridge - Westminster Woods,way,878035920,2,Arkell Road,361-22,361,22,safe
16,Pine Ridge - Westminster Woods,node,13244832471,1,Arkell Road,403-7,403,7,safe
16,Pine Ridge - Westminster Woods,node,13244832472,1,Arkell Road,403-6,403,6,safe
16,Pine Ridge - Westminster Woods,node,13244832473,1,Arkell Road,403-5,403,5,safe
16,Pine Ridge - Westminster Woods,node,13244832474,1,Arkell Road,403-4,403,4,safe
16,Pine Ridge - Westminster Woods,node,13244832475,1,Arkell Road,403-3,403,3,safe
16,Pine Ridge - Westminster Woods,node,13244832476,1,Arkell Road,403-2,403,2,safe
16,Pine Ridge - Westminster Woods,node,13244832477,1,Arkell Road,403-1,403,1,safe
16,Pine Ridge - Westminster Woods,way,1443359063,1,Bard Boulevard,105-50,105,50,safe
16,Pine Ridge - Westminster Woods,way,1443359064,1,Bard Boulevard,105-51,105,51,safe
16,Pine Ridge - Westminster Woods,way,1443359065,1,Bard Boulevard,105-52,105,52,safe
16,Pine Ridge - Westminster Woods,way,1443359066,1,Bard Boulevard,105-46,105,46,safe
16,Pine Ridge - Westminster Woods,way,1443359067,1,Bard Boulevard,105-47,105,47,safe
16,Pine Ridge - Westminster Woods,way,1443359068,1,Bard Boulevard,105-48,105,48,safe
16,Pine Ridge - Westminster Woods,way,1443359069,1,Bard Boulevard,105-43,105,43,safe
16,Pine Ridge - Westminster Woods,way,1443359070,1,Bard Boulevard,105-44,105,44,safe
16,Pine Ridge - Westminster Woods,way,1443359071,1,Bard Boulevard,105-42,105,42,safe
16,Pine Ridge - Westminster Woods,way,1443359072,1,Bard Boulevard,105-41,105,41,safe
16,Pine Ridge - Westminster Woods,way,1443359073,1,Bard Boulevard,105-40,105,40,safe
16,Pine Ridge - Westminster Woods,way,1443359074,1,Bard Boulevard,105-35,105,35,safe
16,Pine Ridge - Westminster Woods,way,1443359075,1,Bard Boulevard,105-36,105,36,safe
16,Pine Ridge - Westminster Woods,way,1443359076,1,Bard Boulevard,105-37,105,37,safe
16,Pine Ridge - Westminster Woods,way,1443359077,1,Bard Boulevard,105-34,105,34,safe
16,Pine Ridge - Westminster Woods,way,1443359078,1,Bard Boulevard,105-33,105,33,safe
16,Pine Ridge - Westminster Woods,way,1443359110,1,Bard Boulevard,105-6,105,6,safe
16,Pine Ridge - Westminster Woods,way,1443359111,1,Bard Boulevard,105-5,105,5,safe
16,Pine Ridge - Westminster Woods,way,1443359112,1,Bard Boulevard,105-4,105,4,safe
16,Pine Ridge - Westminster Woods,way,1443359113,1,Bard Boulevard,105-3,105,3,safe
16,Pine Ridge - Westminster Woods,way,1443359114,1,Bard Boulevard,105-2,105,2,safe
16,Pine Ridge - Westminster Woods,way,1443359115,1,Bard Boulevard,105-13,105,13,safe
16,Pine Ridge - Westminster Woods,way,1443359116,1,Bard Boulevard,105-12,105,12,safe
16,Pine Ridge - Westminster Woods,way,1443359117,1,Bard Boulevard,105-11,105,11,safe
16,Pine Ridge - Westminster Woods,way,1443359118,1,Bard Boulevard,105-10,105,10,safe
16,Pine Ridge - Westminster Woods,way,1443359119,1,Bard Boulevard,105-9,105,9,safe
16,Pine Ridge - Westminster Woods,way,1443359120,1,Bard Boulevard,105-8,105,8,safe
16,Pine Ridge - Westminster Woods,way,1443359121,1,Bard Boulevard,105-19,105,19,safe
16,Pine Ridge - Westminster Woods,way,1443359122,1,Bard Boulevard,105-18,105,18,safe
16,Pine Ridge - Westminster Woods,way,1443359123,1,Bard Boulevard,105-17,105,17,safe
16,Pine Ridge - Westminster Woods,way,1443359124,1,Bard Boulevard,105-16,105,16,safe
16,Pine Ridge - Westminster Woods,way,1443359125,1,Bard Boulevard,105-15,105,15,safe
16,Pine Ridge - Westminster Woods,way,1443359126,1,Bard Boulevard,105-20,105,20,safe
16,Pine Ridge - Westminster Woods,way,1443359127,1,Bard Boulevard,105-21,105,21,safe
16,Pine Ridge - Westminster Woods,way,1443359128,1,Bard Boulevard,105-22,105,22,safe
16,Pine Ridge - Westminster Woods,way,1443359129,1,Bard Boulevard,105-23,105,23,safe
16,Pine Ridge - Westminster Woods,way,1443359130,1,Bard Boulevard,105-24,105,24,safe
16,Pine Ridge - Westminster Woods,way,1443359131,1,Bard Boulevard,105-31,105,31,safe
16,Pine Ridge - Westminster Woods,way,1443359132,1,Bard Boulevard,105-30,105,30,safe
16,Pine Ridge - Westminster Woods,way,1443359133,1,Bard Boulevard,105-29,105,29,safe
16,Pine Ridge - Westminster Woods,way,1443359134,1,Bard Boulevard,105-28,105,28,safe
16,Pine Ridge - Westminster Woods,way,1443359135,1,Bard Boulevard,105-27,105,27,safe
16,Pine Ridge - Westminster Woods,way,801563076,2,Bard Boulevard,105-1,105,1,safe
16,Pine Ridge - Westminster Woods,way,801563077,2,Bard Boulevard,105-7,105,7,safe
16,Pine Ridge - Westminster Woods,way,801563078,2,Bard Boulevard,105-49,105,49,safe
16,Pine Ridge - Westminster Woods,way,801563079,2,Bard Boulevard,105-45,105,45,safe
16,Pine Ridge - Westminster Woods,way,801563080,2,Bard Boulevard,105-14,105,14,safe
16,Pine Ridge - Westminster Woods,way,801563081,2,Bard Boulevard,105-25,105,25,safe
16,Pine Ridge - Westminster Woods,way,801563082,2,Bard Boulevard,105-39,105,39,safe
16,Pine Ridge - Westminster Woods,way,801563083,2,Bard Boulevard,105-38,105,38,safe
16,Pine Ridge - Westminster Woods,way,801563084,2,Bard Boulevard,105-32,105,32,safe
16,Pine Ridge - Westminster Woods,way,801563085,2,Bard Boulevard,105-26,105,26,safe
16,Pine Ridge - Westminster Woods,way,801563086,2,Bard Boulevard,105-53,105,53,safe
16,Pine Ridge - Westminster Woods,way,1443359589,1,Clairfields Drive East,151-7,151,7,safe
16,Pine Ridge - Westminster Woods,way,1443359590,1,Clairfields Drive East,151-8,151,8,safe
16,Pine Ridge - Westminster Woods,way,1443359591,1,Clairfields Drive East,151-9,151,9,safe
16,Pine Ridge - Westminster Woods,way,1443359592,1,Clairfields Drive East,151-10,151,10,safe
16,Pine Ridge - Westminster Woods,way,1443359593,1,Clairfields Drive East,151-11,151,11,safe
16,Pine Ridge - Westminster Woods,way,1443359594,1,Clairfields Drive East,151-39,151,39,safe
16,Pine Ridge - Westminster Woods,way,1443359595,1,Clairfields Drive East,151-40,151,40,safe
16,Pine Ridge - Westminster Woods,way,1443359596,1,Clairfields Drive East,151-41,151,41,safe
16,Pine Ridge - Westminster Woods,way,1443359597,1,Clairfields Drive East,151-42,151,42,safe
16,Pine Ridge - Westminster Woods,way,1443359598,1,Clairfields Drive East,151-43,151,43,safe
16,Pine Ridge - Westminster Woods,way,1443359599,1,Clairfields Drive East,151-68,151,68,safe
16,Pine Ridge - Westminster Woods,way,1443359600,1,Clairfields Drive East,151-67,151,67,safe
16,Pine Ridge - Westminster Woods,way,1443359601,1,Clairfields Drive East,151-66,151,66,safe
16,Pine Ridge - Westminster Woods,way,1443359602,1,Clairfields Drive East,151-65,151,65,safe
16,Pine Ridge - Westminster Woods,way,1443359603,1,Clairfields Drive East,151-64,151,64,safe
16,Pine Ridge - Westminster Woods,way,1443359604,1,Clairfields Drive East,151-62,151,62,safe
16,Pine Ridge - Westminster Woods,way,1443359605,1,Clairfields Drive East,151-61,151,61,safe
16,Pine Ridge - Westminster Woods,way,1443359606,1,Clairfields Drive East,151-60,151,60,safe
16,Pine Ridge - Westminster Woods,way,1443359607,1,Clairfields Drive East,151-59,151,59,safe
16,Pine Ridge - Westminster Woods,way,1443359608,1,Clairfields Drive East,151-58,151,58,safe
16,Pine Ridge - Westminster Woods,way,1443359609,1,Clairfields Drive East,151-50,151,50,safe
16,Pine Ridge - Westminster Woods,way,1443359610,1,Clairfields Drive East,151-49,151,49,safe
16,Pine Ridge - Westminster Woods,way,1443359611,1,Clairfields Drive East,151-48,151,48,safe
16,Pine Ridge - Westminster Woods,way,1443359612,1,Clairfields Drive East,151-47,151,47,safe
16,Pine Ridge - Westminster Woods,way,1443359613,1,Clairfields Drive East,151-46,151,46,safe
16,Pine Ridge - Westminster Woods,way,1443359614,1,Clairfields Drive East,151-56,151,56,safe
16,Pine Ridge - Westminster Woods,way,1443359615,1,Clairfields Drive East,151-55,151,55,safe
16,Pine Ridge - Westminster Woods,way,1443359616,1,Clairfields Drive East,151-54,151,54,safe
16,Pine Ridge - Westminster Woods,way,1443359617,1,Clairfields Drive East,151-53,151,53,safe
16,Pine Ridge - Westminster Woods,way,1443359618,1,Clairfields Drive East,151-52,151,52,safe
16,Pine Ridge - Westminster Woods,way,1443359619,1,Clairfields Drive East,151-1,151,1,safe
16,Pine Ridge - Westminster Woods,way,1443359620,1,Clairfields Drive East,151-2,151,2,safe
16,Pine Ridge - Westminster Woods,way,1443359621,1,Clairfields Drive East,151-3,151,3,safe
16,Pine Ridge - Westminster Woods,way,1443359622,1,Clairfields Drive East,151-4,151,4,safe
16,Pine Ridge - Westminster Woods,way,1443359623,1,Clairfields Drive East,151-5,151,5,safe
16,Pine Ridge - Westminster Woods,way,1443359624,1,Clairfields Drive East,151-13,151,13,safe
16,Pine Ridge - Westminster Woods,way,1443359625,1,Clairfields Drive East,151-14,151,14,safe
16,Pine Ridge - Westminster Woods,way,1443359626,1,Clairfields Drive East,151-15,151,15,safe
16,Pine Ridge - Westminster Woods,way,1443359627,1,Clairfields Drive East,151-17,151,17,safe
16,Pine Ridge - Westminster Woods,way,1443359628,1,Clairfields Drive East,151-18,151,18,safe
16,Pine Ridge - Westminster Woods,way,1443359629,1,Clairfields Drive East,151-19,151,19,safe
16,Pine Ridge - Westminster Woods,way,1443359630,1,Clairfields Drive East,151-20,151,20,safe
16,Pine Ridge - Westminster Woods,way,1443359631,1,Clairfields Drive East,151-21,151,21,safe
16,Pine Ridge - Westminster Woods,way,1443359632,1,Clairfields Drive East,151-23,151,23,safe
16,Pine Ridge - Westminster Woods,way,1443359633,1,Clairfields Drive East,151-24,151,24,safe
16,Pine Ridge - Westminster Woods,way,1443359634,1,Clairfields Drive East,151-25,151,25,safe
16,Pine Ridge - Westminster Woods,way,1443359635,1,Clairfields Drive East,151-26,151,26,safe
16,Pine Ridge - Westminster Woods,way,1443359636,1,Clairfields Drive East,151-27,151,27,safe
16,Pine Ridge - Westminster Woods,way,1443359637,1,Clairfields Drive East,151-32,151,32,safe
16,Pine Ridge - Westminster Woods,way,1443359638,1,Clairfields Drive East,151-31,151,31,safe
16,Pine Ridge - Westminster Woods,way,1443359639,1,Clairfields Drive East,151-30,151,30,safe
16,Pine Ridge - Westminster Woods,way,1443359640,1,Clairfields Drive East,151-33,151,33,safe
16,Pine Ridge - Westminster Woods,way,1443359641,1,Clairfields Drive East,151-34,151,34,safe
16,Pine Ridge - Westminster Woods,way,1443359642,1,Clairfields Drive East,151-35,151,35,safe
16,Pine Ridge - Westminster Woods,way,1443359643,1,Clairfields Drive East,151-36,151,36,safe
16,Pine Ridge - Westminster Woods,way,1443359644,1,Clairfields Drive East,151-37,151,37,safe
16,Pine Ridge - Westminster Woods,way,801563064,2,Clairfields Drive East,151-44,151,44,safe
16,Pine Ridge - Westminster Woods,way,801563065,2,Clairfields Drive East,151-45,151,45,safe
16,Pine Ridge - Westminster Woods,way,801563066,2,Clairfields Drive East,151-51,151,51,safe
16,Pine Ridge - Westminster Woods,way,801563067,2,Clairfields Drive East,151-57,151,57,safe
16,Pine Ridge - Westminster Woods,way,801563068,2,Clairfields Drive East,151-38,151,38,safe
16,Pine Ridge - Westminster Woods,way,801563069,2,Clairfields Drive East,151-29,151,29,safe
16,Pine Ridge - Westminster Woods,way,801563070,2,Clairfields Drive East,151-28,151,28,safe
16,Pine Ridge - Westminster Woods,way,801563071,2,Clairfields Drive East,151-63,151,63,safe
16,Pine Ridge - Westminster Woods,way,801563072,2,Clairfields Drive East,151-6,151,6,safe
16,Pine Ridge - Westminster Woods,way,801563073,2,Clairfields Drive East,151-12,151,12,safe
16,Pine Ridge - Westminster Woods,way,801563074,2,Clairfields Drive East,151-16,151,16,safe
16,Pine Ridge - Westminster Woods,way,801563075,2,Clairfields Drive East,151-22,151,22,safe
16,Pine Ridge - Westminster Woods,node,13244832458,1,Gordon Street,1398-U1,1398,U1,safe
16,Pine Ridge - Westminster Woods,node,13244832459,1,Gordon Street,1398-U2,1398,U2,safe
16,Pine Ridge - Westminster Woods,node,13244832460,1,Gordon Street,1398-U3,1398,U3,safe
16,Pine Ridge - Westminster Woods,node,13244832461,1,Gordon Street,1398-U4,1398,U4,safe
16,Pine Ridge - Westminster Woods,node,13244832462,1,Gordon Street,1398-U6,1398,U6,safe
16,Pine Ridge - Westminster Woods,node,13244832463,1,Gordon Street,1398-U7,1398,U7,safe
16,Pine Ridge - Westminster Woods,node,13244832464,1,Gordon Street,1460-A2,1460,A2,safe
16,Pine Ridge - Westminster Woods,node,13244832465,1,Gordon Street,1460-B2,1460,B2,safe
16,Pine Ridge - Westminster Woods,node,13244832466,1,Gordon Street,1460-A4,1460,A4,safe
16,Pine Ridge - Westminster Woods,node,13244832467,1,Gordon Street,1460-B4,1460,B4,safe
16,Pine Ridge - Westminster Woods,node,13244832468,1,Gordon Street,1460-B1,1460,B1,safe
16,Pine Ridge - Westminster Woods,node,13244832469,1,Gordon Street,1460-A3,1460,A3,safe
16,Pine Ridge - Westminster Woods,node,13244832470,1,Gordon Street,1460-B3,1460,B3,safe
16,Pine Ridge - Westminster Woods,way,1443359503,1,Gordon Street,1498-8,1498,8,safe
16,Pine Ridge - Westminster Woods,way,1443359504,1,Gordon Street,1498-7,1498,7,safe
16,Pine Ridge - Westminster Woods,way,1443359505,1,Gordon Street,1498-6,1498,6,safe
16,Pine Ridge - Westminster Woods,way,1443359506,1,Gordon Street,1498-5,1498,5,safe
16,Pine Ridge - Westminster Woods,way,1443359507,1,Gordon Street,1498-4,1498,4,safe
16,Pine Ridge - Westminster Woods,way,1443359508,1,Gordon Street,1498-3,1498,3,safe
16,Pine Ridge - Westminster Woods,way,1443359509,1,Gordon Street,1498-2,1498,2,safe
16,Pine Ridge - Westminster Woods,way,1443359510,1,Gordon Street,1498-14,1498,14,safe
16,Pine Ridge - Westminster Woods,way,1443359511,1,Gordon Street,1498-11,1498,11,safe
16,Pine Ridge - Westminster Woods,way,1443359512,1,Gordon Street,1498-9,1498,9,safe
16,Pine Ridge - Westminster Woods,way,1443359513,1,Gordon Street,1498-13,1498,13,safe
16,Pine Ridge - Westminster Woods,way,1443359514,1,Gordon Street,1498-10,1498,10,safe
16,Pine Ridge - Westminster Woods,way,1443359515,1,Gordon Street,1498-21,1498,21,safe
16,Pine Ridge - Westminster Woods,way,1443359516,1,Gordon Street,1498-20,1498,20,safe
16,Pine Ridge - Westminster Woods,way,1443359517,1,Gordon Street,1498-19,1498,19,safe
16,Pine Ridge - Westminster Woods,way,1443359518,1,Gordon Street,1498-18,1498,18,safe
16,Pine Ridge - Westminster Woods,way,1443359519,1,Gordon Street,1498-17,1498,17,safe
16,Pine Ridge - Westminster Woods,way,1443359520,1,Gordon Street,1498-16,1498,16,safe
16,Pine Ridge - Westminster Woods,way,1443359521,1,Gordon Street,1498-28,1498,28,safe
16,Pine Ridge - Westminster Woods,way,1443359522,1,Gordon Street,1498-27,1498,27,safe
16,Pine Ridge - Westminster Woods,way,1443359523,1,Gordon Street,1498-26,1498,26,safe
16,Pine Ridge - Westminster Woods,way,1443359524,1,Gordon Street,1498-25,1498,25,safe
16,Pine Ridge - Westminster Woods,way,1443359525,1,Gordon Street,1498-24,1498,24,safe
16,Pine Ridge - Westminster Woods,way,1443359526,1,Gordon Street,1498-23,1498,23,safe
16,Pine Ridge - Westminster Woods,way,801657262,2,Gordon Street,1498-22,1498,22,safe
16,Pine Ridge - Westminster Woods,way,801657263,2,Gordon Street,1498-15,1498,15,safe
17,Pine Ridge - Westminster Woods,way,801657264,2,Gordon Street,1498-1,1498,1,safe
17,Pine Ridge - Westminster Woods,way,801657265,2,Gordon Street,1498-12,1498,12,safe
17,Pine Ridge - Westminster Woods,way,1443359457,1,Gordon Street,1550-1,1550,1,safe
17,Pine Ridge - Westminster Woods,way,1443359458,1,Gordon Street,1550-3,1550,3,safe
17,Pine Ridge - Westminster Woods,way,1443359459,1,Gordon Street,1550-4,1550,4,safe
17,Pine Ridge - Westminster Woods,way,1443359460,1,Gordon Street,1550-6,1550,6,safe
17,Pine Ridge - Westminster Woods,way,1443359461,1,Gordon Street,1550-7,1550,7,safe
17,Pine Ridge - Westminster Woods,way,1443359462,1,Gordon Street,1550-8,1550,8,safe
17,Pine Ridge - Westminster Woods,way,1443359463,1,Gordon Street,1550-10,1550,10,safe
17,Pine Ridge - Westminster Woods,way,1443359464,1,Gordon Street,1550-11,1550,11,safe
17,Pine Ridge - Westminster Woods,way,1443359465,1,Gordon Street,1550-12,1550,12,safe
17,Pine Ridge - Westminster Woods,way,1443359466,1,Gordon Street,1550-24,1550,24,safe
17,Pine Ridge - Westminster Woods,way,1443359467,1,Gordon Street,1550-23,1550,23,safe
17,Pine Ridge - Westminster Woods,way,1443359468,1,Gordon Street,1550-22,1550,22,safe
17,Pine Ridge - Westminster Woods,way,1443359469,1,Gordon Street,1550-36,1550,36,safe
17,Pine Ridge - Westminster Woods,way,1443359470,1,Gordon Street,1550-35,1550,35,safe
17,Pine Ridge - Westminster Woods,way,1443359471,1,Gordon Street,1550-34,1550,34,safe
17,Pine Ridge - Westminster Woods,way,1443359472,1,Gordon Street,1550-28,1550,28,safe
17,Pine Ridge - Westminster Woods,way,1443359473,1,Gordon Street,1550-27,1550,27,safe
17,Pine Ridge - Westminster Woods,way,1443359474,1,Gordon Street,1550-26,1550,26,safe
17,Pine Ridge - Westminster Woods,way,1443359475,1,Gordon Street,1550-30,1550,30,safe
17,Pine Ridge - Westminster Woods,way,1443359476,1,Gordon Street,1550-31,1550,31,safe
17,Pine Ridge - Westminster Woods,way,1443359477,1,Gordon Street,1550-32,1550,32,safe
17,Pine Ridge - Westminster Woods,way,1443359478,1,Gordon Street,1550-17,1550,17,safe
17,Pine Ridge - Westminster Woods,way,1443359479,1,Gordon Street,1550-14,1550,14,safe
17,Pine Ridge - Westminster Woods,way,1443359480,1,Gordon Street,1550-15,1550,15,safe
17,Pine Ridge - Westminster Woods,way,1443359481,1,Gordon Street,1550-18,1550,18,safe
17,Pine Ridge - Westminster Woods,way,1443359482,1,Gordon Street,1550-19,1550,19,safe
17,Pine Ridge - Westminster Woods,way,1443359483,1,Gordon Street,1550-20,1550,20,safe
17,Pine Ridge - Westminster Woods,way,1443359484,1,Gordon Street,1550-38,1550,38,safe
17,Pine Ridge - Westminster Woods,way,1443359485,1,Gordon Street,1550-39,1550,39,safe
17,Pine Ridge - Westminster Woods,way,1443359486,1,Gordon Street,1550-44,1550,44,safe
17,Pine Ridge - Westminster Woods,way,1443359487,1,Gordon Street,1550-43,1550,43,safe
17,Pine Ridge - Westminster Woods,way,1443359488,1,Gordon Street,1550-42,1550,42,safe
17,Pine Ridge - Westminster Woods,way,1443359489,1,Gordon Street,1550-45,1550,45,safe
17,Pine Ridge - Westminster Woods,way,1443359490,1,Gordon Street,1550-46,1550,46,safe
17,Pine Ridge - Westminster Woods,way,801557428,2,Gordon Street,1550-37,1550,37,safe
17,Pine Ridge - Westminster Woods,way,801557429,2,Gordon Street,1550-33,1550,33,safe
17,Pine Ridge - Westminster Woods,way,801557430,2,Gordon Street,1550-29,1550,29,safe
17,Pine Ridge - Westminster Woods,way,801557431,2,Gordon Street,1550-47,1550,47,safe
17,Pine Ridge - Westminster Woods,way,801557432,2,Gordon Street,1550-41,1550,41,safe
17,Pine Ridge - Westminster Woods,way,801557433,2,Gordon Street,1550-40,1550,40,safe
17,Pine Ridge - Westminster Woods,way,801557434,2,Gordon Street,1550-2,1550,2,safe
17,Pine Ridge - Westminster Woods,way,801557435,2,Gordon Street,1550-5,1550,5,safe
17,Pine Ridge - Westminster Woods,way,801557436,2,Gordon Street,1550-9,1550,9,safe
17,Pine Ridge - Westminster Woods,way,801557437,2,Gordon Street,1550-16,1550,16,safe
17,Pine Ridge - Westminster Woods,way,801557438,2,Gordon Street,1550-21,1550,21,safe
17,Pine Ridge - Westminster Woods,way,801557439,2,Gordon Street,1550-25,1550,25,safe
17,Pine Ridge - Westminster Woods,way,1443359491,1,Lowes Road East,24-1,24,1,safe
17,Pine Ridge - Westminster Woods,way,1443359492,1,Lowes Road East,24-3,24,3,safe
17,Pine Ridge - Westminster Woods,way,1443359493,1,Lowes Road East,24-4,24,4,safe
17,Pine Ridge - Westminster Woods,way,1443359496,1,Lowes Road East,24-5,24,5,safe
17,Pine Ridge - Westminster Woods,way,1443359497,1,Lowes Road East,24-6,24,6,safe
17,Pine Ridge - Westminster Woods,way,1443359498,1,Lowes Road East,24-7,24,7,safe
17,Pine Ridge - Westminster Woods,way,1443359499,1,Lowes Road East,24-8,24,8,safe
17,Pine Ridge - Westminster Woods,way,1443359500,1,Lowes Road East,24-10,24,10,safe
17,Pine Ridge - Westminster Woods,way,1443359501,1,Lowes Road East,24-11,24,11,safe
17,Pine Ridge - Westminster Woods,way,1443359502,1,Lowes Road East,24-12,24,12,safe
17,Pine Ridge - Westminster Woods,way,801657266,2,Lowes Road East,24-13,24,13,safe
17,Pine Ridge - Westminster Woods,way,801657267,2,Lowes Road East,24-9,24,9,safe
17,Pine Ridge - Westminster Woods,way,801657268,2,Lowes Road East,24-2,24,2,safe
17,Pine Ridge - Westminster Woods,way,1443359079,1,Summerfield Drive,254-25,254,25,safe
17,Pine Ridge - Westminster Woods,way,1443359080,1,Summerfield Drive,254-26,254,26,safe
17,Pine Ridge - Westminster Woods,way,1443359081,1,Summerfield Drive,254-23,254,23,safe
17,Pine Ridge - Westminster Woods,way,1443359082,1,Summerfield Drive,254-22,254,22,safe
17,Pine Ridge - Westminster Woods,way,1443359083,1,Summerfield Drive,254-20,254,20,safe
17,Pine Ridge - Westminster Woods,way,1443359084,1,Summerfield Drive,254-19,254,19,safe
17,Pine Ridge - Westminster Woods,way,1443359085,1,Summerfield Drive,254-18,254,18,safe
17,Pine Ridge - Westminster Woods,way,1443359086,1,Summerfield Drive,254-42,254,42,safe
17,Pine Ridge - Westminster Woods,way,1443359087,1,Summerfield Drive,254-40,254,40,safe
17,Pine Ridge - Westminster Woods,way,1443359088,1,Summerfield Drive,254-39,254,39,safe
17,Pine Ridge - Westminster Woods,way,1443359089,1,Summerfield Drive,254-38,254,38,safe
17,Pine Ridge - Westminster Woods,way,1443359090,1,Summerfield Drive,254-37,254,37,safe
17,Pine Ridge - Westminster Woods,way,1443359091,1,Summerfield Drive,254-35,254,35,safe
17,Pine Ridge - Westminster Woods,way,1443359092,1,Summerfield Drive,254-33,254,33,safe
17,Pine Ridge - Westminster Woods,way,1443359093,1,Summerfield Drive,254-32,254,32,safe
17,Pine Ridge - Westminster Woods,way,1443359094,1,Summerfield Drive,254-31,254,31,safe
17,Pine Ridge - Westminster Woods,way,1443359095,1,Summerfield Drive,254-16,254,16,safe
17,Pine Ridge - Westminster Woods,way,1443359096,1,Summerfield Drive,254-14,254,14,safe
17,Pine Ridge - Westminster Woods,way,1443359097,1,Summerfield Drive,254-13,254,13,safe
17,Pine Ridge - Westminster Woods,way,1443359098,1,Summerfield Drive,254-11,254,11,safe
17,Pine Ridge - Westminster Woods,way,1443359099,1,Summerfield Drive,254-10,254,10,safe
17,Pine Ridge - Westminster Woods,way,1443359100,1,Summerfield Drive,254-9,254,9,safe
17,Pine Ridge - Westminster Woods,way,1443359101,1,Summerfield Drive,254-8,254,8,safe
17,Pine Ridge - Westminster Woods,way,1443359102,1,Summerfield Drive,254-6,254,6,safe
17,Pine Ridge - Westminster Woods,way,1443359103,1,Summerfield Drive,254-5,254,5,safe
17,Pine Ridge - Westminster Woods,way,1443359104,1,Summerfield Drive,254-4,254,4,safe
17,Pine Ridge - Westminster Woods,way,1443359105,1,Summerfield Drive,254-2,254,2,safe
17,Pine Ridge - Westminster Woods,way,1443359106,1,Summerfield Drive,254-1,254,1,safe
17,Pine Ridge - Westminster Woods,way,1443359107,1,Summerfield Drive,254-27,254,27,safe
17,Pine Ridge - Westminster Woods,way,1443359108,1,Summerfield Drive,254-28,254,28,safe
17,Pine Ridge - Westminster Woods,way,1443359109,1,Summerfield Drive,254-29,254,29,safe
17,Pine Ridge - Westminster Woods,way,801563087,2,Summerfield Drive,254-17,254,17,safe
17,Pine Ridge - Westminster Woods,way,801563088,2,Summerfield Drive,254-21,254,21,safe
17,Pine Ridge - Westminster Woods,way,801563089,2,Summerfield Drive,254-24,254,24,safe
17,Pine Ridge - Westminster Woods,way,801563090,2,Summerfield Drive,254-30,254,30,safe
17,Pine Ridge - Westminster Woods,way,801563091,2,Summerfield Drive,254-15,254,15,safe
17,Pine Ridge - Westminster Woods,way,801563092,2,Summerfield Drive,254-34,254,34,safe
17,Pine Ridge - Westminster Woods,way,801563093,2,Summerfield Drive,254-12,254,12,safe
17,Pine Ridge - Westminster Woods,way,801563094,2,Summerfield Drive,254-7,254,7,safe
17,Pine Ridge - Westminster Woods,way,801563095,2,Summerfield Drive,254-36,254,36,safe
17,Pine Ridge - Westminster Woods,way,801563096,2,Summerfield Drive,254-41,254,41,safe
17,Pine Ridge - Westminster Woods,way,801563097,2,Summerfield Drive,254-3,254,3,safe
17,Pine Ridge - Westminster Woods,way,1443359163,1,Summerfield Drive,255-15,255,15,safe
17,Pine Ridge - Westminster Woods,way,1443359164,1,Summerfield Drive,255-11,255,11,safe
17,Pine Ridge - Westminster Woods,way,1443359165,1,Summerfield Drive,255-8,255,8,safe
17,Pine Ridge - Westminster Woods,way,1443359166,1,Summerfield Drive,255-12,255,12,safe
17,Pine Ridge - Westminster Woods,way,1443359167,1,Summerfield Drive,255-14,255,14,safe
17,Pine Ridge - Westminster Woods,way,1443359168,1,Summerfield Drive,255-18,255,18,safe
17,Pine Ridge - Westminster Woods,way,1443359169,1,Summerfield Drive,255-20,255,20,safe
17,Pine Ridge - Westminster Woods,way,1443359170,1,Summerfield Drive,255-24,255,24,safe
17,Pine Ridge - Westminster Woods,way,1443359171,1,Summerfield Drive,255-2,255,2,safe
17,Pine Ridge - Westminster Woods,way,1443359172,1,Summerfield Drive,255-4,255,4,safe
17,Pine Ridge - Westminster Woods,way,1443359173,1,Summerfield Drive,255-32,255,32,safe
17,Pine Ridge - Westminster Woods,way,1443359174,1,Summerfield Drive,255-30,255,30,safe
17,Pine Ridge - Westminster Woods,way,1443359175,1,Summerfield Drive,255-28,255,28,safe
17,Pine Ridge - Westminster Woods,way,1443359176,1,Summerfield Drive,255-40,255,40,safe
17,Pine Ridge - Westminster Woods,way,1443359177,1,Summerfield Drive,255-38,255,38,safe
17,Pine Ridge - Westminster Woods,way,1443359178,1,Summerfield Drive,255-36,255,36,safe
17,Pine Ridge - Westminster Woods,way,1443359763,1,Summerfield Drive,255-7,255,7,safe
17,Pine Ridge - Westminster Woods,way,1443359764,1,Summerfield Drive,255-5,255,5,safe
17,Pine Ridge - Westminster Woods,way,1443359765,1,Summerfield Drive,255-3,255,3,safe
17,Pine Ridge - Westminster Woods,way,1443359766,1,Summerfield Drive,255-21,255,21,safe
17,Pine Ridge - Westminster Woods,way,1443359767,1,Summerfield Drive,255-19,255,19,safe
17,Pine Ridge - Westminster Woods,way,1443359768,1,Summerfield Drive,255-23,255,23,safe
17,Pine Ridge - Westminster Woods,way,1443359769,1,Summerfield Drive,255-25,255,25,safe
17,Pine Ridge - Westminster Woods,way,801563101,2,Summerfield Drive,255-1,255,1,safe
17,Pine Ridge - Westminster Woods,way,801563102,2,Summerfield Drive,255-9,255,9,safe
17,Pine Ridge - Westminster Woods,way,801563103,2,Summerfield Drive,255-17,255,17,safe
17,Pine Ridge - Westminster Woods,way,801563104,2,Summerfield Drive,255-27,255,27,safe
17,Pine Ridge - Westminster Woods,way,801563105,2,Summerfield Drive,255-6,255,6,safe
17,Pine Ridge - Westminster Woods,way,801563106,2,Summerfield Drive,255-10,255,10,safe
17,Pine Ridge - Westminster Woods,way,801563107,2,Summerfield Drive,255-16,255,16,safe
17,Pine Ridge - Westminster Woods,way,801563108,2,Summerfield Drive,255-22,255,22,safe
17,Pine Ridge - Westminster Woods,way,801563109,2,Summerfield Drive,255-26,255,26,safe
17,Pine Ridge - Westminster Woods,way,801563110,2,Summerfield Drive,255-34,255,34,safe
18,Hales Barton,way,1443819744,2,Amos Drive,14-17,14,17,safe
18,Hales Barton,way,1443819745,2,Amos Drive,14-18,14,18,safe
18,Hales Barton,way,1443819746,2,Amos Drive,14-19,14,19,safe
18,Hales Barton,way,1443819747,2,Amos Drive,14-20,14,20,safe
18,Hales Barton,way,1443819748,2,Amos Drive,14-21,14,21,safe
18,Hales Barton,way,1443819749,2,Amos Drive,14-11,14,11,safe
18,Hales Barton,way,1443819750,2,Amos Drive,14-12,14,12,safe
18,Hales Barton,way,1443819751,2,Amos Drive,14-13,14,13,safe
18,Hales Barton,way,1443819753,2,Amos Drive,14-15,14,15,safe
18,Hales Barton,way,1443819754,2,Amos Drive,14-5,14,5,safe
18,Hales Barton,way,1443819755,2,Amos Drive,14-7,14,7,safe
18,Hales Barton,way,1443819756,2,Amos Drive,14-8,14,8,safe
18,Hales Barton,way,1443819757,2,Amos Drive,14-9,14,9,safe
18,Hales Barton,way,1443819758,2,Amos Drive,14-10,14,10,safe
18,Hales Barton,way,1443819760,2,Amos Drive,14-28,14,28,safe
18,Hales Barton,way,1443819761,2,Amos Drive,14-30,14,30,safe
18,Hales Barton,way,1443819762,2,Amos Drive,14-33,14,33,safe
18,Hales Barton,way,1443819763,2,Amos Drive,14-32,14,32,safe
18,Hales Barton,way,1443819764,2,Amos Drive,14-29,14,29,safe
18,Hales Barton,way,1443819771,2,Amos Drive,14-1,14,1,safe
18,Hales Barton,way,1443819772,2,Amos Drive,14-3,14,3,safe
18,Hales Barton,way,1443819773,2,Amos Drive,14-4,14,4,safe
18,Hales Barton,way,1443819790,2,Amos Drive,14-26,14,26,safe
18,Hales Barton,way,1443819791,2,Amos Drive,14-25,14,25,safe
18,Hales Barton,way,1443819792,2,Amos Drive,14-24,14,24,safe
18,Hales Barton,way,1443819793,2,Amos Drive,14-23,14,23,safe
18,Hales Barton,way,960901199,3,Amos Drive,14-2,14,2,safe
18,Hales Barton,way,960901200,3,Amos Drive,14-6,14,6,safe
18,Hales Barton,way,960901201,3,Amos Drive,14-31,14,31,safe
18,Hales Barton,way,960901213,3,Amos Drive,14-27,14,27,safe
18,Hales Barton,way,960901214,3,Amos Drive,14-16,14,16,safe
18,Hales Barton,way,960901215,3,Amos Drive,14-22,14,22,safe
18,Hales Barton,way,1443819759,2,Amos Drive,9-3,9,3,safe
18,Hales Barton,way,1443819765,2,Amos Drive,9-5,9,5,safe
18,Hales Barton,way,1443819766,2,Amos Drive,9-2,9,2,safe
18,Hales Barton,way,1443819767,2,Amos Drive,9-1,9,1,safe
18,Hales Barton,way,1443819768,2,Amos Drive,9-6,9,6,safe
18,Hales Barton,way,1443819769,2,Amos Drive,9-8,9,8,safe
18,Hales Barton,way,1443819807,2,Amos Drive,9-20,9,20,safe
18,Hales Barton,way,1443819808,2,Amos Drive,9-18,9,18,safe
18,Hales Barton,way,1443819809,2,Amos Drive,9-17,9,17,safe
18,Hales Barton,way,1443819810,2,Amos Drive,9-16,9,16,safe
18,Hales Barton,way,1443819811,2,Amos Drive,9-15,9,15,safe
18,Hales Barton,way,1443819812,2,Amos Drive,9-14,9,14,safe
18,Hales Barton,way,1443819813,2,Amos Drive,9-12,9,12,safe
18,Hales Barton,way,1443819814,2,Amos Drive,9-11,9,11,safe
18,Hales Barton,way,1443819815,2,Amos Drive,9-10,9,10,safe
18,Hales Barton,way,960901202,3,Amos Drive,9-13,9,13,safe
18,Hales Barton,way,960901204,3,Amos Drive,9-7,9,7,safe
18,Hales Barton,way,960901208,3,Amos Drive,9-4,9,4,safe
18,Hales Barton,way,960901211,3,Amos Drive,9-19,9,19,safe
18,Hales Barton,way,1283416470,3,Arkell Road,60-105,60,105,safe
18,Hales Barton,way,1283416479,3,Arkell Road,60-106,60,106,safe
18,Hales Barton,way,1283416482,3,Arkell Road,60-116,60,116,safe
18,Hales Barton,way,1283416483,3,Arkell Road,60-13,60,13,safe
18,Hales Barton,way,1443819667,2,Arkell Road,60-1,60,1,safe
18,Hales Barton,way,1443819668,2,Arkell Road,60-3,60,3,safe
18,Hales Barton,way,1443819669,2,Arkell Road,60-5,60,5,safe
18,Hales Barton,way,1443819670,2,Arkell Road,60-7,60,7,safe
18,Hales Barton,way,1443819671,2,Arkell Road,60-9,60,9,safe
18,Hales Barton,way,1443819672,2,Arkell Road,60-11,60,11,safe
18,Hales Barton,way,1443819673,2,Arkell Road,60-41,60,41,safe
18,Hales Barton,way,1443819674,2,Arkell Road,60-39,60,39,safe
18,Hales Barton,way,1443819675,2,Arkell Road,60-37,60,37,safe
18,Hales Barton,way,1443819676,2,Arkell Road,60-35,60,35,safe
18,Hales Barton,way,1443819677,2,Arkell Road,60-33,60,33,safe
18,Hales Barton,way,1443819678,2,Arkell Road,60-31,60,31,safe
18,Hales Barton,way,1443819679,2,Arkell Road,60-27,60,27,safe
18,Hales Barton,way,1443819680,2,Arkell Road,60-25,60,25,safe
18,Hales Barton,way,1443819681,2,Arkell Road,60-23,60,23,safe
18,Hales Barton,way,1443819682,2,Arkell Road,60-21,60,21,safe
18,Hales Barton,way,1443819683,2,Arkell Road,60-19,60,19,safe
18,Hales Barton,way,1443819684,2,Arkell Road,60-17,60,17,safe
18,Hales Barton,way,1443819685,2,Arkell Road,60-103,60,103,safe
18,Hales Barton,way,1443819686,2,Arkell Road,60-101,60,101,safe
18,Hales Barton,way,1443819687,2,Arkell Road,60-99,60,99,safe
18,Hales Barton,way,1443819688,2,Arkell Road,60-97,60,97,safe
18,Hales Barton,way,1443819689,2,Arkell Road,60-95,60,95,safe
18,Hales Barton,way,1443819690,2,Arkell Road,60-114,60,114,safe
18,Hales Barton,way,1443819691,2,Arkell Road,60-112,60,112,safe
18,Hales Barton,way,1443819692,2,Arkell Road,60-110,60,110,safe
18,Hales Barton,way,1443819693,2,Arkell Road,60-108,60,108,safe
18,Hales Barton,way,1443819694,2,Arkell Road,60-124,60,124,safe
18,Hales Barton,way,1443819695,2,Arkell Road,60-122,60,122,safe
18,Hales Barton,way,1443819696,2,Arkell Road,60-120,60,120,safe
18,Hales Barton,way,1443819697,2,Arkell Road,60-118,60,118,safe
18,Hales Barton,way,1443819698,2,Arkell Road,60-10,60,10,safe
18,Hales Barton,way,1443819699,2,Arkell Road,60-8,60,8,safe
18,Hales Barton,way,1443819700,2,Arkell Road,60-6,60,6,safe
18,Hales Barton,way,1443819701,2,Arkell Road,60-4,60,4,safe
18,Hales Barton,way,1443819702,2,Arkell Road,60-20,60,20,safe
18,Hales Barton,way,1443819703,2,Arkell Road,60-18,60,18,safe
18,Hales Barton,way,1443819704,2,Arkell Road,60-16,60,16,safe
18,Hales Barton,way,1443819705,2,Arkell Road,60-14,60,14,safe
18,Hales Barton,way,1443819706,2,Arkell Road,60-30,60,30,safe
18,Hales Barton,way,1443819707,2,Arkell Road,60-28,60,28,safe
18,Hales Barton,way,1443819708,2,Arkell Road,60-26,60,26,safe
18,Hales Barton,way,1443819709,2,Arkell Road,60-24,60,24,safe
18,Hales Barton,way,1443819710,2,Arkell Road,60-44,60,44,safe
18,Hales Barton,way,1443819711,2,Arkell Road,60-42,60,42,safe
18,Hales Barton,way,1443819712,2,Arkell Road,60-40,60,40,safe
18,Hales Barton,way,1443819713,2,Arkell Road,60-38,60,38,safe
18,Hales Barton,way,1443819714,2,Arkell Road,60-36,60,36,safe
18,Hales Barton,way,1443819715,2,Arkell Road,60-34,60,34,safe
18,Hales Barton,way,1443819716,2,Arkell Road,60-80,60,80,safe
18,Hales Barton,way,1443819717,2,Arkell Road,60-82,60,82,safe
18,Hales Barton,way,1443819718,2,Arkell Road,60-84,60,84,safe
18,Hales Barton,way,1443819719,2,Arkell Road,60-86,60,86,safe
18,Hales Barton,way,1443819720,2,Arkell Road,60-88,60,88,safe
18,Hales Barton,way,1443819721,2,Arkell Road,60-90,60,90,safe
18,Hales Barton,way,1443819722,2,Arkell Road,60-94,60,94,safe
18,Hales Barton,way,1443819723,2,Arkell Road,60-96,60,96,safe
18,Hales Barton,way,1443819724,2,Arkell Road,60-98,60,98,safe
18,Hales Barton,way,1443819725,2,Arkell Road,60-100,60,100,safe
18,Hales Barton,way,1443819726,2,Arkell Road,60-102,60,102,safe
18,Hales Barton,way,1443819727,2,Arkell Road,60-81,60,81,safe
18,Hales Barton,way,1443819728,2,Arkell Road,60-83,60,83,safe
18,Hales Barton,way,1443819729,2,Arkell Road,60-85,60,85,safe
18,Hales Barton,way,1443819730,2,Arkell Road,60-87,60,87,safe
18,Hales Barton,way,1443819731,2,Arkell Road,60-89,60,89,safe
18,Hales Barton,way,1443819732,2,Arkell Road,60-91,60,91,safe
18,Hales Barton,way,1443819733,2,Arkell Road,60-75,60,75,safe
18,Hales Barton,way,1443819734,2,Arkell Road,60-73,60,73,safe
18,Hales Barton,way,1443819735,2,Arkell Road,60-71,60,71,safe
18,Hales Barton,way,1443819736,2,Arkell Road,60-67,60,67,safe
18,Hales Barton,way,1443819737,2,Arkell Road,60-65,60,65,safe
18,Hales Barton,way,1443819738,2,Arkell Road,60-63,60,63,safe
18,Hales Barton,way,1443819739,2,Arkell Road,60-61,60,61,safe
18,Hales Barton,way,1443819740,2,Arkell Road,60-57,60,57,safe
18,Hales Barton,way,1443819741,2,Arkell Road,60-55,60,55,safe
18,Hales Barton,way,1443819742,2,Arkell Road,60-53,60,53,safe
18,Hales Barton,way,1443819743,2,Arkell Road,60-51,60,51,safe
18,Hales Barton,way,499045986,3,Arkell Road,60-15,60,15,safe
18,Hales Barton,way,801654284,3,Arkell Road,60-32,60,32,safe
18,Hales Barton,way,801654285,3,Arkell Road,60-22,60,22,safe
18,Hales Barton,way,801654286,3,Arkell Road,60-12,60,12,safe
18,Hales Barton,way,801654287,3,Arkell Road,60-2,60,2,safe
18,Hales Barton,way,801654288,3,Arkell Road,60-104,60,104,safe
18,Hales Barton,way,801654289,3,Arkell Road,60-92,60,92,safe
18,Hales Barton,way,801654290,3,Arkell Road,60-93,60,93,safe
18,Hales Barton,way,801654291,3,Arkell Road,60-69,60,69,safe
18,Hales Barton,way,801654292,3,Arkell Road,60-59,60,59,safe
18,Hales Barton,way,801654293,3,Arkell Road,60-49,60,49,safe
18,Hales Barton,way,801654294,3,Arkell Road,60-29,60,29,safe
18,Hales Barton,node,13248883960,1,Decorso Drive,88-98,88,98,safe
18,Hales Barton,node,13248883961,1,Decorso Drive,88-97,88,97,safe
18,Hales Barton,node,13248883962,1,Decorso Drive,88-96,88,96,safe
18,Hales Barton,node,13248883963,1,Decorso Drive,88-95,88,95,safe
18,Hales Barton,node,13248883964,1,Decorso Drive,88-94,88,94,safe
18,Hales Barton,node,13248883965,1,Decorso Drive,88-93,88,93,safe
18,Hales Barton,node,13248883966,1,Decorso Drive,88-92,88,92,safe
18,Hales Barton,node,13248883967,1,Decorso Drive,88-91,88,91,safe
18,Hales Barton,node,13248883968,1,Decorso Drive,88-90,88,90,safe
18,Hales Barton,node,13248883969,1,Decorso Drive,88-89,88,89,safe
18,Hales Barton,node,13248883971,1,Decorso Drive,88-87,88,87,safe
18,Hales Barton,node,13248883972,1,Decorso Drive,88-86,88,86,safe
18,Hales Barton,node,13248883973,1,Decorso Drive,88-85,88,85,safe
18,Hales Barton,node,13248883974,1,Decorso Drive,88-84,88,84,safe
18,Hales Barton,node,13248883975,1,Decorso Drive,88-83,88,83,safe
18,Hales Barton,node,13248883976,1,Decorso Drive,88-82,88,82,safe
18,Hales Barton,node,13248883977,1,Decorso Drive,88-81,88,81,safe
18,Hales Barton,node,13248883978,1,Decorso Drive,88-80,88,80,safe
18,Hales Barton,node,13248883979,1,Decorso Drive,88-79,88,79,safe
18,Hales Barton,node,13248883980,1,Decorso Drive,88-78,88,78,safe
18,Hales Barton,node,13248883981,1,Decorso Drive,88-77,88,77,safe
18,Hales Barton,node,13248883982,1,Decorso Drive,88-45,88,45,safe
18,Hales Barton,node,13248883983,1,Decorso Drive,88-44,88,44,safe
18,Hales Barton,node,13248883984,1,Decorso Drive,88-43,88,43,safe
18,Hales Barton,node,13248883985,1,Decorso Drive,88-42,88,42,safe
18,Hales Barton,node,13248883986,1,Decorso Drive,88-41,88,41,safe
18,Hales Barton,node,13248883987,1,Decorso Drive,88-40,88,40,safe
18,Hales Barton,node,13248883988,1,Decorso Drive,88-39,88,39,safe
18,Hales Barton,node,13248883989,1,Decorso Drive,88-38,88,38,safe
18,Hales Barton,node,13248883990,1,Decorso Drive,88-37,88,37,safe
18,Hales Barton,node,13248883991,1,Decorso Drive,88-36,88,36,safe
18,Hales Barton,node,13248883992,1,Decorso Drive,88-35,88,35,safe
18,Hales Barton,node,13248883993,1,Decorso Drive,88-34,88,34,safe
18,Hales Barton,node,13248883994,1,Decorso Drive,88-33,88,33,safe
18,Hales Barton,node,13248883995,1,Decorso Drive,88-32,88,32,safe
18,Hales Barton,node,13248883996,1,Decorso Drive,88-31,88,31,safe
18,Hales Barton,node,13248883997,1,Decorso Drive,88-30,88,30,safe
18,Hales Barton,node,13248883998,1,Decorso Drive,88-29,88,29,safe
18,Hales Barton,node,13248883999,1,Decorso Drive,88-28,88,28,safe
18,Hales Barton,node,13248884000,1,Decorso Drive,88-27,88,27,safe
18,Hales Barton,node,13248884001,1,Decorso Drive,88-26,88,26,safe
18,Hales Barton,node,13248884002,1,Decorso Drive,88-25,88,25,safe
18,Hales Barton,node,13248884003,1,Decorso Drive,88-24,88,24,safe
18,Hales Barton,node,13248884004,1,Decorso Drive,88-23,88,23,safe
18,Hales Barton,node,13248884005,1,Decorso Drive,88-22,88,22,safe
18,Hales Barton,node,13248884006,1,Decorso Drive,88-21,88,21,safe
18,Hales Barton,node,13248884007,1,Decorso Drive,88-20,88,20,safe
18,Hales Barton,node,13248884008,1,Decorso Drive,88-19,88,19,safe
18,Hales Barton,node,13248884009,1,Decorso Drive,88-18,88,18,safe
18,Hales Barton,node,13248884010,1,Decorso Drive,88-17,88,17,safe
18,Hales Barton,node,13248884011,1,Decorso Drive,88-16,88,16,safe
18,Hales Barton,node,13248884012,1,Decorso Drive,88-15,88,15,safe
18,Hales Barton,node,13248884013,1,Decorso Drive,88-14,88,14,safe
18,Hales Barton,node,13248884014,1,Decorso Drive,88-13,88,13,safe
18,Hales Barton,node,13248884015,1,Decorso Drive,88-12,88,12,safe
18,Hales Barton,node,13248884016,1,Decorso Drive,88-11,88,11,safe
18,Hales Barton,node,13248884017,1,Decorso Drive,88-10,88,10,safe
18,Hales Barton,node,13248884018,1,Decorso Drive,88-9,88,9,safe
18,Hales Barton,node,13248884019,1,Decorso Drive,88-8,88,8,safe
18,Hales Barton,node,13248884020,1,Decorso Drive,88-7,88,7,safe
18,Hales Barton,node,13248884021,1,Decorso Drive,88-6,88,6,safe
18,Hales Barton,way,1443819816,1,Decorso Drive,88-70,88,70,safe
18,Hales Barton,way,1443819817,1,Decorso Drive,88-71,88,71,safe
18,Hales Barton,way,1443819818,1,Decorso Drive,88-73,88,73,safe
18,Hales Barton,way,1443819819,1,Decorso Drive,88-75,88,75,safe
18,Hales Barton,way,1443819820,1,Decorso Drive,88-74,88,74,safe
18,Hales Barton,way,1443819821,1,Decorso Drive,88-5,88,5,safe
18,Hales Barton,way,1443819822,1,Decorso Drive,88-3,88,3,safe
18,Hales Barton,way,1443819823,1,Decorso Drive,88-2,88,2,safe
18,Hales Barton,way,1443819824,1,Decorso Drive,88-1,88,1,safe
18,Hales Barton,way,1443819825,1,Decorso Drive,88-58,88,58,safe
18,Hales Barton,way,1443819826,1,Decorso Drive,88-60,88,60,safe
18,Hales Barton,way,1443819827,1,Decorso Drive,88-61,88,61,safe
18,Hales Barton,way,1443819828,1,Decorso Drive,88-62,88,62,safe
18,Hales Barton,way,1443819829,1,Decorso Drive,88-63,88,63,safe
18,Hales Barton,way,1443819830,1,Decorso Drive,88-64,88,64,safe
18,Hales Barton,way,1443819831,1,Decorso Drive,88-66,88,66,safe
18,Hales Barton,way,1443819832,1,Decorso Drive,88-67,88,67,safe
18,Hales Barton,way,1443819833,1,Decorso Drive,88-68,88,68,safe
18,Hales Barton,way,1443819834,1,Decorso Drive,88-69,88,69,safe
18,Hales Barton,way,1443819835,1,Decorso Drive,88-57,88,57,safe
18,Hales Barton,way,1443819836,1,Decorso Drive,88-55,88,55,safe
18,Hales Barton,way,1443819837,1,Decorso Drive,88-54,88,54,safe
18,Hales Barton,way,1443819838,1,Decorso Drive,88-53,88,53,safe
18,Hales Barton,way,1443819839,1,Decorso Drive,88-52,88,52,safe
18,Hales Barton,way,1443819840,1,Decorso Drive,88-51,88,51,safe
18,Hales Barton,way,1443819841,1,Decorso Drive,88-46,88,46,safe
18,Hales Barton,way,1443819842,1,Decorso Drive,88-48,88,48,safe
18,Hales Barton,way,1443819843,1,Decorso Drive,88-49,88,49,safe
18,Hales Barton,way,1443819844,1,Decorso Drive,88-50,88,50,safe
18,Hales Barton,way,960902660,2,Decorso Drive,88-4,88,4,safe
18,Hales Barton,way,960902663,2,Decorso Drive,88-47,88,47,safe
18,Hales Barton,way,960902664,2,Decorso Drive,88-56,88,56,safe
18,Hales Barton,way,960902665,2,Decorso Drive,88-59,88,59,safe
18,Hales Barton,way,960902666,2,Decorso Drive,88-65,88,65,safe
18,Hales Barton,way,960902667,2,Decorso Drive,88-72,88,72,safe
18,Hales Barton,way,960902668,2,Decorso Drive,88-76,88,76,safe
18,Hales Barton,way,1443819845,1,Macalister Boulevard,355-29,355,29,safe
18,Hales Barton,way,1443819846,1,Macalister Boulevard,355-28,355,28,safe
18,Hales Barton,way,1443819847,1,Macalister Boulevard,355-27,355,27,safe
18,Hales Barton,way,1443819848,1,Macalister Boulevard,355-25,355,25,safe
18,Hales Barton,way,1443819849,1,Macalister Boulevard,355-24,355,24,safe
18,Hales Barton,way,1443819850,1,Macalister Boulevard,355-23,355,23,safe
18,Hales Barton,way,1443819851,1,Macalister Boulevard,355-21,355,21,safe
18,Hales Barton,way,1443819852,1,Macalister Boulevard,355-20,355,20,safe
18,Hales Barton,way,1443819853,1,Macalister Boulevard,355-19,355,19,safe
19,Hales Barton,way,1443819854,1,Macalister Boulevard,355-17,355,17,safe
19,Hales Barton,way,1443819855,1,Macalister Boulevard,355-16,355,16,safe
19,Hales Barton,way,1443819856,1,Macalister Boulevard,355-15,355,15,safe
19,Hales Barton,way,1443819857,1,Macalister Boulevard,355-14,355,14,safe
19,Hales Barton,way,1443819858,1,Macalister Boulevard,355-13,355,13,safe
19,Hales Barton,way,1443819859,1,Macalister Boulevard,355-11,355,11,safe
19,Hales Barton,way,1443819860,1,Macalister Boulevard,355-10,355,10,safe
19,Hales Barton,way,1443819861,1,Macalister Boulevard,355-9,355,9,safe
19,Hales Barton,way,1443819862,1,Macalister Boulevard,355-8,355,8,safe
19,Hales Barton,way,1443819863,1,Macalister Boulevard,355-7,355,7,safe
19,Hales Barton,way,1443819864,1,Macalister Boulevard,355-1,355,1,safe
19,Hales Barton,way,1443819865,1,Macalister Boulevard,355-2,355,2,safe
19,Hales Barton,way,1443819866,1,Macalister Boulevard,355-3,355,3,safe
19,Hales Barton,way,1443819867,1,Macalister Boulevard,355-4,355,4,safe
19,Hales Barton,way,801653422,2,Macalister Boulevard,355-5,355,5,safe
19,Hales Barton,way,801653423,2,Macalister Boulevard,355-26,355,26,safe
19,Hales Barton,way,801653424,2,Macalister Boulevard,355-22,355,22,safe
19,Hales Barton,way,801653425,2,Macalister Boulevard,355-18,355,18,safe
19,Hales Barton,way,801653426,2,Macalister Boulevard,355-12,355,12,safe
19,Hales Barton,way,801653427,2,Macalister Boulevard,355-6,355,6,safe
19,Hales Barton,node,13248884031,1,Valley Road,15-22,15,22,safe
19,Hales Barton,way,801641113,2,Valley Road,15-19,15,19,safe
19,Hales Barton,way,801641114,2,Valley Road,15-17,15,17,safe
19,Hales Barton,way,801641116,2,Valley Road,15-13,15,13,safe
19,Hales Barton,way,801641117,2,Valley Road,15-11,15,11,safe
19,Hales Barton,way,801641118,2,Valley Road,15-9,15,9,safe
19,Hales Barton,way,801641119,2,Valley Road,15-7,15,7,safe
19,Hales Barton,way,801641120,2,Valley Road,15-3,15,3,safe
19,Hales Barton,way,801641121,2,Valley Road,15-5,15,5,safe
19,Hales Barton,way,801641122,2,Valley Road,15-1,15,1,safe
19,Hales Barton,way,801641124,2,Valley Road,15-2,15,2,safe
19,Hales Barton,way,801641125,2,Valley Road,15-4,15,4,safe
19,Hales Barton,way,801641126,2,Valley Road,15-6,15,6,safe
19,Hales Barton,way,801641127,2,Valley Road,15-8,15,8,safe
19,Hales Barton,way,801641128,2,Valley Road,15-10,15,10,safe
19,Hales Barton,way,801641129,2,Valley Road,15-12,15,12,safe
19,Hales Barton,way,801641130,2,Valley Road,15-16,15,16,safe
19,Hales Barton,way,801641131,2,Valley Road,15-18,15,18,safe
19,Hales Barton,way,801641132,2,Valley Road,15-20,15,20,safe
19,Hales Barton,way,801641133,2,Valley Road,15-24,15,24,safe
19,Hales Barton,way,1443819868,1,Victoria Road South,1035-23,1035,23,safe
19,Hales Barton,way,1443819869,1,Victoria Road South,1035-21,1035,21,safe
19,Hales Barton,way,1443819870,1,Victoria Road South,1035-19,1035,19,safe
19,Hales Barton,way,1443819871,1,Victoria Road South,1035-17,1035,17,safe
19,Hales Barton,way,1443819872,1,Victoria Road South,1035-15,1035,15,safe
19,Hales Barton,way,1443819873,1,Victoria Road South,1035-13,1035,13,safe
19,Hales Barton,way,1443819874,1,Victoria Road South,1035-11,1035,11,safe
19,Hales Barton,way,1443819875,1,Victoria Road South,1035-20,1035,20,safe
19,Hales Barton,way,1443819876,1,Victoria Road South,1035-18,1035,18,safe
19,Hales Barton,way,1443819877,1,Victoria Road South,1035-16,1035,16,safe
19,Hales Barton,way,1443819878,1,Victoria Road South,1035-12,1035,12,safe
19,Hales Barton,way,1443819879,1,Victoria Road South,1035-10,1035,10,safe
19,Hales Barton,way,1443819880,1,Victoria Road South,1035-8,1035,8,safe
19,Hales Barton,way,1443819881,1,Victoria Road South,1035-6,1035,6,safe
19,Hales Barton,way,1443819882,1,Victoria Road South,1035-4,1035,4,safe
19,Hales Barton,way,1443819883,1,Victoria Road South,1035-90,1035,90,safe
19,Hales Barton,way,1443819884,1,Victoria Road South,1035-88,1035,88,safe
19,Hales Barton,way,1443819885,1,Victoria Road South,1035-86,1035,86,safe
19,Hales Barton,way,1443819886,1,Victoria Road South,1035-84,1035,84,safe
19,Hales Barton,way,1443819887,1,Victoria Road South,1035-82,1035,82,safe
19,Hales Barton,way,1443819888,1,Victoria Road South,1035-102,1035,102,safe
19,Hales Barton,way,1443819889,1,Victoria Road South,1035-100,1035,100,safe
19,Hales Barton,way,1443819890,1,Victoria Road South,1035-98,1035,98,safe
19,Hales Barton,way,1443819891,1,Victoria Road South,1035-96,1035,96,safe
19,Hales Barton,way,1443819892,1,Victoria Road South,1035-94,1035,94,safe
19,Hales Barton,way,1443819893,1,Victoria Road South,1035-128,1035,128,safe
19,Hales Barton,way,1443819894,1,Victoria Road South,1035-130,1035,130,safe
19,Hales Barton,way,1443819895,1,Victoria Road South,1035-132,1035,132,safe
19,Hales Barton,way,1443819896,1,Victoria Road South,1035-134,1035,134,safe
19,Hales Barton,way,1443819897,1,Victoria Road South,1035-136,1035,136,safe
19,Hales Barton,way,1443819898,1,Victoria Road South,1035-140,1035,140,safe
19,Hales Barton,way,1443819899,1,Victoria Road South,1035-142,1035,142,safe
19,Hales Barton,way,1443819900,1,Victoria Road South,1035-144,1035,144,safe
19,Hales Barton,way,1443819901,1,Victoria Road South,1035-146,1035,146,safe
19,Hales Barton,way,1443819902,1,Victoria Road South,1035-148,1035,148,safe
19,Hales Barton,way,1443819903,1,Victoria Road South,1035-147,1035,147,safe
19,Hales Barton,way,1443819904,1,Victoria Road South,1035-145,1035,145,safe
19,Hales Barton,way,1443819905,1,Victoria Road South,1035-143,1035,143,safe
19,Hales Barton,way,1443819906,1,Victoria Road South,1035-141,1035,141,safe
19,Hales Barton,way,1443819907,1,Victoria Road South,1035-151,1035,151,safe
19,Hales Barton,way,1443819908,1,Victoria Road South,1035-129,1035,129,safe
19,Hales Barton,way,1443819909,1,Victoria Road South,1035-131,1035,131,safe
19,Hales Barton,way,1443819910,1,Victoria Road South,1035-133,1035,133,safe
19,Hales Barton,way,1443819911,1,Victoria Road South,1035-135,1035,135,safe
19,Hales Barton,way,1443819912,1,Victoria Road South,1035-137,1035,137,safe
19,Hales Barton,way,1443819913,1,Victoria Road South,1035-113,1035,113,safe
19,Hales Barton,way,1443819914,1,Victoria Road South,1035-115,1035,115,safe
19,Hales Barton,way,1443819915,1,Victoria Road South,1035-117,1035,117,safe
19,Hales Barton,way,1443819916,1,Victoria Road South,1035-119,1035,119,safe
19,Hales Barton,way,1443819917,1,Victoria Road South,1035-121,1035,121,safe
19,Hales Barton,way,1443819918,1,Victoria Road South,1035-123,1035,123,safe
19,Hales Barton,way,1443819919,1,Victoria Road South,1035-125,1035,125,safe
19,Hales Barton,way,1443819920,1,Victoria Road South,1035-101,1035,101,safe
19,Hales Barton,way,1443819921,1,Victoria Road South,1035-103,1035,103,safe
19,Hales Barton,way,1443819922,1,Victoria Road South,1035-105,1035,105,safe
19,Hales Barton,way,1443819923,1,Victoria Road South,1035-107,1035,107,safe
19,Hales Barton,way,1443819924,1,Victoria Road South,1035-109,1035,109,safe
19,Hales Barton,way,1443819925,1,Victoria Road South,1035-99,1035,99,safe
19,Hales Barton,way,1443819926,1,Victoria Road South,1035-97,1035,97,safe
19,Hales Barton,way,1443819927,1,Victoria Road South,1035-95,1035,95,safe
19,Hales Barton,way,1443819928,1,Victoria Road South,1035-93,1035,93,safe
19,Hales Barton,way,1443819929,1,Victoria Road South,1035-91,1035,91,safe
19,Hales Barton,way,1443819930,1,Victoria Road South,1035-89,1035,89,safe
19,Hales Barton,way,1443819931,1,Victoria Road South,1035-87,1035,87,safe
19,Hales Barton,way,1443819932,1,Victoria Road South,1035-85,1035,85,safe
19,Hales Barton,way,1443819933,1,Victoria Road South,1035-67,1035,67,safe
19,Hales Barton,way,1443819934,1,Victoria Road South,1035-69,1035,69,safe
19,Hales Barton,way,1443819935,1,Victoria Road South,1035-71,1035,71,safe
19,Hales Barton,way,1443819936,1,Victoria Road South,1035-75,1035,75,safe
19,Hales Barton,way,1443819937,1,Victoria Road South,1035-77,1035,77,safe
19,Hales Barton,way,1443819938,1,Victoria Road South,1035-79,1035,79,safe
19,Hales Barton,way,1443819939,1,Victoria Road South,1035-68,1035,68,safe
19,Hales Barton,way,1443819940,1,Victoria Road South,1035-70,1035,70,safe
19,Hales Barton,way,1443819941,1,Victoria Road South,1035-72,1035,72,safe
19,Hales Barton,way,1443819942,1,Victoria Road South,1035-74,1035,74,safe
19,Hales Barton,way,1443819943,1,Victoria Road South,1035-76,1035,76,safe
19,Hales Barton,way,1443819944,1,Victoria Road South,1035-58,1035,58,safe
19,Hales Barton,way,1443819945,1,Victoria Road South,1035-60,1035,60,safe
19,Hales Barton,way,1443819946,1,Victoria Road South,1035-62,1035,62,safe
19,Hales Barton,way,1443819947,1,Victoria Road South,1035-64,1035,64,safe
19,Hales Barton,way,1443819948,1,Victoria Road South,1035-49,1035,49,safe
19,Hales Barton,way,1443819949,1,Victoria Road South,1035-51,1035,51,safe
19,Hales Barton,way,1443819950,1,Victoria Road South,1035-53,1035,53,safe
19,Hales Barton,way,1443819951,1,Victoria Road South,1035-55,1035,55,safe
19,Hales Barton,way,1443819952,1,Victoria Road South,1035-57,1035,57,safe
19,Hales Barton,way,1443819953,1,Victoria Road South,1035-59,1035,59,safe
19,Hales Barton,way,1443819954,1,Victoria Road South,1035-61,1035,61,safe
19,Hales Barton,way,1443819955,1,Victoria Road South,1035-63,1035,63,safe
19,Hales Barton,way,1443819956,1,Victoria Road South,1035-37,1035,37,safe
19,Hales Barton,way,1443819957,1,Victoria Road South,1035-39,1035,39,safe
19,Hales Barton,way,1443819958,1,Victoria Road South,1035-41,1035,41,safe
19,Hales Barton,way,1443819959,1,Victoria Road South,1035-43,1035,43,safe
19,Hales Barton,way,1443819960,1,Victoria Road South,1035-45,1035,45,safe
19,Hales Barton,way,1443819961,1,Victoria Road South,1035-25,1035,25,safe
19,Hales Barton,way,1443819962,1,Victoria Road South,1035-27,1035,27,safe
19,Hales Barton,way,1443819963,1,Victoria Road South,1035-29,1035,29,safe
19,Hales Barton,way,1443819964,1,Victoria Road South,1035-31,1035,31,safe
19,Hales Barton,way,1443819965,1,Victoria Road South,1035-33,1035,33,safe
19,Hales Barton,way,801653436,2,Victoria Road South,1035-9,1035,9,safe
19,Hales Barton,way,801653437,2,Victoria Road South,1035-2,1035,2,safe
19,Hales Barton,way,801653438,2,Victoria Road South,1035-78,1035,78,safe
19,Hales Barton,way,801653439,2,Victoria Road South,1035-14,1035,14,safe
19,Hales Barton,way,801653440,2,Victoria Road South,1035-35,1035,35,safe
19,Hales Barton,way,801653441,2,Victoria Road South,1035-47,1035,47,safe
19,Hales Barton,way,801653442,2,Victoria Road South,1035-66,1035,66,safe
19,Hales Barton,way,801653443,2,Victoria Road South,1035-65,1035,65,safe
19,Hales Barton,way,801653444,2,Victoria Road South,1035-73,1035,73,safe
19,Hales Barton,way,801653445,2,Victoria Road South,1035-81,1035,81,safe
19,Hales Barton,way,801653446,2,Victoria Road South,1035-83,1035,83,safe
19,Hales Barton,way,801653447,2,Victoria Road South,1035-80,1035,80,safe
19,Hales Barton,way,801653448,2,Victoria Road South,1035-150,1035,150,safe
19,Hales Barton,way,801653449,2,Victoria Road South,1035-92,1035,92,safe
19,Hales Barton,way,801653450,2,Victoria Road South,1035-138,1035,138,safe
19,Hales Barton,way,801653451,2,Victoria Road South,1035-139,1035,139,safe
19,Hales Barton,way,801653452,2,Victoria Road South,1035-111,1035,111,safe
19,Hales Barton,way,801653453,2,Victoria Road South,1035-127,1035,127,safe
19,Hales Barton,way,801653454,2,Victoria Road South,1035-149,1035,149,safe
20,Parkwood Gardens,way,1115341387,2,Deerpath Drive,166-98,166,98,safe
20,Parkwood Gardens,way,1115341388,2,Deerpath Drive,166-106,166,106,safe
20,Parkwood Gardens,way,1115341389,2,Deerpath Drive,166-83,166,83,safe
20,Parkwood Gardens,way,1115341390,2,Deerpath Drive,166-81,166,81,safe
20,Parkwood Gardens,way,1115341391,2,Deerpath Drive,166-74,166,74,safe
20,Parkwood Gardens,way,1115341392,2,Deerpath Drive,166-70,166,70,safe
20,Parkwood Gardens,way,1115341393,2,Deerpath Drive,166-63,166,63,safe
20,Parkwood Gardens,way,1115341394,2,Deerpath Drive,166-55,166,55,safe
20,Parkwood Gardens,way,1115392044,2,Deerpath Drive,166-49,166,49,safe
20,Parkwood Gardens,way,1115392045,2,Deerpath Drive,166-91,166,91,safe
20,Parkwood Gardens,way,1115392046,2,Deerpath Drive,166-37,166,37,safe
20,Parkwood Gardens,way,1115392998,3,Deerpath Drive,166-11,166,11,safe
20,Parkwood Gardens,way,1115392999,3,Deerpath Drive,166-20,166,20,safe
20,Parkwood Gardens,way,1115393000,3,Deerpath Drive,166-26,166,26,safe
20,Parkwood Gardens,way,1115393001,3,Deerpath Drive,166-31,166,31,safe
20,Parkwood Gardens,way,1441651549,1,Deerpath Drive,166-27,166,27,safe
20,Parkwood Gardens,way,1441651550,1,Deerpath Drive,166-28,166,28,safe
20,Parkwood Gardens,way,1441651551,1,Deerpath Drive,166-25,166,25,safe
20,Parkwood Gardens,way,1441651552,1,Deerpath Drive,166-24,166,24,safe
20,Parkwood Gardens,way,1441651553,1,Deerpath Drive,166-23,166,23,safe
20,Parkwood Gardens,way,1441651554,1,Deerpath Drive,166-22,166,22,safe
20,Parkwood Gardens,way,1441651555,1,Deerpath Drive,166-21,166,21,safe
20,Parkwood Gardens,way,1441651556,1,Deerpath Drive,166-19,166,19,safe
20,Parkwood Gardens,way,1441651557,1,Deerpath Drive,166-16,166,16,safe
20,Parkwood Gardens,way,1441651558,1,Deerpath Drive,166-17,166,17,safe
20,Parkwood Gardens,way,1441651559,1,Deerpath Drive,166-18,166,18,safe
20,Parkwood Gardens,way,1441651560,1,Deerpath Drive,166-15,166,15,safe
20,Parkwood Gardens,way,1441651561,1,Deerpath Drive,166-10,166,10,safe
20,Parkwood Gardens,way,1441651562,1,Deerpath Drive,166-12,166,12,safe
20,Parkwood Gardens,way,1441651563,1,Deerpath Drive,166-13,166,13,safe
20,Parkwood Gardens,way,1441651564,1,Deerpath Drive,166-14,166,14,safe
20,Parkwood Gardens,way,1441651565,1,Deerpath Drive,166-9,166,9,safe
20,Parkwood Gardens,way,1441651566,1,Deerpath Drive,166-8,166,8,safe
20,Parkwood Gardens,way,1441651567,1,Deerpath Drive,166-7,166,7,safe
20,Parkwood Gardens,way,1441651568,1,Deerpath Drive,166-65,166,65,safe
20,Parkwood Gardens,way,1441651569,1,Deerpath Drive,166-64,166,64,safe
20,Parkwood Gardens,way,1441651570,1,Deerpath Drive,166-62,166,62,safe
20,Parkwood Gardens,way,1441651571,1,Deerpath Drive,166-61,166,61,safe
20,Parkwood Gardens,way,1441651572,1,Deerpath Drive,166-60,166,60,safe
20,Parkwood Gardens,way,1441651573,1,Deerpath Drive,166-54,166,54,safe
20,Parkwood Gardens,way,1441651574,1,Deerpath Drive,166-56,166,56,safe
20,Parkwood Gardens,way,1441651575,1,Deerpath Drive,166-57,166,57,safe
20,Parkwood Gardens,way,1441651576,1,Deerpath Drive,166-58,166,58,safe
20,Parkwood Gardens,way,1441651577,1,Deerpath Drive,166-48,166,48,safe
20,Parkwood Gardens,way,1441651578,1,Deerpath Drive,166-50,166,50,safe
20,Parkwood Gardens,way,1441651579,1,Deerpath Drive,166-52,166,52,safe
20,Parkwood Gardens,way,1441651580,1,Deerpath Drive,166-51,166,51,safe
20,Parkwood Gardens,way,1441651581,1,Deerpath Drive,166-53,166,53,safe
20,Parkwood Gardens,way,1441651582,1,Deerpath Drive,166-59,166,59,safe
20,Parkwood Gardens,way,1441651583,1,Deerpath Drive,166-43,166,43,safe
20,Parkwood Gardens,way,1441651584,1,Deerpath Drive,166-44,166,44,safe
20,Parkwood Gardens,way,1441651585,1,Deerpath Drive,166-46,166,46,safe
20,Parkwood Gardens,way,1441651586,1,Deerpath Drive,166-47,166,47,safe
20,Parkwood Gardens,way,1441651587,1,Deerpath Drive,166-42,166,42,safe
20,Parkwood Gardens,way,1441651588,1,Deerpath Drive,166-41,166,41,safe
20,Parkwood Gardens,way,1441651589,1,Deerpath Drive,166-68,166,68,safe
20,Parkwood Gardens,way,1441651590,1,Deerpath Drive,166-71,166,71,safe
20,Parkwood Gardens,way,1441651591,1,Deerpath Drive,166-69,166,69,safe
20,Parkwood Gardens,way,1441651592,1,Deerpath Drive,166-67,166,67,safe
20,Parkwood Gardens,way,1441651593,1,Deerpath Drive,166-66,166,66,safe
20,Parkwood Gardens,way,1441651594,1,Deerpath Drive,166-75,166,75,safe
20,Parkwood Gardens,way,1441651595,1,Deerpath Drive,166-72,166,72,safe
20,Parkwood Gardens,way,1441651596,1,Deerpath Drive,166-73,166,73,safe
20,Parkwood Gardens,way,1441651597,1,Deerpath Drive,166-77,166,77,safe
20,Parkwood Gardens,way,1441651598,1,Deerpath Drive,166-80,166,80,safe
20,Parkwood Gardens,way,1441651599,1,Deerpath Drive,166-79,166,79,safe
20,Parkwood Gardens,way,1441651600,1,Deerpath Drive,166-78,166,78,safe
20,Parkwood Gardens,way,1441651601,1,Deerpath Drive,166-76,166,76,safe
20,Parkwood Gardens,way,1441651602,1,Deerpath Drive,166-107,166,107,safe
20,Parkwood Gardens,way,1441651603,1,Deerpath Drive,166-108,166,108,safe
20,Parkwood Gardens,way,1441651604,1,Deerpath Drive,166-102,166,102,safe
20,Parkwood Gardens,way,1441651605,1,Deerpath Drive,166-90,166,90,safe
20,Parkwood Gardens,way,1441651606,1,Deerpath Drive,166-92,166,92,safe
20,Parkwood Gardens,way,1441651607,1,Deerpath Drive,166-88,166,88,safe
20,Parkwood Gardens,way,1441651608,1,Deerpath Drive,166-89,166,89,safe
20,Parkwood Gardens,way,1441651609,1,Deerpath Drive,166-84,166,84,safe
20,Parkwood Gardens,way,1441651610,1,Deerpath Drive,166-86,166,86,safe
20,Parkwood Gardens,way,1441651611,1,Deerpath Drive,166-85,166,85,safe
20,Parkwood Gardens,way,1441651612,1,Deerpath Drive,166-87,166,87,safe
20,Parkwood Gardens,way,1441651613,1,Deerpath Drive,166-82,166,82,safe
20,Parkwood Gardens,way,1441651614,1,Deerpath Drive,166-36,166,36,safe
20,Parkwood Gardens,way,1441651615,1,Deerpath Drive,166-38,166,38,safe
20,Parkwood Gardens,way,1441651616,1,Deerpath Drive,166-39,166,39,safe
20,Parkwood Gardens,way,1441651617,1,Deerpath Drive,166-40,166,40,safe
20,Parkwood Gardens,way,1441651618,1,Deerpath Drive,166-35,166,35,safe
20,Parkwood Gardens,way,1441651619,1,Deerpath Drive,166-30,166,30,safe
20,Parkwood Gardens,way,1441651620,1,Deerpath Drive,166-32,166,32,safe
20,Parkwood Gardens,way,1441651621,1,Deerpath Drive,166-33,166,33,safe
20,Parkwood Gardens,way,1441651622,1,Deerpath Drive,166-34,166,34,safe
20,Parkwood Gardens,way,1441651623,1,Deerpath Drive,166-29,166,29,safe
20,Parkwood Gardens,way,1441651624,1,Deerpath Drive,166-4,166,4,safe
20,Parkwood Gardens,way,1441651625,1,Deerpath Drive,166-2,166,2,safe
20,Parkwood Gardens,way,1441651626,1,Deerpath Drive,166-1,166,1,safe
20,Parkwood Gardens,way,1441651627,1,Deerpath Drive,166-6,166,6,safe
20,Parkwood Gardens,way,1441651628,1,Deerpath Drive,166-3,166,3,safe
20,Parkwood Gardens,way,1441651629,1,Deerpath Drive,166-96,166,96,safe
20,Parkwood Gardens,way,1441651630,1,Deerpath Drive,166-94,166,94,safe
20,Parkwood Gardens,way,1441651631,1,Deerpath Drive,166-93,166,93,safe
20,Parkwood Gardens,way,1441651632,1,Deerpath Drive,166-99,166,99,safe
20,Parkwood Gardens,way,1441651633,1,Deerpath Drive,166-97,166,97,safe
20,Parkwood Gardens,way,1441651634,1,Deerpath Drive,166-100,166,100,safe
20,Parkwood Gardens,way,1441651635,1,Deerpath Drive,166-101,166,101,safe
20,Parkwood Gardens,way,1441651636,1,Deerpath Drive,166-109,166,109,safe
20,Parkwood Gardens,way,1441651637,1,Deerpath Drive,166-105,166,105,safe
20,Parkwood Gardens,way,1441651638,1,Deerpath Drive,166-104,166,104,safe
20,Parkwood Gardens,way,1441651639,1,Deerpath Drive,166-103,166,103,safe
20,Parkwood Gardens,way,1441651640,1,Deerpath Drive,166-113,166,113,safe
20,Parkwood Gardens,way,1441651641,1,Deerpath Drive,166-112,166,112,safe
20,Parkwood Gardens,way,1441651642,1,Deerpath Drive,166-110,166,110,safe
20,Parkwood Gardens,way,1441651643,1,Deerpath Drive,166-114,166,114,safe
20,Parkwood Gardens,way,935228760,3,Deerpath Drive,166-111,166,111,safe
20,Parkwood Gardens,way,935228761,3,Deerpath Drive,166-5,166,5,safe
20,Parkwood Gardens,way,935228762,3,Deerpath Drive,166-95,166,95,safe
20,Parkwood Gardens,way,935228763,3,Deerpath Drive,166-45,166,45,safe
20,Parkwood Gardens,way,1441651644,1,Fife Road,158-9,158,9,safe
20,Parkwood Gardens,way,1441651645,1,Fife Road,158-11,158,11,safe
20,Parkwood Gardens,way,1441651646,1,Fife Road,158-12,158,12,safe
20,Parkwood Gardens,way,1441651647,1,Fife Road,158-8,158,8,safe
20,Parkwood Gardens,way,1441651648,1,Fife Road,158-7,158,7,safe
20,Parkwood Gardens,way,1441651649,1,Fife Road,158-6,158,6,safe
20,Parkwood Gardens,way,1441651650,1,Fife Road,158-4,158,4,safe
20,Parkwood Gardens,way,1441651651,1,Fife Road,158-3,158,3,safe
20,Parkwood Gardens,way,1441651652,1,Fife Road,158-2,158,2,safe
20,Parkwood Gardens,way,1441651653,1,Fife Road,158-24,158,24,safe
20,Parkwood Gardens,way,1441651654,1,Fife Road,158-23,158,23,safe
20,Parkwood Gardens,way,1441651655,1,Fife Road,158-22,158,22,safe
20,Parkwood Gardens,way,1441651656,1,Fife Road,158-16,158,16,safe
20,Parkwood Gardens,way,1441651657,1,Fife Road,158-17,158,17,safe
20,Parkwood Gardens,way,1441651658,1,Fife Road,158-14,158,14,safe
20,Parkwood Gardens,way,1441651659,1,Fife Road,158-13,158,13,safe
20,Parkwood Gardens,way,1441651660,1,Fife Road,158-21,158,21,safe
20,Parkwood Gardens,way,1441651661,1,Fife Road,158-20,158,20,safe
20,Parkwood Gardens,way,921593037,2,Fife Road,158-25,158,25,safe
20,Parkwood Gardens,way,921593038,2,Fife Road,158-19,158,19,safe
20,Parkwood Gardens,way,921593039,2,Fife Road,158-18,158,18,safe
20,Parkwood Gardens,way,921593040,2,Fife Road,158-15,158,15,safe
20,Parkwood Gardens,way,921593060,2,Fife Road,158-10,158,10,safe
20,Parkwood Gardens,way,921593061,2,Fife Road,158-5,158,5,safe
20,Parkwood Gardens,way,921593062,2,Fife Road,158-1,158,1,safe
20,Parkwood Gardens,way,1441651711,1,Fife Road,186-11,186,11,safe
20,Parkwood Gardens,way,1441651712,1,Fife Road,186-10,186,10,safe
20,Parkwood Gardens,way,1441651713,1,Fife Road,186-8,186,8,safe
20,Parkwood Gardens,way,1441651714,1,Fife Road,186-22,186,22,safe
20,Parkwood Gardens,way,1441651715,1,Fife Road,186-24,186,24,safe
20,Parkwood Gardens,way,1441651716,1,Fife Road,186-25,186,25,safe
20,Parkwood Gardens,way,1441651717,1,Fife Road,186-26,186,26,safe
20,Parkwood Gardens,way,1441651718,1,Fife Road,186-27,186,27,safe
20,Parkwood Gardens,way,1441651719,1,Fife Road,186-20,186,20,safe
20,Parkwood Gardens,way,1441651720,1,Fife Road,186-18,186,18,safe
20,Parkwood Gardens,way,1441651721,1,Fife Road,186-17,186,17,safe
20,Parkwood Gardens,way,1441651722,1,Fife Road,186-15,186,15,safe
20,Parkwood Gardens,way,1441651723,1,Fife Road,186-14,186,14,safe
20,Parkwood Gardens,way,1441651724,1,Fife Road,186-13,186,13,safe
20,Parkwood Gardens,way,1441651725,1,Fife Road,186-21,186,21,safe
20,Parkwood Gardens,way,1441651726,1,Fife Road,186-16,186,16,safe
20,Parkwood Gardens,way,1441651727,1,Fife Road,186-12,186,12,safe
20,Parkwood Gardens,way,1441651728,1,Fife Road,186-4,186,4,safe
20,Parkwood Gardens,way,1441651729,1,Fife Road,186-2,186,2,safe
20,Parkwood Gardens,way,1441651730,1,Fife Road,186-1,186,1,safe
20,Parkwood Gardens,way,1441651731,1,Fife Road,186-5,186,5,safe
20,Parkwood Gardens,way,1441651732,1,Fife Road,186-7,186,7,safe
20,Parkwood Gardens,way,921942603,2,Fife Road,186-23,186,23,safe
20,Parkwood Gardens,way,921942604,2,Fife Road,186-6,186,6,safe
20,Parkwood Gardens,way,921942605,2,Fife Road,186-3,186,3,safe
20,Parkwood Gardens,way,921942606,2,Fife Road,186-19,186,19,safe
20,Parkwood Gardens,way,921942607,2,Fife Road,186-9,186,9,safe
20,Parkwood Gardens,way,1441651662,1,Fife Road,50-38,50,38,safe
20,Parkwood Gardens,way,1441651663,1,Fife Road,50-37,50,37,safe
20,Parkwood Gardens,way,1441651664,1,Fife Road,50-35,50,35,safe
20,Parkwood Gardens,way,1441651665,1,Fife Road,50-39,50,39,safe
20,Parkwood Gardens,way,1441651666,1,Fife Road,50-34,50,34,safe
20,Parkwood Gardens,way,1441651667,1,Fife Road,50-33,50,33,safe
20,Parkwood Gardens,way,1441651668,1,Fife Road,50-32,50,32,safe
20,Parkwood Gardens,way,1441651669,1,Fife Road,50-31,50,31,safe
20,Parkwood Gardens,way,1441651670,1,Fife Road,50-21,50,21,safe
20,Parkwood Gardens,way,1441651671,1,Fife Road,50-20,50,20,safe
20,Parkwood Gardens,way,1441651672,1,Fife Road,50-23,50,23,safe
20,Parkwood Gardens,way,1441651673,1,Fife Road,50-24,50,24,safe
20,Parkwood Gardens,way,1441651674,1,Fife Road,50-25,50,25,safe
20,Parkwood Gardens,way,1441651675,1,Fife Road,50-26,50,26,safe
20,Parkwood Gardens,way,1441651676,1,Fife Road,50-27,50,27,safe
20,Parkwood Gardens,way,1441651677,1,Fife Road,50-28,50,28,safe
20,Parkwood Gardens,way,1441651678,1,Fife Road,50-29,50,29,safe
20,Parkwood Gardens,way,1441651679,1,Fife Road,50-30,50,30,safe
20,Parkwood Gardens,way,1441651680,1,Fife Road,50-2,50,2,safe
20,Parkwood Gardens,way,1441651681,2,Fife Road,50-1,50,1,safe
20,Parkwood Gardens,way,1441651682,1,Fife Road,50-9,50,9,safe
20,Parkwood Gardens,way,1441651683,1,Fife Road,50-7,50,7,safe
20,Parkwood Gardens,way,1441651684,1,Fife Road,50-6,50,6,safe
20,Parkwood Gardens,way,1441651685,1,Fife Road,50-5,50,5,safe
20,Parkwood Gardens,way,1441651686,1,Fife Road,50-4,50,4,safe
20,Parkwood Gardens,way,1441651687,1,Fife Road,50-8,50,8,safe
20,Parkwood Gardens,way,922333048,3,Fife Road,50-3,50,3,safe
20,Parkwood Gardens,way,922333050,3,Fife Road,50-22,50,22,safe
20,Parkwood Gardens,way,922333051,3,Fife Road,50-36,50,36,safe
20,Parkwood Gardens,way,1441652108,1,Imperial Road South,30-16,30,16,safe
20,Parkwood Gardens,way,1441652109,1,Imperial Road South,30-14,30,14,safe
20,Parkwood Gardens,way,1441652110,1,Imperial Road South,30-13,30,13,safe
20,Parkwood Gardens,way,1441652111,1,Imperial Road South,30-12,30,12,safe
20,Parkwood Gardens,way,1441652112,1,Imperial Road South,30-11,30,11,safe
20,Parkwood Gardens,way,1441652113,1,Imperial Road South,30-10,30,10,safe
20,Parkwood Gardens,way,1441652114,1,Imperial Road South,30-9,30,9,safe
20,Parkwood Gardens,way,1441652115,1,Imperial Road South,30-8,30,8,safe
20,Parkwood Gardens,way,1441652116,1,Imperial Road South,30-6,30,6,safe
20,Parkwood Gardens,way,1441652117,1,Imperial Road South,30-5,30,5,safe
20,Parkwood Gardens,way,1441652118,1,Imperial Road South,30-4,30,4,safe
20,Parkwood Gardens,way,1441652119,1,Imperial Road South,30-3,30,3,safe
20,Parkwood Gardens,way,1441652120,1,Imperial Road South,30-2,30,2,safe
20,Parkwood Gardens,way,1441652121,1,Imperial Road South,30-1,30,1,safe
20,Parkwood Gardens,way,1441652122,1,Imperial Road South,30-42,30,42,safe
20,Parkwood Gardens,way,1441652123,1,Imperial Road South,30-40,30,40,safe
20,Parkwood Gardens,way,1441652124,1,Imperial Road South,30-39,30,39,safe
20,Parkwood Gardens,way,1441652125,1,Imperial Road South,30-38,30,38,safe
20,Parkwood Gardens,way,1441652126,1,Imperial Road South,30-37,30,37,safe
20,Parkwood Gardens,way,1441652127,1,Imperial Road South,30-36,30,36,safe
20,Parkwood Gardens,way,1441652128,1,Imperial Road South,30-34,30,34,safe
20,Parkwood Gardens,way,1441652129,1,Imperial Road South,30-33,30,33,safe
20,Parkwood Gardens,way,1441652130,1,Imperial Road South,30-32,30,32,safe
20,Parkwood Gardens,way,1441652131,1,Imperial Road South,30-31,30,31,safe
20,Parkwood Gardens,way,1441652132,1,Imperial Road South,30-55,30,55,safe
20,Parkwood Gardens,way,1441652133,1,Imperial Road South,30-57,30,57,safe
20,Parkwood Gardens,way,1441652134,1,Imperial Road South,30-58,30,58,safe
20,Parkwood Gardens,way,1441652135,1,Imperial Road South,30-59,30,59,safe
20,Parkwood Gardens,way,1441652136,1,Imperial Road South,30-61,30,61,safe
20,Parkwood Gardens,way,1441652137,1,Imperial Road South,30-62,30,62,safe
20,Parkwood Gardens,way,1441652138,1,Imperial Road South,30-65,30,65,safe
20,Parkwood Gardens,way,1441652139,1,Imperial Road South,30-63,30,63,safe
20,Parkwood Gardens,way,1441652140,1,Imperial Road South,30-67,30,67,safe
20,Parkwood Gardens,way,1441652141,1,Imperial Road South,30-66,30,66,safe
20,Parkwood Gardens,way,1441652142,1,Imperial Road South,30-69,30,69,safe
20,Parkwood Gardens,way,1441652143,1,Imperial Road South,30-68,30,68,safe
20,Parkwood Gardens,way,1441652144,1,Imperial Road South,30-70,30,70,safe
20,Parkwood Gardens,way,1441652145,1,Imperial Road South,30-43,30,43,safe
20,Parkwood Gardens,way,1441652146,1,Imperial Road South,30-45,30,45,safe
20,Parkwood Gardens,way,1441652147,1,Imperial Road South,30-46,30,46,safe
20,Parkwood Gardens,way,1441652148,1,Imperial Road South,30-47,30,47,safe
20,Parkwood Gardens,way,1441652149,1,Imperial Road South,30-48,30,48,safe
20,Parkwood Gardens,way,1441652150,1,Imperial Road South,30-54,30,54,safe
20,Parkwood Gardens,way,1441652151,1,Imperial Road South,30-52,30,52,safe
20,Parkwood Gardens,way,1441652152,1,Imperial Road South,30-51,30,51,safe
20,Parkwood Gardens,way,1441652153,1,Imperial Road South,30-50,30,50,safe
20,Parkwood Gardens,way,1441652154,1,Imperial Road South,30-49,30,49,safe
20,Parkwood Gardens,way,1441652155,1,Imperial Road South,30-17,30,17,safe
20,Parkwood Gardens,way,1441652156,1,Imperial Road South,30-19,30,19,safe
20,Parkwood Gardens,way,1441652157,1,Imperial Road South,30-20,30,20,safe
20,Parkwood Gardens,way,1441652158,1,Imperial Road South,30-21,30,21,safe
20,Parkwood Gardens,way,1441652159,1,Imperial Road South,30-22,30,22,safe
20,Parkwood Gardens,way,1441652160,1,Imperial Road South,30-23,30,23,safe
20,Parkwood Gardens,way,1441652161,1,Imperial Road South,30-24,30,24,safe
20,Parkwood Gardens,way,1441652162,1,Imperial Road South,30-71,30,71,safe
21,Parkwood Gardens,way,1441652163,1,Imperial Road South,30-73,30,73,safe
21,Parkwood Gardens,way,1441652164,1,Imperial Road South,30-74,30,74,safe
21,Parkwood Gardens,way,1441652165,1,Imperial Road South,30-75,30,75,safe
21,Parkwood Gardens,way,1441652166,1,Imperial Road South,30-76,30,76,safe
21,Parkwood Gardens,way,1441652167,1,Imperial Road South,30-77,30,77,safe
21,Parkwood Gardens,way,1441652168,1,Imperial Road South,30-78,30,78,safe
21,Parkwood Gardens,way,1441652169,1,Imperial Road South,30-86,30,86,safe
21,Parkwood Gardens,way,1441652170,1,Imperial Road South,30-84,30,84,safe
21,Parkwood Gardens,way,1441652171,1,Imperial Road South,30-83,30,83,safe
21,Parkwood Gardens,way,1441652172,1,Imperial Road South,30-82,30,82,safe
21,Parkwood Gardens,way,1441652173,1,Imperial Road South,30-81,30,81,safe
21,Parkwood Gardens,way,1441652174,1,Imperial Road South,30-79,30,79,safe
21,Parkwood Gardens,way,1441652175,1,Imperial Road South,30-80,30,80,safe
21,Parkwood Gardens,way,1441652176,1,Imperial Road South,30-105,30,105,safe
21,Parkwood Gardens,way,1441652177,1,Imperial Road South,30-107,30,107,safe
21,Parkwood Gardens,way,1441652178,1,Imperial Road South,30-109,30,109,safe
21,Parkwood Gardens,way,1441652179,1,Imperial Road South,30-111,30,111,safe
21,Parkwood Gardens,way,1441652180,1,Imperial Road South,30-113,30,113,safe
21,Parkwood Gardens,way,1441652181,1,Imperial Road South,30-114,30,114,safe
21,Parkwood Gardens,way,1441652182,1,Imperial Road South,30-115,30,115,safe
21,Parkwood Gardens,way,1441652183,1,Imperial Road South,30-116,30,116,safe
21,Parkwood Gardens,way,1441652184,1,Imperial Road South,30-117,30,117,safe
21,Parkwood Gardens,way,1441652185,1,Imperial Road South,30-118,30,118,safe
21,Parkwood Gardens,way,1441652186,1,Imperial Road South,30-25,30,25,safe
21,Parkwood Gardens,way,1441652187,1,Imperial Road South,30-27,30,27,safe
21,Parkwood Gardens,way,1441652188,1,Imperial Road South,30-28,30,28,safe
21,Parkwood Gardens,way,1441652189,1,Imperial Road South,30-29,30,29,safe
21,Parkwood Gardens,way,1441652192,1,Imperial Road South,30-103,30,103,safe
21,Parkwood Gardens,way,1441652193,1,Imperial Road South,30-106,30,106,safe
21,Parkwood Gardens,way,1441652194,1,Imperial Road South,30-108,30,108,safe
21,Parkwood Gardens,way,1441652195,1,Imperial Road South,30-110,30,110,safe
21,Parkwood Gardens,way,1441652196,1,Imperial Road South,30-100,30,100,safe
21,Parkwood Gardens,way,1441652197,1,Imperial Road South,30-98,30,98,safe
21,Parkwood Gardens,way,1441652198,1,Imperial Road South,30-102,30,102,safe
21,Parkwood Gardens,way,1441652199,1,Imperial Road South,30-99,30,99,safe
21,Parkwood Gardens,way,1441652200,1,Imperial Road South,30-96,30,96,safe
21,Parkwood Gardens,way,1441652201,1,Imperial Road South,30-97,30,97,safe
21,Parkwood Gardens,way,1441652202,1,Imperial Road South,30-95,30,95,safe
21,Parkwood Gardens,way,1441652203,1,Imperial Road South,30-94,30,94,safe
21,Parkwood Gardens,way,1441652204,1,Imperial Road South,30-92,30,92,safe
21,Parkwood Gardens,way,1441652205,1,Imperial Road South,30-91,30,91,safe
21,Parkwood Gardens,way,1441652206,1,Imperial Road South,30-87,30,87,safe
21,Parkwood Gardens,way,1441652207,1,Imperial Road South,30-89,30,89,safe
21,Parkwood Gardens,way,1441652208,1,Imperial Road South,30-90,30,90,safe
21,Parkwood Gardens,way,208503290,3,Imperial Road South,30-18,30,18,safe
21,Parkwood Gardens,way,208503291,3,Imperial Road South,30-72,30,72,safe
21,Parkwood Gardens,way,208503292,3,Imperial Road South,30-26,30,26,safe
21,Parkwood Gardens,way,208503293,5,Imperial Road South,30-60,30,60,safe
21,Parkwood Gardens,way,208503294,3,Imperial Road South,30-88,30,88,safe
21,Parkwood Gardens,way,208503295,3,Imperial Road South,30-15,30,15,safe
21,Parkwood Gardens,way,208503296,3,Imperial Road South,30-7,30,7,safe
21,Parkwood Gardens,way,208503297,3,Imperial Road South,30-112,30,112,safe
21,Parkwood Gardens,way,208503298,3,Imperial Road South,30-53,30,53,safe
21,Parkwood Gardens,way,208503299,3,Imperial Road South,30-44,30,44,safe
21,Parkwood Gardens,way,208503300,3,Imperial Road South,30-101,30,101,safe
21,Parkwood Gardens,way,208503301,3,Imperial Road South,30-104,30,104,safe
21,Parkwood Gardens,way,208503302,3,Imperial Road South,30-56,30,56,safe
21,Parkwood Gardens,way,208503303,3,Imperial Road South,30-41,30,41,safe
21,Parkwood Gardens,way,208503304,3,Imperial Road South,30-64,30,64,safe
21,Parkwood Gardens,way,208503305,3,Imperial Road South,30-93,30,93,safe
21,Parkwood Gardens,way,208503306,3,Imperial Road South,30-35,30,35,safe
21,Parkwood Gardens,way,208503307,3,Imperial Road South,30-85,30,85,safe
21,Parkwood Gardens,way,1441652022,1,Paisley Road,700-83,700,83,safe
21,Parkwood Gardens,way,1441652023,1,Paisley Road,700-82,700,82,safe
21,Parkwood Gardens,way,1441652024,1,Paisley Road,700-81,700,81,safe
21,Parkwood Gardens,way,1441652025,1,Paisley Road,700-85,700,85,safe
21,Parkwood Gardens,way,1441652026,1,Paisley Road,700-87,700,87,safe
21,Parkwood Gardens,way,1441652027,1,Paisley Road,700-86,700,86,safe
21,Parkwood Gardens,way,1441652028,1,Paisley Road,700-94,700,94,safe
21,Parkwood Gardens,way,1441652029,1,Paisley Road,700-92,700,92,safe
21,Parkwood Gardens,way,1441652030,1,Paisley Road,700-91,700,91,safe
21,Parkwood Gardens,way,1441652031,1,Paisley Road,700-90,700,90,safe
21,Parkwood Gardens,way,1441652032,1,Paisley Road,700-89,700,89,safe
21,Parkwood Gardens,way,1441652033,1,Paisley Road,700-88,700,88,safe
21,Parkwood Gardens,way,1441652034,1,Paisley Road,700-14,700,14,safe
21,Parkwood Gardens,way,1441652035,1,Paisley Road,700-16,700,16,safe
21,Parkwood Gardens,way,1441652036,1,Paisley Road,700-17,700,17,safe
21,Parkwood Gardens,way,1441652037,1,Paisley Road,700-20,700,20,safe
21,Parkwood Gardens,way,1441652038,1,Paisley Road,700-18,700,18,safe
21,Parkwood Gardens,way,1441652039,1,Paisley Road,700-19,700,19,safe
21,Parkwood Gardens,way,1441652040,1,Paisley Road,700-27,700,27,safe
21,Parkwood Gardens,way,1441652041,1,Paisley Road,700-25,700,25,safe
21,Parkwood Gardens,way,1441652042,1,Paisley Road,700-24,700,24,safe
21,Parkwood Gardens,way,1441652043,1,Paisley Road,700-21,700,21,safe
21,Parkwood Gardens,way,1441652044,1,Paisley Road,700-23,700,23,safe
21,Parkwood Gardens,way,1441652045,1,Paisley Road,700-22,700,22,safe
21,Parkwood Gardens,way,1441652046,1,Paisley Road,700-32,700,32,safe
21,Parkwood Gardens,way,1441652047,1,Paisley Road,700-31,700,31,safe
21,Parkwood Gardens,way,1441652048,1,Paisley Road,700-28,700,28,safe
21,Parkwood Gardens,way,1441652049,1,Paisley Road,700-30,700,30,safe
21,Parkwood Gardens,way,1441652050,1,Paisley Road,700-29,700,29,safe
21,Parkwood Gardens,way,1441652051,1,Paisley Road,700-73,700,73,safe
21,Parkwood Gardens,way,1441652052,1,Paisley Road,700-75,700,75,safe
21,Parkwood Gardens,way,1441652053,1,Paisley Road,700-76,700,76,safe
21,Parkwood Gardens,way,1441652054,1,Paisley Road,700-77,700,77,safe
21,Parkwood Gardens,way,1441652055,1,Paisley Road,700-78,700,78,safe
21,Parkwood Gardens,way,1441652056,1,Paisley Road,700-79,700,79,safe
21,Parkwood Gardens,way,1441652057,1,Paisley Road,700-80,700,80,safe
21,Parkwood Gardens,way,1441652058,1,Paisley Road,700-70,700,70,safe
21,Parkwood Gardens,way,1441652059,1,Paisley Road,700-72,700,72,safe
21,Parkwood Gardens,way,1441652060,1,Paisley Road,700-66,700,66,safe
21,Parkwood Gardens,way,1441652061,1,Paisley Road,700-67,700,67,safe
21,Parkwood Gardens,way,1441652062,1,Paisley Road,700-34,700,34,safe
21,Parkwood Gardens,way,1441652063,1,Paisley Road,700-36,700,36,safe
21,Parkwood Gardens,way,1441652064,1,Paisley Road,700-39,700,39,safe
21,Parkwood Gardens,way,1441652065,1,Paisley Road,700-40,700,40,safe
21,Parkwood Gardens,way,1441652066,1,Paisley Road,700-41,700,41,safe
21,Parkwood Gardens,way,1441652067,1,Paisley Road,700-42,700,42,safe
21,Parkwood Gardens,way,1441652068,1,Paisley Road,700-37,700,37,safe
21,Parkwood Gardens,way,1441652069,1,Paisley Road,700-35,700,35,safe
21,Parkwood Gardens,way,1441652070,1,Paisley Road,700-43,700,43,safe
21,Parkwood Gardens,way,1441652071,1,Paisley Road,700-45,700,45,safe
21,Parkwood Gardens,way,1441652072,1,Paisley Road,700-46,700,46,safe
21,Parkwood Gardens,way,1441652073,1,Paisley Road,700-47,700,47,safe
21,Parkwood Gardens,way,1441652074,1,Paisley Road,700-48,700,48,safe
21,Parkwood Gardens,way,1441652075,1,Paisley Road,700-51,700,51,safe
21,Parkwood Gardens,way,1441652076,1,Paisley Road,700-49,700,49,safe
21,Parkwood Gardens,way,1441652077,1,Paisley Road,700-55,700,55,safe
21,Parkwood Gardens,way,1441652078,1,Paisley Road,700-53,700,53,safe
21,Parkwood Gardens,way,1441652079,1,Paisley Road,700-52,700,52,safe
21,Parkwood Gardens,way,1441652080,1,Paisley Road,700-50,700,50,safe
21,Parkwood Gardens,way,1441652081,1,Paisley Road,700-61,700,61,safe
21,Parkwood Gardens,way,1441652082,1,Paisley Road,700-56,700,56,safe
21,Parkwood Gardens,way,1441652083,1,Paisley Road,700-58,700,58,safe
21,Parkwood Gardens,way,1441652084,1,Paisley Road,700-59,700,59,safe
21,Parkwood Gardens,way,1441652085,1,Paisley Road,700-60,700,60,safe
21,Parkwood Gardens,way,1441652086,1,Paisley Road,700-62,700,62,safe
21,Parkwood Gardens,way,1441652087,1,Paisley Road,700-63,700,63,safe
21,Parkwood Gardens,way,1441652088,1,Paisley Road,700-64,700,64,safe
21,Parkwood Gardens,way,1441652089,1,Paisley Road,700-65,700,65,safe
21,Parkwood Gardens,way,1441652090,1,Paisley Road,700-71,700,71,safe
21,Parkwood Gardens,way,1441652091,1,Paisley Road,700-68,700,68,safe
21,Parkwood Gardens,way,1441652092,1,Paisley Road,700-100,700,100,safe
21,Parkwood Gardens,way,1441652093,1,Paisley Road,700-95,700,95,safe
21,Parkwood Gardens,way,1441652094,1,Paisley Road,700-96,700,96,safe
21,Parkwood Gardens,way,1441652095,1,Paisley Road,700-97,700,97,safe
21,Parkwood Gardens,way,1441652096,1,Paisley Road,700-99,700,99,safe
21,Parkwood Gardens,way,1441652097,1,Paisley Road,700-13,700,13,safe
21,Parkwood Gardens,way,1441652098,1,Paisley Road,700-7,700,7,safe
21,Parkwood Gardens,way,1441652099,1,Paisley Road,700-9,700,9,safe
21,Parkwood Gardens,way,1441652100,1,Paisley Road,700-10,700,10,safe
21,Parkwood Gardens,way,1441652101,1,Paisley Road,700-12,700,12,safe
21,Parkwood Gardens,way,1441652102,1,Paisley Road,700-8,700,8,safe
21,Parkwood Gardens,way,1441652103,1,Paisley Road,700-6,700,6,safe
21,Parkwood Gardens,way,1441652104,1,Paisley Road,700-5,700,5,safe
21,Parkwood Gardens,way,1441652105,1,Paisley Road,700-1,700,1,safe
21,Parkwood Gardens,way,1441652106,1,Paisley Road,700-3,700,3,safe
21,Parkwood Gardens,way,1441652107,1,Paisley Road,700-2,700,2,safe
21,Parkwood Gardens,way,803274576,2,Paisley Road,700-69,700,69,safe
21,Parkwood Gardens,way,803274577,3,Paisley Road,700-54,700,54,safe
21,Parkwood Gardens,way,803274578,3,Paisley Road,700-44,700,44,safe
21,Parkwood Gardens,way,803274579,3,Paisley Road,700-38,700,38,safe
21,Parkwood Gardens,way,803274580,3,Paisley Road,700-33,700,33,safe
21,Parkwood Gardens,way,803274581,3,Paisley Road,700-74,700,74,safe
21,Parkwood Gardens,way,803274582,3,Paisley Road,700-26,700,26,safe
21,Parkwood Gardens,way,803274583,3,Paisley Road,700-15,700,15,safe
21,Parkwood Gardens,way,803274584,3,Paisley Road,700-11,700,11,safe
21,Parkwood Gardens,way,803274585,3,Paisley Road,700-98,700,98,safe
21,Parkwood Gardens,way,803274586,3,Paisley Road,700-93,700,93,safe
21,Parkwood Gardens,way,803274587,3,Paisley Road,700-84,700,84,safe
21,Parkwood Gardens,way,803274588,3,Paisley Road,700-4,700,4,safe
21,Parkwood Gardens,way,803274589,3,Paisley Road,700-57,700,57,safe
21,Parkwood Gardens,way,1441651688,1,Worton Avenue,2-1,2,1,safe
21,Parkwood Gardens,way,1441651689,1,Worton Avenue,2-3,2,3,safe
21,Parkwood Gardens,way,1441651690,1,Worton Avenue,2-6,2,6,safe
21,Parkwood Gardens,way,1441651691,1,Worton Avenue,2-8,2,8,safe
21,Parkwood Gardens,way,1441651692,1,Worton Avenue,2-11,2,11,safe
21,Parkwood Gardens,way,1441651693,1,Worton Avenue,2-27,2,27,safe
21,Parkwood Gardens,way,1441651694,1,Worton Avenue,2-25,2,25,safe
21,Parkwood Gardens,way,1441651695,1,Worton Avenue,2-24,2,24,safe
21,Parkwood Gardens,way,1441651696,1,Worton Avenue,2-21,2,21,safe
21,Parkwood Gardens,way,1441651697,1,Worton Avenue,2-22,2,22,safe
21,Parkwood Gardens,way,1441651698,1,Worton Avenue,2-23,2,23,safe
21,Parkwood Gardens,way,1441651699,1,Worton Avenue,2-26,2,26,safe
21,Parkwood Gardens,way,1441651700,1,Worton Avenue,2-19,2,19,safe
21,Parkwood Gardens,way,1441651701,1,Worton Avenue,2-17,2,17,safe
21,Parkwood Gardens,way,1441651702,1,Worton Avenue,2-16,2,16,safe
21,Parkwood Gardens,way,1441651703,1,Worton Avenue,2-15,2,15,safe
21,Parkwood Gardens,way,1441651704,1,Worton Avenue,2-14,2,14,safe
21,Parkwood Gardens,way,1441651705,1,Worton Avenue,2-13,2,13,safe
21,Parkwood Gardens,way,1441651706,1,Worton Avenue,2-12,2,12,safe
21,Parkwood Gardens,way,1441651707,1,Worton Avenue,2-10,2,10,safe
21,Parkwood Gardens,way,1441651708,1,Worton Avenue,2-7,2,7,safe
21,Parkwood Gardens,way,1441651709,1,Worton Avenue,2-5,2,5,safe
21,Parkwood Gardens,way,921859685,2,Worton Avenue,2-18,2,18,safe
21,Parkwood Gardens,way,921859686,2,Worton Avenue,2-4,2,4,safe
21,Parkwood Gardens,way,921859689,2,Worton Avenue,2-20,2,20,safe
21,Parkwood Gardens,way,921859698,2,Worton Avenue,2-9,2,9,safe
22,Rickson Ridge,way,1444324276,1,Edinburgh Road South,920-47,920,47,safe
22,Rickson Ridge,way,1444324277,1,Edinburgh Road South,920-48,920,48,safe
22,Rickson Ridge,way,1444324278,1,Edinburgh Road South,920-49,920,49,safe
22,Rickson Ridge,way,1444324279,1,Edinburgh Road South,920-50,920,50,safe
22,Rickson Ridge,way,1444324280,1,Edinburgh Road South,920-51,920,51,safe
22,Rickson Ridge,way,1444324281,1,Edinburgh Road South,920-52,920,52,safe
22,Rickson Ridge,way,1444324282,1,Edinburgh Road South,920-53,920,53,safe
22,Rickson Ridge,way,1444324283,1,Edinburgh Road South,920-55,920,55,safe
22,Rickson Ridge,way,1444324284,1,Edinburgh Road South,920-56,920,56,safe
22,Rickson Ridge,way,1444324285,1,Edinburgh Road South,920-57,920,57,safe
22,Rickson Ridge,way,1444324286,1,Edinburgh Road South,920-58,920,58,safe
22,Rickson Ridge,way,1444324287,1,Edinburgh Road South,920-59,920,59,safe
22,Rickson Ridge,way,1444324288,1,Edinburgh Road South,920-60,920,60,safe
22,Rickson Ridge,way,1444324289,1,Edinburgh Road South,920-61,920,61,safe
22,Rickson Ridge,way,1444324290,1,Edinburgh Road South,920-70,920,70,safe
22,Rickson Ridge,way,1444324291,1,Edinburgh Road South,920-69,920,69,safe
22,Rickson Ridge,way,1444324292,1,Edinburgh Road South,920-68,920,68,safe
22,Rickson Ridge,way,1444324293,1,Edinburgh Road South,920-67,920,67,safe
22,Rickson Ridge,way,1444324294,1,Edinburgh Road South,920-66,920,66,safe
22,Rickson Ridge,way,1444324295,1,Edinburgh Road South,920-65,920,65,safe
22,Rickson Ridge,way,1444324296,1,Edinburgh Road South,920-64,920,64,safe
22,Rickson Ridge,way,1444324297,1,Edinburgh Road South,920-75,920,75,safe
22,Rickson Ridge,way,1444324298,1,Edinburgh Road South,920-76,920,76,safe
22,Rickson Ridge,way,1444324299,1,Edinburgh Road South,920-77,920,77,safe
22,Rickson Ridge,way,1444324300,1,Edinburgh Road South,920-78,920,78,safe
22,Rickson Ridge,way,1444324301,1,Edinburgh Road South,920-79,920,79,safe
22,Rickson Ridge,way,1444324302,1,Edinburgh Road South,920-71,920,71,safe
22,Rickson Ridge,way,1444324303,1,Edinburgh Road South,920-72,920,72,safe
22,Rickson Ridge,way,1444324304,1,Edinburgh Road South,920-73,920,73,safe
22,Rickson Ridge,way,1444324305,1,Edinburgh Road South,920-41,920,41,safe
22,Rickson Ridge,way,1444324306,1,Edinburgh Road South,920-42,920,42,safe
22,Rickson Ridge,way,1444324307,1,Edinburgh Road South,920-43,920,43,safe
22,Rickson Ridge,way,1444324308,1,Edinburgh Road South,920-44,920,44,safe
22,Rickson Ridge,way,1444324309,1,Edinburgh Road South,920-45,920,45,safe
22,Rickson Ridge,way,1444324310,1,Edinburgh Road South,920-40,920,40,safe
22,Rickson Ridge,way,1444324311,1,Edinburgh Road South,920-39,920,39,safe
22,Rickson Ridge,way,1444324312,1,Edinburgh Road South,920-38,920,38,safe
22,Rickson Ridge,way,1444324313,1,Edinburgh Road South,920-37,920,37,safe
22,Rickson Ridge,way,1444324314,1,Edinburgh Road South,920-36,920,36,safe
22,Rickson Ridge,way,1444324315,1,Edinburgh Road South,920-34,920,34,safe
22,Rickson Ridge,way,1444324316,1,Edinburgh Road South,920-33,920,33,safe
22,Rickson Ridge,way,1444324317,1,Edinburgh Road South,920-32,920,32,safe
22,Rickson Ridge,way,1444324318,1,Edinburgh Road South,920-1,920,1,safe
22,Rickson Ridge,way,1444324319,1,Edinburgh Road South,920-2,920,2,safe
22,Rickson Ridge,way,1444324320,1,Edinburgh Road South,920-3,920,3,safe
22,Rickson Ridge,way,1444324321,1,Edinburgh Road South,920-4,920,4,safe
22,Rickson Ridge,way,1444324322,1,Edinburgh Road South,920-5,920,5,safe
22,Rickson Ridge,way,1444324323,1,Edinburgh Road South,920-12,920,12,safe
22,Rickson Ridge,way,1444324324,1,Edinburgh Road South,920-11,920,11,safe
22,Rickson Ridge,way,1444324325,1,Edinburgh Road South,920-10,920,10,safe
22,Rickson Ridge,way,1444324326,1,Edinburgh Road South,920-9,920,9,safe
22,Rickson Ridge,way,1444324327,1,Edinburgh Road South,920-8,920,8,safe
22,Rickson Ridge,way,1444324328,1,Edinburgh Road South,920-18,920,18,safe
22,Rickson Ridge,way,1444324329,1,Edinburgh Road South,920-17,920,17,safe
22,Rickson Ridge,way,1444324330,1,Edinburgh Road South,920-16,920,16,safe
22,Rickson Ridge,way,1444324331,1,Edinburgh Road South,920-15,920,15,safe
22,Rickson Ridge,way,1444324332,1,Edinburgh Road South,920-14,920,14,safe
22,Rickson Ridge,way,1444324333,1,Edinburgh Road South,920-19,920,19,safe
22,Rickson Ridge,way,1444324334,1,Edinburgh Road South,920-20,920,20,safe
22,Rickson Ridge,way,1444324335,1,Edinburgh Road South,920-21,920,21,safe
22,Rickson Ridge,way,1444324336,1,Edinburgh Road South,920-22,920,22,safe
22,Rickson Ridge,way,1444324337,1,Edinburgh Road South,920-23,920,23,safe
22,Rickson Ridge,way,1444324338,1,Edinburgh Road South,920-30,920,30,safe
22,Rickson Ridge,way,1444324339,1,Edinburgh Road South,920-29,920,29,safe
22,Rickson Ridge,way,1444324340,1,Edinburgh Road South,920-28,920,28,safe
22,Rickson Ridge,way,1444324341,1,Edinburgh Road South,920-27,920,27,safe
22,Rickson Ridge,way,1444324342,1,Edinburgh Road South,920-26,920,26,safe
22,Rickson Ridge,way,801557440,3,Edinburgh Road South,920-6,920,6,safe
22,Rickson Ridge,way,801557441,3,Edinburgh Road South,920-80,920,80,safe
22,Rickson Ridge,way,801557442,3,Edinburgh Road South,920-74,920,74,safe
22,Rickson Ridge,way,801557443,3,Edinburgh Road South,920-46,920,46,safe
22,Rickson Ridge,way,801557444,3,Edinburgh Road South,920-7,920,7,safe
22,Rickson Ridge,way,801557445,3,Edinburgh Road South,920-35,920,35,safe
22,Rickson Ridge,way,801557446,3,Edinburgh Road South,920-31,920,31,safe
22,Rickson Ridge,way,801557447,3,Edinburgh Road South,920-63,920,63,safe
22,Rickson Ridge,way,801557448,3,Edinburgh Road South,920-62,920,62,safe
22,Rickson Ridge,way,801557449,3,Edinburgh Road South,920-54,920,54,safe
22,Rickson Ridge,way,801557450,3,Edinburgh Road South,920-25,920,25,safe
22,Rickson Ridge,way,801557451,3,Edinburgh Road South,920-24,920,24,safe
22,Rickson Ridge,way,801557452,3,Edinburgh Road South,920-13,920,13,safe
22,Rickson Ridge,way,1444323839,2,Gordon Street,1055-6,1055,6,safe
22,Rickson Ridge,way,1444323840,2,Gordon Street,1055-5,1055,5,safe
22,Rickson Ridge,way,1444323841,2,Gordon Street,1055-4,1055,4,safe
22,Rickson Ridge,way,1444323842,2,Gordon Street,1055-3,1055,3,safe
22,Rickson Ridge,way,1444323843,2,Gordon Street,1055-2,1055,2,safe
22,Rickson Ridge,way,1444323844,2,Gordon Street,1055-14,1055,14,safe
22,Rickson Ridge,way,1444323845,2,Gordon Street,1055-13,1055,13,safe
22,Rickson Ridge,way,1444323846,2,Gordon Street,1055-12,1055,12,safe
22,Rickson Ridge,way,1444323847,2,Gordon Street,1055-11,1055,11,safe
22,Rickson Ridge,way,1444323848,2,Gordon Street,1055-10,1055,10,safe
22,Rickson Ridge,way,1444323849,2,Gordon Street,1055-9,1055,9,safe
22,Rickson Ridge,way,1444323850,2,Gordon Street,1055-8,1055,8,safe
22,Rickson Ridge,way,1444323851,2,Gordon Street,1055-15,1055,15,safe
22,Rickson Ridge,way,1444323852,2,Gordon Street,1055-16,1055,16,safe
22,Rickson Ridge,way,1444323853,2,Gordon Street,1055-17,1055,17,safe
22,Rickson Ridge,way,1444323854,2,Gordon Street,1055-18,1055,18,safe
22,Rickson Ridge,way,1444323855,2,Gordon Street,1055-19,1055,19,safe
22,Rickson Ridge,way,1444323856,2,Gordon Street,1055-20,1055,20,safe
22,Rickson Ridge,way,1444323857,2,Gordon Street,1055-21,1055,21,safe
22,Rickson Ridge,way,1444323858,2,Gordon Street,1055-55,1055,55,safe
22,Rickson Ridge,way,1444323859,2,Gordon Street,1055-56,1055,56,safe
22,Rickson Ridge,way,1444323860,2,Gordon Street,1055-57,1055,57,safe
22,Rickson Ridge,way,1444323861,2,Gordon Street,1055-58,1055,58,safe
22,Rickson Ridge,way,1444323862,2,Gordon Street,1055-59,1055,59,safe
22,Rickson Ridge,way,1444323863,2,Gordon Street,1055-54,1055,54,safe
22,Rickson Ridge,way,1444323864,2,Gordon Street,1055-53,1055,53,safe
22,Rickson Ridge,way,1444323865,2,Gordon Street,1055-52,1055,52,safe
22,Rickson Ridge,way,1444323866,2,Gordon Street,1055-51,1055,51,safe
22,Rickson Ridge,way,1444323867,2,Gordon Street,1055-50,1055,50,safe
22,Rickson Ridge,way,1444323868,2,Gordon Street,1055-49,1055,49,safe
22,Rickson Ridge,way,1444323869,2,Gordon Street,1055-48,1055,48,safe
22,Rickson Ridge,way,1444323870,2,Gordon Street,1055-46,1055,46,safe
22,Rickson Ridge,way,1444323871,2,Gordon Street,1055-45,1055,45,safe
22,Rickson Ridge,way,1444323872,2,Gordon Street,1055-44,1055,44,safe
22,Rickson Ridge,way,1444323873,2,Gordon Street,1055-43,1055,43,safe
22,Rickson Ridge,way,1444323874,2,Gordon Street,1055-42,1055,42,safe
22,Rickson Ridge,way,1444323875,2,Gordon Street,1055-41,1055,41,safe
22,Rickson Ridge,way,1444323876,2,Gordon Street,1055-40,1055,40,safe
22,Rickson Ridge,way,1444323877,2,Gordon Street,1055-38,1055,38,safe
22,Rickson Ridge,way,1444323878,2,Gordon Street,1055-37,1055,37,safe
22,Rickson Ridge,way,1444323879,2,Gordon Street,1055-36,1055,36,safe
22,Rickson Ridge,way,1444323880,2,Gordon Street,1055-35,1055,35,safe
22,Rickson Ridge,way,1444323881,2,Gordon Street,1055-34,1055,34,safe
22,Rickson Ridge,way,1444323882,2,Gordon Street,1055-33,1055,33,safe
22,Rickson Ridge,way,1444323883,2,Gordon Street,1055-32,1055,32,safe
22,Rickson Ridge,way,1444323884,2,Gordon Street,1055-30,1055,30,safe
22,Rickson Ridge,way,1444323885,2,Gordon Street,1055-29,1055,29,safe
22,Rickson Ridge,way,1444323886,2,Gordon Street,1055-28,1055,28,safe
22,Rickson Ridge,way,1444323887,2,Gordon Street,1055-27,1055,27,safe
22,Rickson Ridge,way,1444323888,2,Gordon Street,1055-26,1055,26,safe
22,Rickson Ridge,way,1444323889,2,Gordon Street,1055-25,1055,25,safe
22,Rickson Ridge,way,1444323890,2,Gordon Street,1055-24,1055,24,safe
22,Rickson Ridge,way,801555962,3,Gordon Street,1055-31,1055,31,safe
22,Rickson Ridge,way,801555963,3,Gordon Street,1055-23,1055,23,safe
22,Rickson Ridge,way,801555964,3,Gordon Street,1055-7,1055,7,safe
22,Rickson Ridge,way,801555965,3,Gordon Street,1055-1,1055,1,safe
22,Rickson Ridge,way,801555966,3,Gordon Street,1055-60,1055,60,safe
22,Rickson Ridge,way,801555967,3,Gordon Street,1055-22,1055,22,safe
22,Rickson Ridge,way,801555968,3,Gordon Street,1055-39,1055,39,safe
22,Rickson Ridge,way,801555969,3,Gordon Street,1055-47,1055,47,safe
22,Rickson Ridge,way,1444324093,1,Gordon Street,1155-64,1155,64,safe
22,Rickson Ridge,way,1444324094,1,Gordon Street,1155-63,1155,63,safe
22,Rickson Ridge,way,1444324095,1,Gordon Street,1155-62,1155,62,safe
22,Rickson Ridge,way,1444324096,1,Gordon Street,1155-60,1155,60,safe
22,Rickson Ridge,way,1444324097,1,Gordon Street,1155-59,1155,59,safe
22,Rickson Ridge,way,1444324098,1,Gordon Street,1155-58,1155,58,safe
22,Rickson Ridge,way,1444324099,1,Gordon Street,1155-57,1155,57,safe
22,Rickson Ridge,way,1444324100,1,Gordon Street,1155-56,1155,56,safe
22,Rickson Ridge,way,1444324101,1,Gordon Street,1155-54,1155,54,safe
22,Rickson Ridge,way,1444324102,1,Gordon Street,1155-53,1155,53,safe
22,Rickson Ridge,way,1444324103,1,Gordon Street,1155-52,1155,52,safe
22,Rickson Ridge,way,1444324104,1,Gordon Street,1155-51,1155,51,safe
22,Rickson Ridge,way,1444324105,1,Gordon Street,1155-50,1155,50,safe
22,Rickson Ridge,way,1444324106,1,Gordon Street,1155-48,1155,48,safe
22,Rickson Ridge,way,1444324107,1,Gordon Street,1155-47,1155,47,safe
22,Rickson Ridge,way,1444324108,1,Gordon Street,1155-46,1155,46,safe
22,Rickson Ridge,way,1444324109,1,Gordon Street,1155-45,1155,45,safe
22,Rickson Ridge,way,1444324110,1,Gordon Street,1155-44,1155,44,safe
22,Rickson Ridge,way,1444324111,1,Gordon Street,1155-90,1155,90,safe
22,Rickson Ridge,way,1444324112,1,Gordon Street,1155-89,1155,89,safe
22,Rickson Ridge,way,1444324113,1,Gordon Street,1155-88,1155,88,safe
22,Rickson Ridge,way,1444324114,1,Gordon Street,1155-91,1155,91,safe
22,Rickson Ridge,way,1444324115,1,Gordon Street,1155-92,1155,92,safe
22,Rickson Ridge,way,1444324116,1,Gordon Street,1155-93,1155,93,safe
22,Rickson Ridge,way,1444324117,1,Gordon Street,1155-98,1155,98,safe
22,Rickson Ridge,way,1444324118,1,Gordon Street,1155-97,1155,97,safe
22,Rickson Ridge,way,1444324119,1,Gordon Street,1155-96,1155,96,safe
22,Rickson Ridge,way,1444324120,1,Gordon Street,1155-102,1155,102,safe
22,Rickson Ridge,way,1444324121,1,Gordon Street,1155-101,1155,101,safe
22,Rickson Ridge,way,1444324122,1,Gordon Street,1155-100,1155,100,safe
22,Rickson Ridge,way,1444324123,1,Gordon Street,1155-108,1155,108,safe
22,Rickson Ridge,way,1444324124,1,Gordon Street,1155-107,1155,107,safe
22,Rickson Ridge,way,1444324125,1,Gordon Street,1155-106,1155,106,safe
22,Rickson Ridge,way,1444324126,1,Gordon Street,1155-105,1155,105,safe
22,Rickson Ridge,way,1444324127,1,Gordon Street,1155-104,1155,104,safe
22,Rickson Ridge,way,1444324128,1,Gordon Street,1155-103,1155,103,safe
22,Rickson Ridge,way,1444324129,1,Gordon Street,1155-99,1155,99,safe
22,Rickson Ridge,way,1444324130,1,Gordon Street,1155-123,1155,123,safe
22,Rickson Ridge,way,1444324131,1,Gordon Street,1155-124,1155,124,safe
22,Rickson Ridge,way,1444324132,1,Gordon Street,1155-125,1155,125,safe
22,Rickson Ridge,way,1444324133,1,Gordon Street,1155-126,1155,126,safe
22,Rickson Ridge,way,1444324134,1,Gordon Street,1155-127,1155,127,safe
22,Rickson Ridge,way,1444324135,1,Gordon Street,1155-128,1155,128,safe
22,Rickson Ridge,way,1444324136,1,Gordon Street,1155-129,1155,129,safe
22,Rickson Ridge,way,1444324137,1,Gordon Street,1155-115,1155,115,safe
22,Rickson Ridge,way,1444324138,1,Gordon Street,1155-116,1155,116,safe
22,Rickson Ridge,way,1444324139,1,Gordon Street,1155-117,1155,117,safe
22,Rickson Ridge,way,1444324140,1,Gordon Street,1155-118,1155,118,safe
22,Rickson Ridge,way,1444324141,1,Gordon Street,1155-119,1155,119,safe
22,Rickson Ridge,way,1444324142,1,Gordon Street,1155-120,1155,120,safe
22,Rickson Ridge,way,1444324143,1,Gordon Street,1155-121,1155,121,safe
22,Rickson Ridge,way,1444324144,1,Gordon Street,1155-122,1155,122,safe
22,Rickson Ridge,way,1444324145,1,Gordon Street,1155-82,1155,82,safe
22,Rickson Ridge,way,1444324146,1,Gordon Street,1155-81,1155,81,safe
22,Rickson Ridge,way,1444324147,1,Gordon Street,1155-80,1155,80,safe
22,Rickson Ridge,way,1444324148,1,Gordon Street,1155-79,1155,79,safe
22,Rickson Ridge,way,1444324149,1,Gordon Street,1155-78,1155,78,safe
22,Rickson Ridge,way,1444324150,1,Gordon Street,1155-86,1155,86,safe
22,Rickson Ridge,way,1444324151,1,Gordon Street,1155-85,1155,85,safe
22,Rickson Ridge,way,1444324152,1,Gordon Street,1155-84,1155,84,safe
22,Rickson Ridge,way,1444324153,1,Gordon Street,1155-70,1155,70,safe
22,Rickson Ridge,way,1444324154,1,Gordon Street,1155-69,1155,69,safe
22,Rickson Ridge,way,1444324155,1,Gordon Street,1155-68,1155,68,safe
22,Rickson Ridge,way,1444324156,1,Gordon Street,1155-67,1155,67,safe
22,Rickson Ridge,way,1444324157,1,Gordon Street,1155-66,1155,66,safe
22,Rickson Ridge,way,1444324158,1,Gordon Street,1155-76,1155,76,safe
22,Rickson Ridge,way,1444324159,1,Gordon Street,1155-75,1155,75,safe
22,Rickson Ridge,way,1444324160,1,Gordon Street,1155-74,1155,74,safe
22,Rickson Ridge,way,1444324161,1,Gordon Street,1155-73,1155,73,safe
22,Rickson Ridge,way,1444324162,1,Gordon Street,1155-72,1155,72,safe
22,Rickson Ridge,way,1444324163,1,Gordon Street,1155-37,1155,37,safe
22,Rickson Ridge,way,1444324164,1,Gordon Street,1155-38,1155,38,safe
22,Rickson Ridge,way,1444324165,1,Gordon Street,1155-39,1155,39,safe
22,Rickson Ridge,way,1444324166,1,Gordon Street,1155-40,1155,40,safe
22,Rickson Ridge,way,1444324167,1,Gordon Street,1155-41,1155,41,safe
22,Rickson Ridge,way,1444324168,1,Gordon Street,1155-31,1155,31,safe
22,Rickson Ridge,way,1444324169,1,Gordon Street,1155-32,1155,32,safe
22,Rickson Ridge,way,1444324170,1,Gordon Street,1155-33,1155,33,safe
22,Rickson Ridge,way,1444324171,1,Gordon Street,1155-34,1155,34,safe
22,Rickson Ridge,way,1444324172,1,Gordon Street,1155-35,1155,35,safe
22,Rickson Ridge,way,1444324173,1,Gordon Street,1155-25,1155,25,safe
22,Rickson Ridge,way,1444324174,1,Gordon Street,1155-26,1155,26,safe
22,Rickson Ridge,way,1444324175,1,Gordon Street,1155-27,1155,27,safe
22,Rickson Ridge,way,1444324176,1,Gordon Street,1155-28,1155,28,safe
22,Rickson Ridge,way,1444324177,1,Gordon Street,1155-29,1155,29,safe
22,Rickson Ridge,way,1444324178,1,Gordon Street,1155-19,1155,19,safe
22,Rickson Ridge,way,1444324179,1,Gordon Street,1155-20,1155,20,safe
22,Rickson Ridge,way,1444324180,1,Gordon Street,1155-21,1155,21,safe
22,Rickson Ridge,way,1444324181,1,Gordon Street,1155-22,1155,22,safe
22,Rickson Ridge,way,1444324182,1,Gordon Street,1155-23,1155,23,safe
22,Rickson Ridge,way,1444324183,1,Gordon Street,1155-18,1155,18,safe
22,Rickson Ridge,way,1444324184,1,Gordon Street,1155-17,1155,17,safe
22,Rickson Ridge,way,1444324185,1,Gordon Street,1155-16,1155,16,safe
22,Rickson Ridge,way,1444324186,1,Gordon Street,1155-9,1155,9,safe
22,Rickson Ridge,way,1444324187,1,Gordon Street,1155-10,1155,10,safe
22,Rickson Ridge,way,1444324188,1,Gordon Street,1155-11,1155,11,safe
22,Rickson Ridge,way,1444324189,1,Gordon Street,1155-12,1155,12,safe
22,Rickson Ridge,way,1444324190,1,Gordon Street,1155-13,1155,13,safe
22,Rickson Ridge,way,1444324191,1,Gordon Street,1155-109,1155,109,safe
22,Rickson Ridge,way,1444324192,1,Gordon Street,1155-110,1155,110,safe
22,Rickson Ridge,way,1444324193,1,Gordon Street,1155-111,1155,111,safe
22,Rickson Ridge,way,1444324194,1,Gordon Street,1155-112,1155,112,safe
22,Rickson Ridge,way,1444324195,1,Gordon Street,1155-113,1155,113,safe
22,Rickson Ridge,way,1444324196,1,Gordon Street,1155-1,1155,1,safe
22,Rickson Ridge,way,1444324197,1,Gordon Street,1155-2,1155,2,safe
22,Rickson Ridge,way,1444324198,1,Gordon Street,1155-3,1155,3,safe
22,Rickson Ridge,way,1444324199,1,Gordon Street,1155-4,1155,4,safe
22,Rickson Ridge,way,1444324200,1,Gordon Street,1155-5,1155,5,safe
22,Rickson Ridge,way,1444324201,1,Gordon Street,1155-6,1155,6,safe
22,Rickson Ridge,way,1444324202,1,Gordon Street,1155-7,1155,7,safe
23,Rickson Ridge,way,208650740,2,Gordon Street,1155-95,1155,95,safe
23,Rickson Ridge,way,208650741,2,Gordon Street,1155-30,1155,30,safe
23,Rickson Ridge,way,208650742,2,Gordon Street,1155-43,1155,43,safe
23,Rickson Ridge,way,208650743,2,Gordon Street,1155-83,1155,83,safe
23,Rickson Ridge,way,208650744,2,Gordon Street,1155-65,1155,65,safe
23,Rickson Ridge,way,208650745,2,Gordon Street,1155-94,1155,94,safe
23,Rickson Ridge,way,208650746,2,Gordon Street,1155-87,1155,87,safe
23,Rickson Ridge,way,208650747,2,Gordon Street,1155-8,1155,8,safe
23,Rickson Ridge,way,208650748,2,Gordon Street,1155-77,1155,77,safe
23,Rickson Ridge,way,208650749,2,Gordon Street,1155-55,1155,55,safe
23,Rickson Ridge,way,208650750,2,Gordon Street,1155-61,1155,61,safe
23,Rickson Ridge,way,208650751,2,Gordon Street,1155-114,1155,114,safe
23,Rickson Ridge,way,208650752,2,Gordon Street,1155-14,1155,14,safe
23,Rickson Ridge,way,208650753,2,Gordon Street,1155-24,1155,24,safe
23,Rickson Ridge,way,208650754,2,Gordon Street,1155-42,1155,42,safe
23,Rickson Ridge,way,208650755,2,Gordon Street,1155-15,1155,15,safe
23,Rickson Ridge,way,208650756,2,Gordon Street,1155-49,1155,49,safe
23,Rickson Ridge,way,208650757,2,Gordon Street,1155-71,1155,71,safe
23,Rickson Ridge,way,208650758,2,Gordon Street,1155-130,1155,130,safe
23,Rickson Ridge,way,208650759,2,Gordon Street,1155-36,1155,36,safe
23,Rickson Ridge,node,13252704133,1,Kortright Road West,160-11,160,11,safe
23,Rickson Ridge,node,13252704134,1,Kortright Road West,160-10,160,10,safe
23,Rickson Ridge,node,13252704135,1,Kortright Road West,160-8,160,8,safe
23,Rickson Ridge,node,13252704136,1,Kortright Road West,160-6,160,6,safe
23,Rickson Ridge,node,13252704137,1,Kortright Road West,160-5,160,5,safe
23,Rickson Ridge,node,13252704138,1,Kortright Road West,160-4,160,4,safe
23,Rickson Ridge,node,13252704139,1,Kortright Road West,160-1,160,1,safe
23,Rickson Ridge,node,13252704140,1,Kortright Road West,160-12,160,12,safe
23,Rickson Ridge,node,13252704141,1,Kortright Road West,160-15,160,15,safe
23,Rickson Ridge,way,1444324203,1,Rodgers Road,66-53,66,53,safe
23,Rickson Ridge,way,1444324204,1,Rodgers Road,66-54,66,54,safe
23,Rickson Ridge,way,1444324205,1,Rodgers Road,66-55,66,55,safe
23,Rickson Ridge,way,1444324206,1,Rodgers Road,66-56,66,56,safe
23,Rickson Ridge,way,1444324207,1,Rodgers Road,66-57,66,57,safe
23,Rickson Ridge,way,1444324208,1,Rodgers Road,66-58,66,58,safe
23,Rickson Ridge,way,1444324209,1,Rodgers Road,66-59,66,59,safe
23,Rickson Ridge,way,1444324210,1,Rodgers Road,66-52,66,52,safe
23,Rickson Ridge,way,1444324211,1,Rodgers Road,66-51,66,51,safe
23,Rickson Ridge,way,1444324212,1,Rodgers Road,66-50,66,50,safe
23,Rickson Ridge,way,1444324213,1,Rodgers Road,66-49,66,49,safe
23,Rickson Ridge,way,1444324214,1,Rodgers Road,66-48,66,48,safe
23,Rickson Ridge,way,1444324215,1,Rodgers Road,66-47,66,47,safe
23,Rickson Ridge,way,1444324216,1,Rodgers Road,66-46,66,46,safe
23,Rickson Ridge,way,1444324217,1,Rodgers Road,66-8,66,8,safe
23,Rickson Ridge,way,1444324218,1,Rodgers Road,66-7,66,7,safe
23,Rickson Ridge,way,1444324219,1,Rodgers Road,66-6,66,6,safe
23,Rickson Ridge,way,1444324220,1,Rodgers Road,66-5,66,5,safe
23,Rickson Ridge,way,1444324221,1,Rodgers Road,66-4,66,4,safe
23,Rickson Ridge,way,1444324222,1,Rodgers Road,66-3,66,3,safe
23,Rickson Ridge,way,1444324223,1,Rodgers Road,66-2,66,2,safe
23,Rickson Ridge,way,1444324224,1,Rodgers Road,66-15,66,15,safe
23,Rickson Ridge,way,1444324225,1,Rodgers Road,66-14,66,14,safe
23,Rickson Ridge,way,1444324226,1,Rodgers Road,66-13,66,13,safe
23,Rickson Ridge,way,1444324227,1,Rodgers Road,66-12,66,12,safe
23,Rickson Ridge,way,1444324228,1,Rodgers Road,66-11,66,11,safe
23,Rickson Ridge,way,1444324229,1,Rodgers Road,66-10,66,10,safe
23,Rickson Ridge,way,1444324230,1,Rodgers Road,66-16,66,16,safe
23,Rickson Ridge,way,1444324231,1,Rodgers Road,66-17,66,17,safe
23,Rickson Ridge,way,1444324232,1,Rodgers Road,66-18,66,18,safe
23,Rickson Ridge,way,1444324233,1,Rodgers Road,66-19,66,19,safe
23,Rickson Ridge,way,1444324234,1,Rodgers Road,66-20,66,20,safe
23,Rickson Ridge,way,1444324235,1,Rodgers Road,66-21,66,21,safe
23,Rickson Ridge,way,1444324236,1,Rodgers Road,66-22,66,22,safe
23,Rickson Ridge,way,1444324237,1,Rodgers Road,66-23,66,23,safe
23,Rickson Ridge,way,1444324238,1,Rodgers Road,66-24,66,24,safe
23,Rickson Ridge,way,1444324239,1,Rodgers Road,66-25,66,25,safe
23,Rickson Ridge,way,1444324240,1,Rodgers Road,66-27,66,27,safe
23,Rickson Ridge,way,1444324241,1,Rodgers Road,66-28,66,28,safe
23,Rickson Ridge,way,1444324242,1,Rodgers Road,66-29,66,29,safe
23,Rickson Ridge,way,1444324243,1,Rodgers Road,66-30,66,30,safe
23,Rickson Ridge,way,1444324244,1,Rodgers Road,66-31,66,31,safe
23,Rickson Ridge,way,1444324245,1,Rodgers Road,66-32,66,32,safe
23,Rickson Ridge,way,1444324246,1,Rodgers Road,66-33,66,33,safe
23,Rickson Ridge,way,1444324247,1,Rodgers Road,66-34,66,34,safe
23,Rickson Ridge,way,1444324248,1,Rodgers Road,66-35,66,35,safe
23,Rickson Ridge,way,1444324249,1,Rodgers Road,66-37,66,37,safe
23,Rickson Ridge,way,1444324250,1,Rodgers Road,66-38,66,38,safe
23,Rickson Ridge,way,1444324251,1,Rodgers Road,66-39,66,39,safe
23,Rickson Ridge,way,1444324252,1,Rodgers Road,66-40,66,40,safe
23,Rickson Ridge,way,1444324253,1,Rodgers Road,66-41,66,41,safe
23,Rickson Ridge,way,1444324254,1,Rodgers Road,66-42,66,42,safe
23,Rickson Ridge,way,1444324255,1,Rodgers Road,66-43,66,43,safe
23,Rickson Ridge,way,801558020,2,Rodgers Road,66-44,66,44,safe
23,Rickson Ridge,way,801558021,4,Rodgers Road,66-45,66,45,safe
23,Rickson Ridge,way,801558022,2,Rodgers Road,66-1,66,1,safe
23,Rickson Ridge,way,801558023,2,Rodgers Road,66-60,66,60,safe
23,Rickson Ridge,way,801558024,2,Rodgers Road,66-9,66,9,safe
23,Rickson Ridge,way,801558025,2,Rodgers Road,66-36,66,36,safe
23,Rickson Ridge,way,801558026,2,Rodgers Road,66-26,66,26,safe
23,Rickson Ridge,way,1444324352,1,Terraview Crescent,165-1,165,1,safe
23,Rickson Ridge,way,1444324353,1,Terraview Crescent,165-2,165,2,safe
23,Rickson Ridge,way,1444324354,1,Terraview Crescent,165-3,165,3,safe
23,Rickson Ridge,way,1444324355,1,Terraview Crescent,165-4,165,4,safe
23,Rickson Ridge,way,1444324356,1,Terraview Crescent,165-5,165,5,safe
23,Rickson Ridge,way,1444324357,1,Terraview Crescent,165-6,165,6,safe
23,Rickson Ridge,way,1444324371,1,Terraview Crescent,165-69,165,69,safe
23,Rickson Ridge,way,1444324372,1,Terraview Crescent,165-70,165,70,safe
23,Rickson Ridge,way,1444324373,1,Terraview Crescent,165-71,165,71,safe
23,Rickson Ridge,way,1444324374,1,Terraview Crescent,165-72,165,72,safe
23,Rickson Ridge,way,1444324375,1,Terraview Crescent,165-73,165,73,safe
23,Rickson Ridge,way,1444324376,1,Terraview Crescent,165-101,165,101,safe
23,Rickson Ridge,way,1444324377,1,Terraview Crescent,165-100,165,100,safe
23,Rickson Ridge,way,1444324378,1,Terraview Crescent,165-99,165,99,safe
23,Rickson Ridge,way,1444324379,1,Terraview Crescent,165-98,165,98,safe
23,Rickson Ridge,way,1444324380,1,Terraview Crescent,165-97,165,97,safe
23,Rickson Ridge,way,1444324381,1,Terraview Crescent,165-96,165,96,safe
23,Rickson Ridge,way,1444324382,1,Terraview Crescent,165-94,165,94,safe
23,Rickson Ridge,way,1444324383,1,Terraview Crescent,165-93,165,93,safe
23,Rickson Ridge,way,1444324384,1,Terraview Crescent,165-92,165,92,safe
23,Rickson Ridge,way,1444324385,1,Terraview Crescent,165-91,165,91,safe
23,Rickson Ridge,way,1444324386,1,Terraview Crescent,165-90,165,90,safe
23,Rickson Ridge,way,1444324387,1,Terraview Crescent,165-89,165,89,safe
23,Rickson Ridge,way,1444324388,1,Terraview Crescent,165-87,165,87,safe
23,Rickson Ridge,way,1444324389,1,Terraview Crescent,165-86,165,86,safe
23,Rickson Ridge,way,1444324390,1,Terraview Crescent,165-85,165,85,safe
23,Rickson Ridge,way,1444324391,1,Terraview Crescent,165-84,165,84,safe
23,Rickson Ridge,way,1444324392,1,Terraview Crescent,165-83,165,83,safe
23,Rickson Ridge,way,1444324393,1,Terraview Crescent,165-82,165,82,safe
23,Rickson Ridge,way,1444324394,1,Terraview Crescent,165-80,165,80,safe
23,Rickson Ridge,way,1444324395,1,Terraview Crescent,165-79,165,79,safe
23,Rickson Ridge,way,1444324396,1,Terraview Crescent,165-78,165,78,safe
23,Rickson Ridge,way,1444324397,1,Terraview Crescent,165-77,165,77,safe
23,Rickson Ridge,way,1444324398,1,Terraview Crescent,165-76,165,76,safe
23,Rickson Ridge,way,1444324404,1,Terraview Crescent,165-11,165,11,safe
23,Rickson Ridge,way,1444324405,1,Terraview Crescent,165-10,165,10,safe
23,Rickson Ridge,way,1444324406,1,Terraview Crescent,165-9,165,9,safe
23,Rickson Ridge,way,1444324407,1,Terraview Crescent,165-12,165,12,safe
23,Rickson Ridge,way,1444324408,1,Terraview Crescent,165-13,165,13,safe
23,Rickson Ridge,way,1444324409,1,Terraview Crescent,165-14,165,14,safe
23,Rickson Ridge,way,1444324410,1,Terraview Crescent,165-15,165,15,safe
23,Rickson Ridge,way,1444324411,1,Terraview Crescent,165-21,165,21,safe
23,Rickson Ridge,way,1444324412,1,Terraview Crescent,165-20,165,20,safe
23,Rickson Ridge,way,1444324413,1,Terraview Crescent,165-19,165,19,safe
23,Rickson Ridge,way,1444324414,1,Terraview Crescent,165-18,165,18,safe
23,Rickson Ridge,way,1444324415,1,Terraview Crescent,165-22,165,22,safe
23,Rickson Ridge,way,1444324416,1,Terraview Crescent,165-23,165,23,safe
23,Rickson Ridge,way,1444324417,1,Terraview Crescent,165-24,165,24,safe
23,Rickson Ridge,way,1444324418,1,Terraview Crescent,165-25,165,25,safe
23,Rickson Ridge,way,1444324419,1,Terraview Crescent,165-26,165,26,safe
23,Rickson Ridge,way,1444324420,1,Terraview Crescent,165-27,165,27,safe
23,Rickson Ridge,way,1444324421,1,Terraview Crescent,165-29,165,29,safe
23,Rickson Ridge,way,1444324422,1,Terraview Crescent,165-30,165,30,safe
23,Rickson Ridge,way,1444324423,1,Terraview Crescent,165-31,165,31,safe
23,Rickson Ridge,way,1444324424,1,Terraview Crescent,165-32,165,32,safe
23,Rickson Ridge,way,1444324425,1,Terraview Crescent,165-33,165,33,safe
23,Rickson Ridge,way,1444324426,1,Terraview Crescent,165-35,165,35,safe
23,Rickson Ridge,way,1444324427,1,Terraview Crescent,165-36,165,36,safe
23,Rickson Ridge,way,1444324428,1,Terraview Crescent,165-37,165,37,safe
23,Rickson Ridge,way,1444324429,1,Terraview Crescent,165-38,165,38,safe
23,Rickson Ridge,way,1444324430,1,Terraview Crescent,165-39,165,39,safe
23,Rickson Ridge,way,1444324431,1,Terraview Crescent,165-41,165,41,safe
23,Rickson Ridge,way,1444324432,1,Terraview Crescent,165-42,165,42,safe
23,Rickson Ridge,way,1444324433,1,Terraview Crescent,165-43,165,43,safe
23,Rickson Ridge,way,1444324434,1,Terraview Crescent,165-44,165,44,safe
23,Rickson Ridge,way,1444324435,1,Terraview Crescent,165-45,165,45,safe
23,Rickson Ridge,way,1444324436,1,Terraview Crescent,165-47,165,47,safe
23,Rickson Ridge,way,1444324437,1,Terraview Crescent,165-48,165,48,safe
23,Rickson Ridge,way,1444324438,1,Terraview Crescent,165-49,165,49,safe
23,Rickson Ridge,way,1444324439,1,Terraview Crescent,165-50,165,50,safe
23,Rickson Ridge,way,1444324440,1,Terraview Crescent,165-51,165,51,safe
23,Rickson Ridge,way,1444324441,1,Terraview Crescent,165-56,165,56,safe
23,Rickson Ridge,way,1444324442,1,Terraview Crescent,165-55,165,55,safe
23,Rickson Ridge,way,1444324443,1,Terraview Crescent,165-54,165,54,safe
23,Rickson Ridge,way,1444324444,1,Terraview Crescent,165-57,165,57,safe
23,Rickson Ridge,way,1444324445,1,Terraview Crescent,165-58,165,58,safe
23,Rickson Ridge,way,1444324446,1,Terraview Crescent,165-59,165,59,safe
23,Rickson Ridge,way,1444324447,1,Terraview Crescent,165-60,165,60,safe
23,Rickson Ridge,way,1444324448,1,Terraview Crescent,165-61,165,61,safe
23,Rickson Ridge,way,1444324449,1,Terraview Crescent,165-63,165,63,safe
23,Rickson Ridge,way,1444324450,1,Terraview Crescent,165-64,165,64,safe
23,Rickson Ridge,way,1444324451,1,Terraview Crescent,165-65,165,65,safe
23,Rickson Ridge,way,1444324452,1,Terraview Crescent,165-66,165,66,safe
23,Rickson Ridge,way,1444324453,1,Terraview Crescent,165-67,165,67,safe
23,Rickson Ridge,way,801669435,2,Terraview Crescent,165-68,165,68,safe
23,Rickson Ridge,way,801669436,2,Terraview Crescent,165-62,165,62,safe
23,Rickson Ridge,way,801669437,2,Terraview Crescent,165-53,165,53,safe
23,Rickson Ridge,way,801669438,2,Terraview Crescent,165-74,165,74,safe
23,Rickson Ridge,way,801669441,2,Terraview Crescent,165-75,165,75,safe
23,Rickson Ridge,way,801669442,2,Terraview Crescent,165-52,165,52,safe
23,Rickson Ridge,way,801669443,2,Terraview Crescent,165-46,165,46,safe
23,Rickson Ridge,way,801669444,2,Terraview Crescent,165-40,165,40,safe
23,Rickson Ridge,way,801669445,2,Terraview Crescent,165-34,165,34,safe
23,Rickson Ridge,way,801669446,2,Terraview Crescent,165-81,165,81,safe
23,Rickson Ridge,way,801669447,2,Terraview Crescent,165-88,165,88,safe
23,Rickson Ridge,way,801669448,2,Terraview Crescent,165-95,165,95,safe
23,Rickson Ridge,way,801669450,2,Terraview Crescent,165-28,165,28,safe
23,Rickson Ridge,way,801669451,2,Terraview Crescent,165-17,165,17,safe
23,Rickson Ridge,way,801669452,2,Terraview Crescent,165-16,165,16,safe
23,Rickson Ridge,way,801669453,2,Terraview Crescent,165-8,165,8,safe
23,Rickson Ridge,way,801669457,2,Terraview Crescent,165-7,165,7,safe
24,Onward Willow,way,1442367287,1,Applewood Crescent,4-D1,4,D1,safe
24,Onward Willow,way,1442367288,1,Applewood Crescent,4-D4,4,D4,safe
24,Onward Willow,way,1442367289,1,Applewood Crescent,4-D7,4,D7,safe
24,Onward Willow,way,1442367290,1,Applewood Crescent,4-D6,4,D6,safe
24,Onward Willow,way,1442367291,1,Applewood Crescent,4-D5,4,D5,safe
24,Onward Willow,way,1442367292,1,Applewood Crescent,4-D2,4,D2,safe
24,Onward Willow,way,1442367293,1,Applewood Crescent,4-D8,4,D8,safe
24,Onward Willow,way,1442367294,1,Applewood Crescent,4-D9,4,D9,safe
24,Onward Willow,way,1442367295,1,Applewood Crescent,4-D10,4,D10,safe
24,Onward Willow,way,1442367296,1,Applewood Crescent,4-D11,4,D11,safe
24,Onward Willow,way,1442367297,1,Applewood Crescent,4-D12,4,D12,safe
24,Onward Willow,way,1442367298,1,Applewood Crescent,4-D14,4,D14,safe
24,Onward Willow,way,802119872,2,Applewood Crescent,4-D3,4,D3,safe
24,Onward Willow,way,1442366989,1,Bagot Street,121-22,121,22,safe
24,Onward Willow,way,1442366990,1,Bagot Street,121-20,121,20,safe
24,Onward Willow,way,1442366991,1,Bagot Street,121-19,121,19,safe
24,Onward Willow,way,1442366992,1,Bagot Street,121-18,121,18,safe
24,Onward Willow,way,1442366993,1,Bagot Street,121-17,121,17,safe
24,Onward Willow,way,1442366994,1,Bagot Street,121-14,121,14,safe
24,Onward Willow,way,1442366995,1,Bagot Street,121-13,121,13,safe
24,Onward Willow,way,1442366996,1,Bagot Street,121-11,121,11,safe
24,Onward Willow,way,1442366997,1,Bagot Street,121-10,121,10,safe
24,Onward Willow,way,1442366998,1,Bagot Street,121-9,121,9,safe
24,Onward Willow,way,1442366999,1,Bagot Street,121-8,121,8,safe
24,Onward Willow,way,1442367000,1,Bagot Street,121-7,121,7,safe
24,Onward Willow,way,1442367001,1,Bagot Street,121-6,121,6,safe
24,Onward Willow,way,1442367002,1,Bagot Street,121-5,121,5,safe
24,Onward Willow,way,1442367003,1,Bagot Street,121-4,121,4,safe
24,Onward Willow,way,1442367004,1,Bagot Street,121-3,121,3,safe
24,Onward Willow,way,1442367005,1,Bagot Street,121-2,121,2,safe
24,Onward Willow,way,1442367006,1,Bagot Street,121-1,121,1,safe
24,Onward Willow,way,1442367007,1,Bagot Street,121-15,121,15,safe
24,Onward Willow,way,1442367008,1,Bagot Street,121-16,121,16,safe
24,Onward Willow,way,1442367009,1,Bagot Street,121-23,121,23,safe
24,Onward Willow,way,1442367010,1,Bagot Street,121-24,121,24,safe
24,Onward Willow,way,1442367011,1,Bagot Street,121-25,121,25,safe
24,Onward Willow,way,1442367012,1,Bagot Street,121-26,121,26,safe
24,Onward Willow,way,1442367013,1,Bagot Street,121-27,121,27,safe
24,Onward Willow,way,1442367014,1,Bagot Street,121-28,121,28,safe
24,Onward Willow,way,1442367015,1,Bagot Street,121-29,121,29,safe
24,Onward Willow,way,1442367016,1,Bagot Street,121-50,121,50,safe
24,Onward Willow,way,1442367017,1,Bagot Street,121-49,121,49,safe
24,Onward Willow,way,1442367018,1,Bagot Street,121-48,121,48,safe
24,Onward Willow,way,1442367019,1,Bagot Street,121-47,121,47,safe
24,Onward Willow,way,1442367020,1,Bagot Street,121-46,121,46,safe
24,Onward Willow,way,1442367021,1,Bagot Street,121-45,121,45,safe
24,Onward Willow,way,1442367022,1,Bagot Street,121-44,121,44,safe
24,Onward Willow,way,1442367023,1,Bagot Street,121-43,121,43,safe
24,Onward Willow,way,1442367024,1,Bagot Street,121-42,121,42,safe
24,Onward Willow,way,1442367025,1,Bagot Street,121-41,121,41,safe
24,Onward Willow,way,1442367026,1,Bagot Street,121-40,121,40,safe
24,Onward Willow,way,1442367027,1,Bagot Street,121-38,121,38,safe
24,Onward Willow,way,1442367028,1,Bagot Street,121-37,121,37,safe
24,Onward Willow,way,1442367029,1,Bagot Street,121-36,121,36,safe
24,Onward Willow,way,1442367030,1,Bagot Street,121-35,121,35,safe
24,Onward Willow,way,1442367031,1,Bagot Street,121-34,121,34,safe
24,Onward Willow,way,1442367032,1,Bagot Street,121-33,121,33,safe
24,Onward Willow,way,1442367033,1,Bagot Street,121-32,121,32,safe
24,Onward Willow,way,802119196,3,Bagot Street,121-21,121,21,safe
24,Onward Willow,way,802119197,2,Bagot Street,121-30,121,30,safe
24,Onward Willow,way,802119198,2,Bagot Street,121-31,121,31,safe
24,Onward Willow,way,802119199,2,Bagot Street,121-39,121,39,safe
24,Onward Willow,way,802119200,2,Bagot Street,121-12,121,12,safe
24,Onward Willow,way,1442367047,1,Dawson Road,39-20,39,20,safe
24,Onward Willow,way,1442367048,1,Dawson Road,39-21,39,21,safe
24,Onward Willow,way,1442367049,1,Dawson Road,39-22,39,22,safe
24,Onward Willow,way,1442367050,1,Dawson Road,39-23,39,23,safe
24,Onward Willow,way,1442367051,1,Dawson Road,39-24,39,24,safe
24,Onward Willow,way,1442367052,1,Dawson Road,39-25,39,25,safe
24,Onward Willow,way,1442367053,1,Dawson Road,39-26,39,26,safe
24,Onward Willow,way,1442367054,1,Dawson Road,39-27,39,27,safe
24,Onward Willow,way,1442367055,1,Dawson Road,39-28,39,28,safe
24,Onward Willow,way,1442367056,1,Dawson Road,39-37,39,37,safe
24,Onward Willow,way,1442367057,1,Dawson Road,39-36,39,36,safe
24,Onward Willow,way,1442367058,1,Dawson Road,39-35,39,35,safe
24,Onward Willow,way,1442367059,1,Dawson Road,39-34,39,34,safe
24,Onward Willow,way,1442367060,1,Dawson Road,39-33,39,33,safe
24,Onward Willow,way,1442367061,1,Dawson Road,39-32,39,32,safe
24,Onward Willow,way,1442367062,1,Dawson Road,39-31,39,31,safe
24,Onward Willow,way,1442367063,1,Dawson Road,39-19,39,19,safe
24,Onward Willow,way,1442367064,1,Dawson Road,39-18,39,18,safe
24,Onward Willow,way,1442367065,1,Dawson Road,39-17,39,17,safe
24,Onward Willow,way,1442367066,1,Dawson Road,39-16,39,16,safe
24,Onward Willow,way,1442367067,1,Dawson Road,39-15,39,15,safe
24,Onward Willow,way,1442367068,1,Dawson Road,39-14,39,14,safe
24,Onward Willow,way,1442367069,1,Dawson Road,39-12,39,12,safe
24,Onward Willow,way,1442367070,1,Dawson Road,39-10,39,10,safe
24,Onward Willow,way,1442367071,1,Dawson Road,39-9,39,9,safe
24,Onward Willow,way,1442367072,1,Dawson Road,39-8,39,8,safe
24,Onward Willow,way,1442367073,1,Dawson Road,39-7,39,7,safe
24,Onward Willow,way,1442367074,1,Dawson Road,39-6,39,6,safe
24,Onward Willow,way,1442367075,1,Dawson Road,39-5,39,5,safe
24,Onward Willow,way,1442367076,1,Dawson Road,39-4,39,4,safe
24,Onward Willow,way,1442367077,1,Dawson Road,39-3,39,3,safe
24,Onward Willow,way,1442367078,1,Dawson Road,39-2,39,2,safe
24,Onward Willow,way,802119180,3,Dawson Road,39-29,39,29,safe
24,Onward Willow,way,802119181,2,Dawson Road,39-30,39,30,safe
24,Onward Willow,way,802119182,2,Dawson Road,39-1,39,1,safe
24,Onward Willow,way,802119183,2,Dawson Road,39-11,39,11,safe
24,Onward Willow,way,1442367122,1,Greengate Road,31-118,31,118,safe
24,Onward Willow,way,1442367123,1,Greengate Road,31-120,31,120,safe
24,Onward Willow,way,1442367124,1,Greengate Road,31-121,31,121,safe
24,Onward Willow,way,1442367125,1,Greengate Road,31-122,31,122,safe
24,Onward Willow,way,1442367126,1,Greengate Road,31-123,31,123,safe
24,Onward Willow,way,1442367127,1,Greengate Road,31-124,31,124,safe
24,Onward Willow,way,1442367128,1,Greengate Road,31-125,31,125,safe
24,Onward Willow,way,1442367129,1,Greengate Road,31-126,31,126,safe
24,Onward Willow,way,1442367130,1,Greengate Road,31-127,31,127,safe
24,Onward Willow,way,1442367131,1,Greengate Road,31-128,31,128,safe
24,Onward Willow,way,1442367132,1,Greengate Road,31-208,31,208,safe
24,Onward Willow,way,1442367133,1,Greengate Road,31-207,31,207,safe
24,Onward Willow,way,1442367134,1,Greengate Road,31-212,31,212,safe
24,Onward Willow,way,1442367135,1,Greengate Road,31-210,31,210,safe
24,Onward Willow,way,1442367136,1,Greengate Road,31-214,31,214,safe
24,Onward Willow,way,1442367137,1,Greengate Road,31-215,31,215,safe
24,Onward Willow,way,1442367138,1,Greengate Road,31-213,31,213,safe
24,Onward Willow,way,1442367139,1,Greengate Road,31-209,31,209,safe
24,Onward Willow,way,1442367140,1,Greengate Road,31-205,31,205,safe
24,Onward Willow,way,1442367141,1,Greengate Road,31-203,31,203,safe
24,Onward Willow,way,1442367142,1,Greengate Road,31-202,31,202,safe
24,Onward Willow,way,1442367143,1,Greengate Road,31-201,31,201,safe
24,Onward Willow,way,1442367144,1,Greengate Road,31-204,31,204,safe
24,Onward Willow,way,1442367145,1,Greengate Road,31-254,31,254,safe
24,Onward Willow,way,1442367146,1,Greengate Road,31-257,31,257,safe
24,Onward Willow,way,1442367147,1,Greengate Road,31-258,31,258,safe
24,Onward Willow,way,1442367148,1,Greengate Road,31-259,31,259,safe
24,Onward Willow,way,1442367149,1,Greengate Road,31-260,31,260,safe
24,Onward Willow,way,1442367150,1,Greengate Road,31-262,31,262,safe
24,Onward Willow,way,1442367151,1,Greengate Road,31-263,31,263,safe
24,Onward Willow,way,1442367152,1,Greengate Road,31-264,31,264,safe
24,Onward Willow,way,1442367153,1,Greengate Road,31-223,31,223,safe
24,Onward Willow,way,1442367154,1,Greengate Road,31-225,31,225,safe
24,Onward Willow,way,1442367155,1,Greengate Road,31-226,31,226,safe
24,Onward Willow,way,1442367156,1,Greengate Road,31-227,31,227,safe
24,Onward Willow,way,1442367157,1,Greengate Road,31-228,31,228,safe
24,Onward Willow,way,1442367158,1,Greengate Road,31-229,31,229,safe
24,Onward Willow,way,1442367159,1,Greengate Road,31-230,31,230,safe
24,Onward Willow,way,1442367160,1,Greengate Road,31-231,31,231,safe
24,Onward Willow,way,1442367161,1,Greengate Road,31-232,31,232,safe
24,Onward Willow,way,1442367162,1,Greengate Road,31-233,31,233,safe
24,Onward Willow,way,1442367163,1,Greengate Road,31-234,31,234,safe
24,Onward Willow,way,1442367164,1,Greengate Road,31-235,31,235,safe
24,Onward Willow,way,1442367165,1,Greengate Road,31-236,31,236,safe
24,Onward Willow,way,1442367166,1,Greengate Road,31-239,31,239,safe
24,Onward Willow,way,1442367167,1,Greengate Road,31-237,31,237,safe
24,Onward Willow,way,1442367168,1,Greengate Road,31-238,31,238,safe
24,Onward Willow,way,1442367169,1,Greengate Road,31-216,31,216,safe
24,Onward Willow,way,1442367170,1,Greengate Road,31-218,31,218,safe
24,Onward Willow,way,1442367171,1,Greengate Road,31-219,31,219,safe
24,Onward Willow,way,1442367172,1,Greengate Road,31-220,31,220,safe
24,Onward Willow,way,1442367173,1,Greengate Road,31-222,31,222,safe
24,Onward Willow,way,1442367174,1,Greengate Road,31-221,31,221,safe
24,Onward Willow,way,1442367175,1,Greengate Road,31-217,31,217,safe
24,Onward Willow,way,1442367176,1,Greengate Road,31-255,31,255,safe
24,Onward Willow,way,1442367177,1,Greengate Road,31-261,31,261,safe
24,Onward Willow,way,1442367178,1,Greengate Road,31-115,31,115,safe
24,Onward Willow,way,1442367179,1,Greengate Road,31-116,31,116,safe
24,Onward Willow,way,1442367180,1,Greengate Road,31-117,31,117,safe
24,Onward Willow,way,1442367181,1,Greengate Road,31-111,31,111,safe
24,Onward Willow,way,1442367182,1,Greengate Road,31-110,31,110,safe
24,Onward Willow,way,1442367183,1,Greengate Road,31-109,31,109,safe
24,Onward Willow,way,1442367184,1,Greengate Road,31-108,31,108,safe
24,Onward Willow,way,1442367185,1,Greengate Road,31-107,31,107,safe
24,Onward Willow,way,1442367186,1,Greengate Road,31-106,31,106,safe
24,Onward Willow,way,1442367187,1,Greengate Road,31-103,31,103,safe
24,Onward Willow,way,1442367188,1,Greengate Road,31-102,31,102,safe
24,Onward Willow,way,1442367189,1,Greengate Road,31-101,31,101,safe
24,Onward Willow,way,1442367190,1,Greengate Road,31-113,31,113,safe
24,Onward Willow,way,1442367191,1,Greengate Road,31-114,31,114,safe
24,Onward Willow,way,1442367192,1,Greengate Road,31-105,31,105,safe
24,Onward Willow,way,1442367193,1,Greengate Road,31-104,31,104,safe
24,Onward Willow,way,1442367208,1,Greengate Road,31-253,31,253,safe
24,Onward Willow,way,1442367209,1,Greengate Road,31-251,31,251,safe
24,Onward Willow,way,1442367210,1,Greengate Road,31-250,31,250,safe
24,Onward Willow,way,1442367211,1,Greengate Road,31-249,31,249,safe
24,Onward Willow,way,1442367212,1,Greengate Road,31-248,31,248,safe
24,Onward Willow,way,1442367213,1,Greengate Road,31-247,31,247,safe
24,Onward Willow,way,1442367214,1,Greengate Road,31-246,31,246,safe
24,Onward Willow,way,1442367215,1,Greengate Road,31-245,31,245,safe
24,Onward Willow,way,1442367216,1,Greengate Road,31-252,31,252,safe
24,Onward Willow,way,1442367217,1,Greengate Road,31-243,31,243,safe
24,Onward Willow,way,1442367218,1,Greengate Road,31-242,31,242,safe
24,Onward Willow,way,1442367219,1,Greengate Road,31-241,31,241,safe
24,Onward Willow,way,1442367220,1,Greengate Road,31-240,31,240,safe
24,Onward Willow,way,1442367221,1,Greengate Road,31-129,31,129,safe
24,Onward Willow,way,1442367222,1,Greengate Road,31-130,31,130,safe
24,Onward Willow,way,1442367223,1,Greengate Road,31-131,31,131,safe
24,Onward Willow,way,1442367224,1,Greengate Road,31-132,31,132,safe
24,Onward Willow,way,1442367225,1,Greengate Road,31-133,31,133,safe
24,Onward Willow,way,1442367226,1,Greengate Road,31-134,31,134,safe
24,Onward Willow,way,1442367227,1,Greengate Road,31-135,31,135,safe
24,Onward Willow,way,1442367228,1,Greengate Road,31-136,31,136,safe
24,Onward Willow,way,1442367229,1,Greengate Road,31-137,31,137,safe
24,Onward Willow,way,1442367230,1,Greengate Road,31-138,31,138,safe
24,Onward Willow,way,1442367231,1,Greengate Road,31-139,31,139,safe
24,Onward Willow,way,802119857,3,Greengate Road,31-256,31,256,safe
24,Onward Willow,way,802119858,6,Greengate Road,31-224,31,224,safe
24,Onward Willow,way,802119859,3,Greengate Road,31-206,31,206,safe
24,Onward Willow,way,802119860,3,Greengate Road,31-244,31,244,safe
24,Onward Willow,way,802119861,4,Greengate Road,31-119,31,119,safe
24,Onward Willow,way,802119862,5,Greengate Road,31-112,31,112,safe
24,Onward Willow,way,802119865,2,Greengate Road,31-140,31,140,safe
24,Onward Willow,way,923250522,4,Greengate Road,31-211,31,211,safe
24,Onward Willow,node,13234721014,1,Silvercreek Parkway North,119-F,119,F,safe
24,Onward Willow,node,13234721015,1,Silvercreek Parkway North,119-E,119,E,safe
24,Onward Willow,node,13234721016,1,Silvercreek Parkway North,119-D,119,D,safe
24,Onward Willow,node,13234721017,1,Silvercreek Parkway North,119-C,119,C,safe
24,Onward Willow,node,13234721018,1,Silvercreek Parkway North,119-B,119,B,safe
24,Onward Willow,node,13234721019,1,Silvercreek Parkway North,119-A,119,A,safe
24,Onward Willow,node,13234721058,1,Silvercreek Parkway North,130-13,130,13,safe
24,Onward Willow,node,13234721059,1,Silvercreek Parkway North,130-1,130,1,safe
24,Onward Willow,node,13234721060,1,Silvercreek Parkway North,130-5,130,5,safe
24,Onward Willow,node,13234721061,1,Silvercreek Parkway North,130-14,130,14,safe
24,Onward Willow,node,13234721062,1,Silvercreek Parkway North,130-10,130,10,safe
24,Onward Willow,node,13234721063,1,Silvercreek Parkway North,130-6,130,6,safe
24,Onward Willow,node,13234721064,1,Silvercreek Parkway North,130-8,130,8,safe
24,Onward Willow,node,13234721065,1,Silvercreek Parkway North,130-12,130,12,safe
24,Onward Willow,node,13234721066,1,Silvercreek Parkway North,130-9,130,9,safe
24,Onward Willow,node,13234721067,1,Silvercreek Parkway North,130-4,130,4,safe
24,Onward Willow,node,13234721068,1,Silvercreek Parkway North,130-24,130,24,safe
24,Onward Willow,node,13234721069,1,Silvercreek Parkway North,130-7,130,7,safe
24,Onward Willow,node,13234721070,1,Silvercreek Parkway North,130-2,130,2,safe
24,Onward Willow,node,13234721071,1,Silvercreek Parkway North,130-15,130,15,safe
24,Onward Willow,node,13234721072,1,Silvercreek Parkway North,130-17,130,17,safe
24,Onward Willow,node,13234721073,1,Silvercreek Parkway North,130-23,130,23,safe
24,Onward Willow,node,13234721074,1,Silvercreek Parkway North,130-18,130,18,safe
24,Onward Willow,node,13234721075,1,Silvercreek Parkway North,130-19,130,19,safe
24,Onward Willow,node,13234721076,1,Silvercreek Parkway North,130-21,130,21,safe
24,Onward Willow,way,256118507,3,Silvercreek Parkway North,130-22,130,22,safe
24,Onward Willow,way,1442367120,2,Silvercreek Parkway North,201-50,201,50,safe
24,Onward Willow,way,1442367121,1,Silvercreek Parkway North,201-60,201,60,safe
24,Onward Willow,way,1442367194,1,Silvercreek Parkway North,201-15,201,15,safe
24,Onward Willow,way,1442367195,1,Silvercreek Parkway North,201-14,201,14,safe
24,Onward Willow,way,1442367196,1,Silvercreek Parkway North,201-13,201,13,safe
24,Onward Willow,way,1442367197,1,Silvercreek Parkway North,201-12,201,12,safe
24,Onward Willow,way,1442367198,1,Silvercreek Parkway North,201-11,201,11,safe
24,Onward Willow,way,1442367199,1,Silvercreek Parkway North,201-10,201,10,safe
24,Onward Willow,way,1442367200,1,Silvercreek Parkway North,201-9,201,9,safe
24,Onward Willow,way,1442367201,1,Silvercreek Parkway North,201-8,201,8,safe
24,Onward Willow,way,1442367202,1,Silvercreek Parkway North,201-7,201,7,safe
24,Onward Willow,way,1442367203,1,Silvercreek Parkway North,201-6,201,6,safe
24,Onward Willow,way,1442367204,1,Silvercreek Parkway North,201-5,201,5,safe
24,Onward Willow,way,1442367205,1,Silvercreek Parkway North,201-4,201,4,safe
24,Onward Willow,way,1442367206,1,Silvercreek Parkway North,201-3,201,3,safe
24,Onward Willow,way,1442367207,1,Silvercreek Parkway North,201-2,201,2,safe
24,Onward Willow,way,1442367232,1,Silvercreek Parkway North,201-16,201,16,safe
24,Onward Willow,way,1442367233,1,Silvercreek Parkway North,201-17,201,17,safe
24,Onward Willow,way,1442367234,1,Silvercreek Parkway North,201-18,201,18,safe
24,Onward Willow,way,1442367235,1,Silvercreek Parkway North,201-19,201,19,safe
24,Onward Willow,way,1442367236,1,Silvercreek Parkway North,201-20,201,20,safe
25,Onward Willow,way,1442367237,1,Silvercreek Parkway North,201-21,201,21,safe
25,Onward Willow,way,1442367238,1,Silvercreek Parkway North,201-33,201,33,safe
25,Onward Willow,way,1442367239,1,Silvercreek Parkway North,201-32,201,32,safe
25,Onward Willow,way,1442367240,1,Silvercreek Parkway North,201-31,201,31,safe
25,Onward Willow,way,1442367241,1,Silvercreek Parkway North,201-30,201,30,safe
25,Onward Willow,way,1442367242,1,Silvercreek Parkway North,201-29,201,29,safe
25,Onward Willow,way,1442367243,1,Silvercreek Parkway North,201-28,201,28,safe
25,Onward Willow,way,1442367244,1,Silvercreek Parkway North,201-27,201,27,safe
25,Onward Willow,way,1442367245,1,Silvercreek Parkway North,201-26,201,26,safe
25,Onward Willow,way,1442367246,1,Silvercreek Parkway North,201-25,201,25,safe
25,Onward Willow,way,1442367247,1,Silvercreek Parkway North,201-24,201,24,safe
25,Onward Willow,way,1442367248,1,Silvercreek Parkway North,201-58,201,58,safe
25,Onward Willow,way,1442367249,1,Silvercreek Parkway North,201-59,201,59,safe
25,Onward Willow,way,1442367250,1,Silvercreek Parkway North,201-57,201,57,safe
25,Onward Willow,way,1442367251,1,Silvercreek Parkway North,201-63,201,63,safe
25,Onward Willow,way,1442367252,1,Silvercreek Parkway North,201-66,201,66,safe
25,Onward Willow,way,1442367253,1,Silvercreek Parkway North,201-34,201,34,safe
25,Onward Willow,way,1442367254,1,Silvercreek Parkway North,201-36,201,36,safe
25,Onward Willow,way,1442367255,1,Silvercreek Parkway North,201-37,201,37,safe
25,Onward Willow,way,1442367256,1,Silvercreek Parkway North,201-41,201,41,safe
25,Onward Willow,way,1442367257,1,Silvercreek Parkway North,201-42,201,42,safe
25,Onward Willow,way,1442367258,1,Silvercreek Parkway North,201-43,201,43,safe
25,Onward Willow,way,1442367259,1,Silvercreek Parkway North,201-44,201,44,safe
25,Onward Willow,way,1442367260,1,Silvercreek Parkway North,201-45,201,45,safe
25,Onward Willow,way,1442367261,1,Silvercreek Parkway North,201-62,201,62,safe
25,Onward Willow,way,1442367262,1,Silvercreek Parkway North,201-65,201,65,safe
25,Onward Willow,way,1442367263,1,Silvercreek Parkway North,201-64,201,64,safe
25,Onward Willow,way,1442367264,1,Silvercreek Parkway North,201-35,201,35,safe
25,Onward Willow,way,1442367265,1,Silvercreek Parkway North,201-39,201,39,safe
25,Onward Willow,way,1442367266,1,Silvercreek Parkway North,201-38,201,38,safe
25,Onward Willow,way,1442367267,1,Silvercreek Parkway North,201-54,201,54,safe
25,Onward Willow,way,1442367268,1,Silvercreek Parkway North,201-55,201,55,safe
25,Onward Willow,way,1442367269,1,Silvercreek Parkway North,201-48,201,48,safe
25,Onward Willow,way,1442367270,1,Silvercreek Parkway North,201-49,201,49,safe
25,Onward Willow,way,1442367271,1,Silvercreek Parkway North,201-52,201,52,safe
25,Onward Willow,way,1442367272,1,Silvercreek Parkway North,201-51,201,51,safe
25,Onward Willow,way,1442367273,1,Silvercreek Parkway North,201-46,201,46,safe
25,Onward Willow,way,1442367274,1,Silvercreek Parkway North,201-47,201,47,safe
25,Onward Willow,way,1442367275,1,Silvercreek Parkway North,201-56,201,56,safe
25,Onward Willow,way,1442367276,1,Silvercreek Parkway North,201-53,201,53,safe
25,Onward Willow,way,1442367277,1,Silvercreek Parkway North,201-61,201,61,safe
25,Onward Willow,way,802119863,2,Silvercreek Parkway North,201-1,201,1,safe
25,Onward Willow,way,802119864,6,Silvercreek Parkway North,201-40,201,40,safe
25,Onward Willow,way,802119866,2,Silvercreek Parkway North,201-22,201,22,safe
25,Onward Willow,way,802119867,2,Silvercreek Parkway North,201-23,201,23,safe
25,Onward Willow,way,1442367113,1,Silvercreek Parkway North,218-13,218,13,safe
25,Onward Willow,way,1442367114,1,Silvercreek Parkway North,218-12,218,12,safe
25,Onward Willow,way,1442367115,1,Silvercreek Parkway North,218-10,218,10,safe
25,Onward Willow,way,1442367116,1,Silvercreek Parkway North,218-9,218,9,safe
25,Onward Willow,way,1442367117,1,Silvercreek Parkway North,218-8,218,8,safe
25,Onward Willow,way,1442367118,1,Silvercreek Parkway North,218-6,218,6,safe
25,Onward Willow,way,1442367279,1,Silvercreek Parkway North,218-2,218,2,safe
25,Onward Willow,way,1442367280,1,Silvercreek Parkway North,218-4,218,4,safe
25,Onward Willow,way,1442367281,1,Silvercreek Parkway North,218-5,218,5,safe
25,Onward Willow,way,256118594,3,Silvercreek Parkway North,218-3,218,3,safe
25,Onward Willow,node,13234721049,1,Silvercreek Parkway North,219-37,219,37,safe
25,Onward Willow,node,13234721050,1,Silvercreek Parkway North,219-29,219,29,safe
25,Onward Willow,node,13234721051,1,Silvercreek Parkway North,219-27,219,27,safe
25,Onward Willow,node,13234721052,1,Silvercreek Parkway North,219-25,219,25,safe
25,Onward Willow,node,13234721053,1,Silvercreek Parkway North,219-19A,219,19A,safe
25,Onward Willow,node,13234721054,1,Silvercreek Parkway North,219-17,219,17,safe
25,Onward Willow,node,13234721055,1,Silvercreek Parkway North,219-7,219,7,safe
25,Onward Willow,node,13234721056,1,Silvercreek Parkway North,219-9,219,9,safe
25,Onward Willow,node,13234721057,1,Silvercreek Parkway North,219-1,219,1,safe
25,Onward Willow,way,1442367331,1,Silvercreek Parkway North,40-32,40,32,safe
25,Onward Willow,way,1442367332,1,Silvercreek Parkway North,40-35,40,35,safe
25,Onward Willow,way,1442367333,1,Silvercreek Parkway North,40-38,40,38,safe
25,Onward Willow,way,1442367334,1,Silvercreek Parkway North,40-37,40,37,safe
25,Onward Willow,way,1442367335,1,Silvercreek Parkway North,40-34,40,34,safe
25,Onward Willow,way,1442367336,1,Silvercreek Parkway North,40-28,40,28,safe
25,Onward Willow,way,1442367337,1,Silvercreek Parkway North,40-29,40,29,safe
25,Onward Willow,way,1442367338,1,Silvercreek Parkway North,40-30,40,30,safe
25,Onward Willow,way,1442367339,1,Silvercreek Parkway North,40-31,40,31,safe
25,Onward Willow,way,1442367340,1,Silvercreek Parkway North,40-36,40,36,safe
25,Onward Willow,way,1442367341,1,Silvercreek Parkway North,40-41,40,41,safe
25,Onward Willow,way,1442367342,1,Silvercreek Parkway North,40-42,40,42,safe
25,Onward Willow,way,1442367343,1,Silvercreek Parkway North,40-39,40,39,safe
25,Onward Willow,way,1442367345,1,Silvercreek Parkway North,40-43,40,43,safe
25,Onward Willow,way,1442367346,1,Silvercreek Parkway North,40-44,40,44,safe
25,Onward Willow,way,1442367347,1,Silvercreek Parkway North,40-45,40,45,safe
25,Onward Willow,way,1442367348,1,Silvercreek Parkway North,40-46,40,46,safe
25,Onward Willow,way,1442367350,1,Silvercreek Parkway North,40-50,40,50,safe
25,Onward Willow,way,1442367351,1,Silvercreek Parkway North,40-51,40,51,safe
25,Onward Willow,way,1442367352,1,Silvercreek Parkway North,40-52,40,52,safe
25,Onward Willow,way,1442367353,1,Silvercreek Parkway North,40-53,40,53,safe
25,Onward Willow,way,1442367354,1,Silvercreek Parkway North,40-60,40,60,safe
25,Onward Willow,way,1442367355,1,Silvercreek Parkway North,40-56,40,56,safe
25,Onward Willow,way,1442367356,1,Silvercreek Parkway North,40-57,40,57,safe
25,Onward Willow,way,1442367357,1,Silvercreek Parkway North,40-58,40,58,safe
25,Onward Willow,way,1442367358,1,Silvercreek Parkway North,40-55,40,55,safe
25,Onward Willow,way,1442367359,1,Silvercreek Parkway North,40-27,40,27,safe
25,Onward Willow,way,1442367360,1,Silvercreek Parkway North,40-26,40,26,safe
25,Onward Willow,way,1442367361,1,Silvercreek Parkway North,40-25,40,25,safe
25,Onward Willow,way,1442367362,1,Silvercreek Parkway North,40-17,40,17,safe
25,Onward Willow,way,1442367363,1,Silvercreek Parkway North,40-18,40,18,safe
25,Onward Willow,way,1442367364,1,Silvercreek Parkway North,40-22,40,22,safe
25,Onward Willow,way,1442367365,1,Silvercreek Parkway North,40-21,40,21,safe
25,Onward Willow,way,1442367366,1,Silvercreek Parkway North,40-20,40,20,safe
25,Onward Willow,way,1442367367,1,Silvercreek Parkway North,40-24,40,24,safe
25,Onward Willow,way,1442367368,1,Silvercreek Parkway North,40-19,40,19,safe
25,Onward Willow,way,1442367369,1,Silvercreek Parkway North,40-16,40,16,safe
25,Onward Willow,way,1442367370,1,Silvercreek Parkway North,40-15,40,15,safe
25,Onward Willow,way,1442367371,1,Silvercreek Parkway North,40-14,40,14,safe
25,Onward Willow,way,1442367372,1,Silvercreek Parkway North,40-13,40,13,safe
25,Onward Willow,way,1442367373,1,Silvercreek Parkway North,40-12,40,12,safe
25,Onward Willow,way,1442367374,1,Silvercreek Parkway North,40-10,40,10,safe
25,Onward Willow,way,1442367375,1,Silvercreek Parkway North,40-11,40,11,safe
25,Onward Willow,way,1442367376,1,Silvercreek Parkway North,40-5,40,5,safe
25,Onward Willow,way,1442367377,1,Silvercreek Parkway North,40-3,40,3,safe
25,Onward Willow,way,1442367378,1,Silvercreek Parkway North,40-4,40,4,safe
25,Onward Willow,way,1442367379,1,Silvercreek Parkway North,40-1,40,1,safe
25,Onward Willow,way,1442367380,1,Silvercreek Parkway North,40-2,40,2,safe
25,Onward Willow,way,1442367381,1,Silvercreek Parkway North,40-9,40,9,safe
25,Onward Willow,way,1442367382,1,Silvercreek Parkway North,40-8,40,8,safe
25,Onward Willow,way,1442367383,1,Silvercreek Parkway North,40-7,40,7,safe
25,Onward Willow,way,803274560,2,Silvercreek Parkway North,40-6,40,6,safe
25,Onward Willow,way,803274561,2,Silvercreek Parkway North,40-23,40,23,safe
25,Onward Willow,way,803274563,2,Silvercreek Parkway North,40-54,40,54,safe
25,Onward Willow,way,803274564,2,Silvercreek Parkway North,40-49,40,49,safe
25,Onward Willow,way,803274565,2,Silvercreek Parkway North,40-33,40,33,safe
25,Onward Willow,way,803274566,2,Silvercreek Parkway North,40-59,40,59,safe
25,Onward Willow,way,1442367384,1,Silvercreek Parkway North,70-50,70,50,safe
25,Onward Willow,way,1442367385,1,Silvercreek Parkway North,70-51,70,51,safe
25,Onward Willow,way,1442367386,1,Silvercreek Parkway North,70-52,70,52,safe
25,Onward Willow,way,1442367387,1,Silvercreek Parkway North,70-53,70,53,safe
25,Onward Willow,way,1442367388,1,Silvercreek Parkway North,70-54,70,54,safe
25,Onward Willow,way,1442367389,1,Silvercreek Parkway North,70-55,70,55,safe
25,Onward Willow,way,1442367390,1,Silvercreek Parkway North,70-56,70,56,safe
25,Onward Willow,way,1442367391,1,Silvercreek Parkway North,70-57,70,57,safe
25,Onward Willow,way,1442367392,1,Silvercreek Parkway North,70-58,70,58,safe
25,Onward Willow,way,1442367393,1,Silvercreek Parkway North,70-59,70,59,safe
25,Onward Willow,way,1442367394,1,Silvercreek Parkway North,70-60,70,60,safe
25,Onward Willow,way,1442367395,1,Silvercreek Parkway North,70-61,70,61,safe
25,Onward Willow,way,1442367396,1,Silvercreek Parkway North,70-62,70,62,safe
25,Onward Willow,way,1442367397,1,Silvercreek Parkway North,70-63,70,63,safe
25,Onward Willow,way,1442367398,1,Silvercreek Parkway North,70-64,70,64,safe
25,Onward Willow,way,1442367399,1,Silvercreek Parkway North,70-65,70,65,safe
25,Onward Willow,way,1442367400,1,Silvercreek Parkway North,70-34,70,34,safe
25,Onward Willow,way,1442367401,1,Silvercreek Parkway North,70-35,70,35,safe
25,Onward Willow,way,1442367402,1,Silvercreek Parkway North,70-36,70,36,safe
25,Onward Willow,way,1442367403,1,Silvercreek Parkway North,70-37,70,37,safe
25,Onward Willow,way,1442367404,1,Silvercreek Parkway North,70-38,70,38,safe
25,Onward Willow,way,1442367405,1,Silvercreek Parkway North,70-39,70,39,safe
25,Onward Willow,way,1442367406,1,Silvercreek Parkway North,70-40,70,40,safe
25,Onward Willow,way,1442367407,1,Silvercreek Parkway North,70-41,70,41,safe
25,Onward Willow,way,1442367408,1,Silvercreek Parkway North,70-42,70,42,safe
25,Onward Willow,way,1442367409,1,Silvercreek Parkway North,70-43,70,43,safe
25,Onward Willow,way,1442367410,1,Silvercreek Parkway North,70-44,70,44,safe
25,Onward Willow,way,1442367411,1,Silvercreek Parkway North,70-45,70,45,safe
25,Onward Willow,way,1442367412,1,Silvercreek Parkway North,70-46,70,46,safe
25,Onward Willow,way,1442367413,1,Silvercreek Parkway North,70-47,70,47,safe
25,Onward Willow,way,1442367414,1,Silvercreek Parkway North,70-48,70,48,safe
25,Onward Willow,way,1442367415,1,Silvercreek Parkway North,70-49,70,49,safe
25,Onward Willow,way,1442367416,1,Silvercreek Parkway North,70-18,70,18,safe
25,Onward Willow,way,1442367417,1,Silvercreek Parkway North,70-19,70,19,safe
25,Onward Willow,way,1442367418,1,Silvercreek Parkway North,70-20,70,20,safe
25,Onward Willow,way,1442367419,1,Silvercreek Parkway North,70-21,70,21,safe
25,Onward Willow,way,1442367420,1,Silvercreek Parkway North,70-22,70,22,safe
25,Onward Willow,way,1442367421,1,Silvercreek Parkway North,70-23,70,23,safe
25,Onward Willow,way,1442367422,1,Silvercreek Parkway North,70-24,70,24,safe
25,Onward Willow,way,1442367423,1,Silvercreek Parkway North,70-25,70,25,safe
25,Onward Willow,way,1442367424,1,Silvercreek Parkway North,70-26,70,26,safe
25,Onward Willow,way,1442367425,1,Silvercreek Parkway North,70-27,70,27,safe
25,Onward Willow,way,1442367426,1,Silvercreek Parkway North,70-28,70,28,safe
25,Onward Willow,way,1442367427,1,Silvercreek Parkway North,70-29,70,29,safe
25,Onward Willow,way,1442367428,1,Silvercreek Parkway North,70-30,70,30,safe
25,Onward Willow,way,1442367429,1,Silvercreek Parkway North,70-31,70,31,safe
25,Onward Willow,way,1442367430,1,Silvercreek Parkway North,70-32,70,32,safe
25,Onward Willow,way,1442367431,1,Silvercreek Parkway North,70-17,70,17,safe
25,Onward Willow,way,1442367432,1,Silvercreek Parkway North,70-16,70,16,safe
25,Onward Willow,way,1442367433,1,Silvercreek Parkway North,70-15,70,15,safe
25,Onward Willow,way,1442367434,1,Silvercreek Parkway North,70-14,70,14,safe
25,Onward Willow,way,1442367435,1,Silvercreek Parkway North,70-13,70,13,safe
25,Onward Willow,way,1442367436,1,Silvercreek Parkway North,70-12,70,12,safe
25,Onward Willow,way,1442367437,1,Silvercreek Parkway North,70-11,70,11,safe
25,Onward Willow,way,1442367438,1,Silvercreek Parkway North,70-10,70,10,safe
25,Onward Willow,way,1442367439,1,Silvercreek Parkway North,70-9,70,9,safe
25,Onward Willow,way,1442367440,1,Silvercreek Parkway North,70-8,70,8,safe
25,Onward Willow,way,1442367441,1,Silvercreek Parkway North,70-7,70,7,safe
25,Onward Willow,way,1442367442,1,Silvercreek Parkway North,70-6,70,6,safe
25,Onward Willow,way,1442367443,1,Silvercreek Parkway North,70-5,70,5,safe
25,Onward Willow,way,1442367444,1,Silvercreek Parkway North,70-4,70,4,safe
25,Onward Willow,way,1442367445,1,Silvercreek Parkway North,70-3,70,3,safe
25,Onward Willow,way,1442367446,1,Silvercreek Parkway North,70-2,70,2,safe
25,Onward Willow,way,803274556,2,Silvercreek Parkway North,70-66,70,66,safe
25,Onward Willow,way,803274558,2,Silvercreek Parkway North,70-33,70,33,safe
25,Onward Willow,way,803274559,2,Silvercreek Parkway North,70-1,70,1,safe
25,Onward Willow,way,1442367299,1,Sunset Road,12-A7,12,A7,safe
25,Onward Willow,way,1442367300,1,Sunset Road,12-A6,12,A6,safe
25,Onward Willow,way,1442367301,1,Sunset Road,12-A5,12,A5,safe
25,Onward Willow,way,1442367302,1,Sunset Road,12-A4,12,A4,safe
25,Onward Willow,way,1442367303,1,Sunset Road,12-A3,12,A3,safe
25,Onward Willow,way,1442367304,1,Sunset Road,12-A2,12,A2,safe
25,Onward Willow,way,1442367305,1,Sunset Road,12-B5,12,B5,safe
25,Onward Willow,way,1442367306,1,Sunset Road,12-B4,12,B4,safe
25,Onward Willow,way,1442367307,1,Sunset Road,12-B3,12,B3,safe
25,Onward Willow,way,1442367308,1,Sunset Road,12-B2,12,B2,safe
25,Onward Willow,way,1442367324,1,Sunset Road,12-C6,12,C6,safe
25,Onward Willow,way,1442367325,1,Sunset Road,12-C5,12,C5,safe
25,Onward Willow,way,1442367326,1,Sunset Road,12-C4,12,C4,safe
25,Onward Willow,way,1442367327,1,Sunset Road,12-C3,12,C3,safe
25,Onward Willow,way,1442367328,1,Sunset Road,12-C2,12,C2,safe
25,Onward Willow,way,802119868,2,Sunset Road,12-C1,12,C1,safe
25,Onward Willow,way,802119869,2,Sunset Road,12-B1,12,B1,safe
25,Onward Willow,way,802119870,2,Sunset Road,12-A1,12,A1,safe
25,Onward Willow,way,1442367034,1,Willow Road,15-9,15,9,safe
25,Onward Willow,way,1442367035,1,Willow Road,15-8,15,8,safe
25,Onward Willow,way,1442367036,1,Willow Road,15-7,15,7,safe
25,Onward Willow,way,1442367037,1,Willow Road,15-6,15,6,safe
25,Onward Willow,way,1442367038,1,Willow Road,15-5,15,5,safe
25,Onward Willow,way,1442367039,1,Willow Road,15-4,15,4,safe
25,Onward Willow,way,1442367040,1,Willow Road,15-3,15,3,safe
25,Onward Willow,way,1442367041,1,Willow Road,15-2,15,2,safe
25,Onward Willow,way,1442367042,1,Willow Road,15-46,15,46,safe
25,Onward Willow,way,1442367043,1,Willow Road,15-48,15,48,safe
25,Onward Willow,way,1442367044,1,Willow Road,15-49,15,49,safe
25,Onward Willow,way,1442367045,1,Willow Road,15-50,15,50,safe
25,Onward Willow,way,1442367079,1,Willow Road,15-42,15,42,safe
25,Onward Willow,way,1442367080,1,Willow Road,15-45,15,45,safe
25,Onward Willow,way,1442367081,1,Willow Road,15-40,15,40,safe
25,Onward Willow,way,1442367082,1,Willow Road,15-43,15,43,safe
25,Onward Willow,way,1442367083,1,Willow Road,15-41,15,41,safe
25,Onward Willow,way,1442367084,1,Willow Road,15-38,15,38,safe
25,Onward Willow,way,1442367085,1,Willow Road,15-34,15,34,safe
25,Onward Willow,way,1442367086,1,Willow Road,15-37,15,37,safe
25,Onward Willow,way,1442367087,1,Willow Road,15-36,15,36,safe
25,Onward Willow,way,1442367088,1,Willow Road,15-35,15,35,safe
25,Onward Willow,way,1442367089,1,Willow Road,15-39,15,39,safe
25,Onward Willow,way,1442367090,1,Willow Road,15-29,15,29,safe
25,Onward Willow,way,1442367091,1,Willow Road,15-27,15,27,safe
25,Onward Willow,way,1442367092,1,Willow Road,15-25,15,25,safe
25,Onward Willow,way,1442367093,1,Willow Road,15-26,15,26,safe
25,Onward Willow,way,1442367094,1,Willow Road,15-30,15,30,safe
25,Onward Willow,way,1442367095,1,Willow Road,15-31,15,31,safe
25,Onward Willow,way,1442367096,1,Willow Road,15-32,15,32,safe
25,Onward Willow,way,1442367097,1,Willow Road,15-10,15,10,safe
25,Onward Willow,way,1442367098,1,Willow Road,15-11,15,11,safe
25,Onward Willow,way,1442367099,1,Willow Road,15-12,15,12,safe
25,Onward Willow,way,1442367101,1,Willow Road,15-16,15,16,safe
25,Onward Willow,way,1442367102,1,Willow Road,15-17,15,17,safe
25,Onward Willow,way,1442367103,1,Willow Road,15-18,15,18,safe
25,Onward Willow,way,1442367104,1,Willow Road,15-24,15,24,safe
25,Onward Willow,way,1442367105,1,Willow Road,15-23,15,23,safe
25,Onward Willow,way,1442367106,1,Willow Road,15-22,15,22,safe
25,Onward Willow,way,1442367107,1,Willow Road,15-21,15,21,safe
25,Onward Willow,way,1442367108,1,Willow Road,15-20,15,20,safe
25,Onward Willow,way,802119184,2,Willow Road,15-44,15,44,safe
25,Onward Willow,way,802119185,2,Willow Road,15-47,15,47,safe
25,Onward Willow,way,802119186,3,Willow Road,15-1,15,1,safe
25,Onward Willow,way,802119187,4,Willow Road,15-14,15,14,safe
26,Onward Willow,way,802119188,3,Willow Road,15-19,15,19,safe
26,Onward Willow,way,802119189,3,Willow Road,15-28,15,28,safe
26,Onward Willow,way,802119190,2,Willow Road,15-33,15,33,safe
27,Grange Hill East,way,1435231881,1,Auden Road,394-5,394,5,safe
27,Grange Hill East,way,1435231882,1,Auden Road,394-7,394,7,safe
27,Grange Hill East,way,1435231883,1,Auden Road,394-8,394,8,safe
27,Grange Hill East,way,1435231884,1,Auden Road,394-10,394,10,safe
27,Grange Hill East,way,1435231885,1,Auden Road,394-9,394,9,safe
27,Grange Hill East,way,1435231886,1,Auden Road,394-1,394,1,safe
27,Grange Hill East,way,1435231887,1,Auden Road,394-3,394,3,safe
27,Grange Hill East,way,1435231888,1,Auden Road,394-4,394,4,safe
27,Grange Hill East,way,1435231889,1,Auden Road,394-61,394,61,safe
27,Grange Hill East,way,1435231890,1,Auden Road,394-59,394,59,safe
27,Grange Hill East,way,1435231891,1,Auden Road,394-58,394,58,safe
27,Grange Hill East,way,1435231892,1,Auden Road,394-57,394,57,safe
27,Grange Hill East,way,1435231893,1,Auden Road,394-56,394,56,safe
27,Grange Hill East,way,1435231894,1,Auden Road,394-55,394,55,safe
27,Grange Hill East,way,1435231895,1,Auden Road,394-54,394,54,safe
27,Grange Hill East,way,1435231896,1,Auden Road,394-45,394,45,safe
27,Grange Hill East,way,1435231897,1,Auden Road,394-47,394,47,safe
27,Grange Hill East,way,1435231898,1,Auden Road,394-49,394,49,safe
27,Grange Hill East,way,1435231899,1,Auden Road,394-50,394,50,safe
27,Grange Hill East,way,1435231900,1,Auden Road,394-52,394,52,safe
27,Grange Hill East,way,1435231901,1,Auden Road,394-53,394,53,safe
27,Grange Hill East,way,1435231902,1,Auden Road,394-51,394,51,safe
27,Grange Hill East,way,1435231903,1,Auden Road,394-48,394,48,safe
27,Grange Hill East,way,1435231904,1,Auden Road,394-46,394,46,safe
27,Grange Hill East,way,1435231905,1,Auden Road,394-44,394,44,safe
27,Grange Hill East,way,1435231906,1,Auden Road,394-40,394,40,safe
27,Grange Hill East,way,1435231907,1,Auden Road,394-41,394,41,safe
27,Grange Hill East,way,1435231908,1,Auden Road,394-42,394,42,safe
27,Grange Hill East,way,1435231909,1,Auden Road,394-28,394,28,safe
27,Grange Hill East,way,1435231910,1,Auden Road,394-27,394,27,safe
27,Grange Hill East,way,1435231911,1,Auden Road,394-26,394,26,safe
27,Grange Hill East,way,1435231912,1,Auden Road,394-25,394,25,safe
27,Grange Hill East,way,1435231913,1,Auden Road,394-24,394,24,safe
27,Grange Hill East,way,1435231914,1,Auden Road,394-23,394,23,safe
27,Grange Hill East,way,1435231915,1,Auden Road,394-22,394,22,safe
27,Grange Hill East,way,1435231916,1,Auden Road,394-21,394,21,safe
27,Grange Hill East,way,803283641,3,Auden Road,394-20,394,20,safe
27,Grange Hill East,way,803283642,4,Auden Road,394-60,394,60,safe
27,Grange Hill East,way,803283645,3,Auden Road,394-6,394,6,safe
27,Grange Hill East,way,803283646,3,Auden Road,394-2,394,2,safe
27,Grange Hill East,way,803283647,3,Auden Road,394-43,394,43,safe
27,Grange Hill East,way,1435231917,1,Auden Road,470-21,470,21,safe
27,Grange Hill East,way,1435231918,1,Auden Road,470-24,470,24,safe
27,Grange Hill East,way,1435231919,1,Auden Road,470-25,470,25,safe
27,Grange Hill East,way,1435231920,1,Auden Road,470-15,470,15,safe
27,Grange Hill East,way,1435231921,1,Auden Road,470-14,470,14,safe
27,Grange Hill East,way,1435231922,1,Auden Road,470-18,470,18,safe
27,Grange Hill East,way,1435231923,1,Auden Road,470-19,470,19,safe
27,Grange Hill East,way,1435231924,1,Auden Road,470-20,470,20,safe
27,Grange Hill East,node,13181278052,1,Eastview Road,66-16,66,16,safe
27,Grange Hill East,node,13181278053,1,Eastview Road,66-15,66,15,safe
27,Grange Hill East,node,13181278054,1,Eastview Road,66-14,66,14,safe
27,Grange Hill East,node,13181278055,1,Eastview Road,66-13,66,13,safe
27,Grange Hill East,node,13181278056,1,Eastview Road,66-12,66,12,safe
27,Grange Hill East,way,1434156479,1,Eastview Road,66-30,66,30,safe
27,Grange Hill East,way,1434156480,1,Eastview Road,66-29,66,29,safe
27,Grange Hill East,way,1434156481,1,Eastview Road,66-28,66,28,safe
27,Grange Hill East,way,1434156482,1,Eastview Road,66-22,66,22,safe
27,Grange Hill East,way,1434156483,1,Eastview Road,66-23,66,23,safe
27,Grange Hill East,way,1434156484,1,Eastview Road,66-24,66,24,safe
27,Grange Hill East,way,1434156485,1,Eastview Road,66-25,66,25,safe
27,Grange Hill East,way,1434156486,1,Eastview Road,66-17,66,17,safe
27,Grange Hill East,way,1434156487,1,Eastview Road,66-18,66,18,safe
27,Grange Hill East,way,1434156488,1,Eastview Road,66-19,66,19,safe
27,Grange Hill East,way,1434156489,1,Eastview Road,66-20,66,20,safe
27,Grange Hill East,way,1434156490,1,Eastview Road,66-5,66,5,safe
27,Grange Hill East,way,1434156491,1,Eastview Road,66-4,66,4,safe
27,Grange Hill East,way,1434156492,1,Eastview Road,66-3,66,3,safe
27,Grange Hill East,way,1434156493,1,Eastview Road,66-1,66,1,safe
27,Grange Hill East,way,1434156494,1,Eastview Road,66-6,66,6,safe
27,Grange Hill East,way,803283700,2,Eastview Road,66-2,66,2,safe
27,Grange Hill East,way,803283702,3,Eastview Road,66-21,66,21,safe
27,Grange Hill East,way,803283703,3,Eastview Road,66-27,66,27,safe
27,Grange Hill East,way,803283704,2,Eastview Road,66-26,66,26,safe
27,Grange Hill East,node,13196842558,1,Grange Road,259-1D,259,1D,safe
27,Grange Hill East,node,13196842559,1,Grange Road,259-5,259,5,safe
27,Grange Hill East,node,13196842560,1,Grange Road,259-10,259,10,safe
27,Grange Hill East,node,13196842561,1,Grange Road,259-13,259,13,safe
27,Grange Hill East,node,13196842562,1,Grange Road,259-1B,259,1B,safe
27,Grange Hill East,node,13196842563,1,Grange Road,259-4,259,4,safe
27,Grange Hill East,node,13196842564,1,Grange Road,259-11,259,11,safe
27,Grange Hill East,node,13196842565,1,Grange Road,259-14,259,14,safe
27,Grange Hill East,node,13196842566,1,Grange Road,259-2,259,2,safe
27,Grange Hill East,node,13196842567,1,Grange Road,259-6,259,6,safe
27,Grange Hill East,node,13196842568,1,Grange Road,259-8B,259,8B,safe
27,Grange Hill East,node,13196842569,1,Grange Road,259-12,259,12,safe
27,Grange Hill East,node,13196842570,1,Grange Road,259-1A,259,1A,safe
27,Grange Hill East,node,2645779425,2,Grange Road,259-3,259,3,safe
27,Grange Hill East,way,1435232062,1,Grange Road,426-1,426,1,safe
27,Grange Hill East,way,1435232063,1,Grange Road,426-2,426,2,safe
27,Grange Hill East,way,1435232064,1,Grange Road,426-3,426,3,safe
27,Grange Hill East,way,1435232065,1,Grange Road,426-4,426,4,safe
27,Grange Hill East,way,1435232066,1,Grange Road,426-5,426,5,safe
27,Grange Hill East,way,1435232067,1,Grange Road,426-6,426,6,safe
27,Grange Hill East,way,1435232068,1,Grange Road,426-7,426,7,safe
27,Grange Hill East,way,1435232069,1,Grange Road,426-9,426,9,safe
27,Grange Hill East,way,1435232070,1,Grange Road,426-10,426,10,safe
27,Grange Hill East,way,1435232071,1,Grange Road,426-11,426,11,safe
27,Grange Hill East,way,1435232072,1,Grange Road,426-12,426,12,safe
27,Grange Hill East,way,1435232073,1,Grange Road,426-13,426,13,safe
27,Grange Hill East,way,1435232074,1,Grange Road,426-15,426,15,safe
27,Grange Hill East,way,1435232075,1,Grange Road,426-16,426,16,safe
27,Grange Hill East,way,1435232076,1,Grange Road,426-17,426,17,safe
27,Grange Hill East,way,1435232077,1,Grange Road,426-18,426,18,safe
27,Grange Hill East,way,1435232078,1,Grange Road,426-19,426,19,safe
27,Grange Hill East,way,1435232079,1,Grange Road,426-20,426,20,safe
27,Grange Hill East,way,1435232080,1,Grange Road,426-21,426,21,safe
27,Grange Hill East,way,1435232081,1,Grange Road,426-47,426,47,safe
27,Grange Hill East,way,1435232082,1,Grange Road,426-48,426,48,safe
27,Grange Hill East,way,1435232083,1,Grange Road,426-49,426,49,safe
27,Grange Hill East,way,1435232084,1,Grange Road,426-50,426,50,safe
27,Grange Hill East,way,1435232085,1,Grange Road,426-51,426,51,safe
27,Grange Hill East,way,1435232086,1,Grange Road,426-43,426,43,safe
27,Grange Hill East,way,1435232087,1,Grange Road,426-44,426,44,safe
27,Grange Hill East,way,1435232088,1,Grange Road,426-45,426,45,safe
27,Grange Hill East,way,1435232089,1,Grange Road,426-37,426,37,safe
27,Grange Hill East,way,1435232090,1,Grange Road,426-38,426,38,safe
27,Grange Hill East,way,1435232091,1,Grange Road,426-39,426,39,safe
27,Grange Hill East,way,1435232092,1,Grange Road,426-40,426,40,safe
27,Grange Hill East,way,1435232093,1,Grange Road,426-41,426,41,safe
27,Grange Hill East,way,1435232094,1,Grange Road,426-60,426,60,safe
27,Grange Hill East,way,1435232095,1,Grange Road,426-59,426,59,safe
27,Grange Hill East,way,1435232096,1,Grange Road,426-58,426,58,safe
27,Grange Hill East,way,1435232097,1,Grange Road,426-57,426,57,safe
27,Grange Hill East,way,1435232098,1,Grange Road,426-56,426,56,safe
27,Grange Hill East,way,1435232099,1,Grange Road,426-55,426,55,safe
27,Grange Hill East,way,1435232100,1,Grange Road,426-54,426,54,safe
27,Grange Hill East,way,1435232101,1,Grange Road,426-36,426,36,safe
27,Grange Hill East,way,1435232102,1,Grange Road,426-35,426,35,safe
27,Grange Hill East,way,1435232103,1,Grange Road,426-34,426,34,safe
27,Grange Hill East,way,1435232104,1,Grange Road,426-33,426,33,safe
27,Grange Hill East,way,1435232105,1,Grange Road,426-32,426,32,safe
27,Grange Hill East,way,1435232106,1,Grange Road,426-23,426,23,safe
27,Grange Hill East,way,1435232107,1,Grange Road,426-24,426,24,safe
27,Grange Hill East,way,1435232108,1,Grange Road,426-25,426,25,safe
27,Grange Hill East,way,1435232109,1,Grange Road,426-26,426,26,safe
27,Grange Hill East,way,1435232110,1,Grange Road,426-27,426,27,safe
27,Grange Hill East,way,1435232111,1,Grange Road,426-28,426,28,safe
27,Grange Hill East,way,1435232112,1,Grange Road,426-29,426,29,safe
27,Grange Hill East,way,801622358,2,Grange Road,426-8,426,8,safe
27,Grange Hill East,way,801622359,2,Grange Road,426-14,426,14,safe
27,Grange Hill East,way,801622360,2,Grange Road,426-22,426,22,safe
27,Grange Hill East,way,801622361,2,Grange Road,426-30,426,30,safe
27,Grange Hill East,way,801622362,2,Grange Road,426-31,426,31,safe
27,Grange Hill East,way,801622363,2,Grange Road,426-53,426,53,safe
27,Grange Hill East,way,801622364,2,Grange Road,426-52,426,52,safe
27,Grange Hill East,way,801622365,2,Grange Road,426-42,426,42,safe
27,Grange Hill East,way,801622366,2,Grange Road,426-46,426,46,safe
27,Grange Hill East,way,1435231711,1,Hadati Road,16-39,16,39,safe
27,Grange Hill East,way,1435231712,1,Hadati Road,16-40,16,40,safe
27,Grange Hill East,way,1435231713,1,Hadati Road,16-41,16,41,safe
27,Grange Hill East,way,1435231714,1,Hadati Road,16-42,16,42,safe
27,Grange Hill East,way,1435231715,1,Hadati Road,16-43,16,43,safe
27,Grange Hill East,way,1435231716,1,Hadati Road,16-35,16,35,safe
27,Grange Hill East,way,1435231717,1,Hadati Road,16-36,16,36,safe
27,Grange Hill East,way,1435231718,1,Hadati Road,16-37,16,37,safe
27,Grange Hill East,way,1435231719,1,Hadati Road,16-57,16,57,safe
27,Grange Hill East,way,1435231720,1,Hadati Road,16-58,16,58,safe
27,Grange Hill East,way,1435231721,1,Hadati Road,16-59,16,59,safe
27,Grange Hill East,way,1435231722,1,Hadati Road,16-60,16,60,safe
27,Grange Hill East,way,1435231723,1,Hadati Road,16-61,16,61,safe
27,Grange Hill East,way,1435231724,1,Hadati Road,16-34,16,34,safe
27,Grange Hill East,way,1435231725,1,Hadati Road,16-33,16,33,safe
27,Grange Hill East,way,1435231726,1,Hadati Road,16-32,16,32,safe
27,Grange Hill East,way,1435231727,1,Hadati Road,16-30,16,30,safe
27,Grange Hill East,way,1435231728,1,Hadati Road,16-29,16,29,safe
27,Grange Hill East,way,1435231729,1,Hadati Road,16-28,16,28,safe
27,Grange Hill East,way,1435231730,1,Hadati Road,16-21,16,21,safe
27,Grange Hill East,way,1435231731,1,Hadati Road,16-22,16,22,safe
27,Grange Hill East,way,1435231732,1,Hadati Road,16-23,16,23,safe
27,Grange Hill East,way,1435231733,1,Hadati Road,16-24,16,24,safe
27,Grange Hill East,way,1435231734,1,Hadati Road,16-25,16,25,safe
27,Grange Hill East,way,1435231735,1,Hadati Road,16-20,16,20,safe
27,Grange Hill East,way,1435231736,1,Hadati Road,16-19,16,19,safe
27,Grange Hill East,way,1435231737,1,Hadati Road,16-18,16,18,safe
27,Grange Hill East,way,1435231738,1,Hadati Road,16-17,16,17,safe
27,Grange Hill East,way,1435231740,1,Hadati Road,16-11,16,11,safe
27,Grange Hill East,way,1435231741,1,Hadati Road,16-12,16,12,safe
27,Grange Hill East,way,1435231742,1,Hadati Road,16-13,16,13,safe
27,Grange Hill East,way,1435231743,1,Hadati Road,16-56,16,56,safe
27,Grange Hill East,way,1435231744,1,Hadati Road,16-55,16,55,safe
27,Grange Hill East,way,1435231745,1,Hadati Road,16-54,16,54,safe
27,Grange Hill East,way,1435231746,1,Hadati Road,16-53,16,53,safe
27,Grange Hill East,way,1435231747,1,Hadati Road,16-52,16,52,safe
27,Grange Hill East,way,1435231748,1,Hadati Road,16-45,16,45,safe
27,Grange Hill East,way,1435231749,1,Hadati Road,16-46,16,46,safe
27,Grange Hill East,way,1435231750,1,Hadati Road,16-47,16,47,safe
27,Grange Hill East,way,1435231751,1,Hadati Road,16-48,16,48,safe
27,Grange Hill East,way,1435231752,1,Hadati Road,16-49,16,49,safe
27,Grange Hill East,way,1435231753,1,Hadati Road,16-1,16,1,safe
27,Grange Hill East,way,1435231754,1,Hadati Road,16-2,16,2,safe
27,Grange Hill East,way,1435231755,1,Hadati Road,16-3,16,3,safe
27,Grange Hill East,way,1435231756,1,Hadati Road,16-4,16,4,safe
27,Grange Hill East,way,1435231757,1,Hadati Road,16-5,16,5,safe
27,Grange Hill East,way,1435231758,1,Hadati Road,16-7,16,7,safe
27,Grange Hill East,way,1435231759,1,Hadati Road,16-8,16,8,safe
27,Grange Hill East,way,1435231760,1,Hadati Road,16-9,16,9,safe
27,Grange Hill East,way,801620840,3,Hadati Road,16-44,16,44,safe
27,Grange Hill East,way,801620841,3,Hadati Road,16-62,16,62,safe
27,Grange Hill East,way,801620842,3,Hadati Road,16-50,16,50,safe
27,Grange Hill East,way,801620843,3,Hadati Road,16-6,16,6,safe
27,Grange Hill East,way,801620844,3,Hadati Road,16-10,16,10,safe
27,Grange Hill East,way,801620845,3,Hadati Road,16-14,16,14,safe
27,Grange Hill East,way,801620846,3,Hadati Road,16-15,16,15,safe
27,Grange Hill East,way,801620847,3,Hadati Road,16-26,16,26,safe
27,Grange Hill East,way,801620848,3,Hadati Road,16-51,16,51,safe
27,Grange Hill East,way,801620849,3,Hadati Road,16-27,16,27,safe
27,Grange Hill East,way,801620850,3,Hadati Road,16-31,16,31,safe
27,Grange Hill East,way,801620852,3,Hadati Road,16-38,16,38,safe
27,Grange Hill East,way,1435785443,1,Marshall Drive,22-5,22,5,safe
27,Grange Hill East,way,1435785444,1,Marshall Drive,22-3,22,3,safe
27,Grange Hill East,way,1435785445,1,Marshall Drive,22-2,22,2,safe
27,Grange Hill East,way,1435785446,1,Marshall Drive,22-1,22,1,safe
27,Grange Hill East,way,1435785447,1,Marshall Drive,22-19,22,19,safe
27,Grange Hill East,way,1435785448,1,Marshall Drive,22-18,22,18,safe
27,Grange Hill East,way,1435785449,1,Marshall Drive,22-17,22,17,safe
27,Grange Hill East,way,1435785450,1,Marshall Drive,22-16,22,16,safe
27,Grange Hill East,way,1435785451,1,Marshall Drive,22-11,22,11,safe
27,Grange Hill East,way,1435785452,1,Marshall Drive,22-13,22,13,safe
27,Grange Hill East,way,1435785453,1,Marshall Drive,22-14,22,14,safe
27,Grange Hill East,way,1435785454,1,Marshall Drive,22-15,22,15,safe
27,Grange Hill East,way,1435785455,1,Marshall Drive,22-10,22,10,safe
27,Grange Hill East,way,1435785456,1,Marshall Drive,22-9,22,9,safe
27,Grange Hill East,way,1435785457,1,Marshall Drive,22-8,22,8,safe
27,Grange Hill East,way,1435785458,1,Marshall Drive,22-7,22,7,safe
27,Grange Hill East,way,942399506,3,Marshall Drive,22-6,22,6,safe
27,Grange Hill East,way,942399507,3,Marshall Drive,22-12,22,12,safe
27,Grange Hill East,way,942399508,3,Marshall Drive,22-20,22,20,safe
27,Grange Hill East,way,942399509,3,Marshall Drive,22-4,22,4,safe
27,Grange Hill East,node,13191857007,1,Mountford Drive,35-102,35,102,safe
27,Grange Hill East,node,13191857008,1,Mountford Drive,35-123,35,123,safe
27,Grange Hill East,node,13191857009,1,Mountford Drive,35-121,35,121,safe
27,Grange Hill East,node,13191857010,1,Mountford Drive,35-119,35,119,safe
27,Grange Hill East,node,13191857011,1,Mountford Drive,35-117,35,117,safe
27,Grange Hill East,node,13191857012,1,Mountford Drive,35-115,35,115,safe
27,Grange Hill East,node,13191857013,1,Mountford Drive,35-113,35,113,safe
27,Grange Hill East,node,13191857014,1,Mountford Drive,35-111,35,111,safe
27,Grange Hill East,node,13191857015,1,Mountford Drive,35-109,35,109,safe
27,Grange Hill East,node,13191857016,1,Mountford Drive,35-107,35,107,safe
27,Grange Hill East,node,13191857017,1,Mountford Drive,35-105,35,105,safe
27,Grange Hill East,node,13191857018,1,Mountford Drive,35-103,35,103,safe
27,Grange Hill East,node,13191857019,1,Mountford Drive,35-101,35,101,safe
27,Grange Hill East,node,13191857020,1,Mountford Drive,35-16,35,16,safe
27,Grange Hill East,node,13191857021,1,Mountford Drive,35-14,35,14,safe
27,Grange Hill East,node,13191857022,1,Mountford Drive,35-12,35,12,safe
27,Grange Hill East,node,13191857023,1,Mountford Drive,35-10,35,10,safe
27,Grange Hill East,node,13191857024,1,Mountford Drive,35-8,35,8,safe
27,Grange Hill East,node,13191857025,1,Mountford Drive,35-6,35,6,safe
27,Grange Hill East,node,13191857026,1,Mountford Drive,35-4,35,4,safe
27,Grange Hill East,node,13191857027,1,Mountford Drive,35-2,35,2,safe
28,Grange Hill East,node,13191857028,1,Mountford Drive,35-15,35,15,safe
28,Grange Hill East,node,13191857029,1,Mountford Drive,35-13,35,13,safe
28,Grange Hill East,node,13191857030,1,Mountford Drive,35-11,35,11,safe
28,Grange Hill East,node,13191857031,1,Mountford Drive,35-9,35,9,safe
28,Grange Hill East,node,13191857032,1,Mountford Drive,35-7,35,7,safe
28,Grange Hill East,node,13191857033,1,Mountford Drive,35-5,35,5,safe
28,Grange Hill East,node,13191857034,1,Mountford Drive,35-3,35,3,safe
28,Grange Hill East,node,13191857035,1,Mountford Drive,35-1,35,1,safe
28,Grange Hill East,node,13191857036,1,Mountford Drive,35-44,35,44,safe
28,Grange Hill East,node,13191857037,1,Mountford Drive,35-42,35,42,safe
28,Grange Hill East,node,13191857038,1,Mountford Drive,35-40,35,40,safe
28,Grange Hill East,node,13191857039,1,Mountford Drive,35-38,35,38,safe
28,Grange Hill East,node,13191857040,1,Mountford Drive,35-36,35,36,safe
28,Grange Hill East,node,13191857041,1,Mountford Drive,35-34,35,34,safe
28,Grange Hill East,node,13191857042,1,Mountford Drive,35-43,35,43,safe
28,Grange Hill East,node,13191857043,1,Mountford Drive,35-41,35,41,safe
28,Grange Hill East,node,13191857044,1,Mountford Drive,35-39,35,39,safe
28,Grange Hill East,node,13191857045,1,Mountford Drive,35-37,35,37,safe
28,Grange Hill East,node,13191857047,1,Mountford Drive,35-33,35,33,safe
28,Grange Hill East,node,13191857048,1,Mountford Drive,35-100,35,100,safe
28,Grange Hill East,node,13191857049,1,Mountford Drive,35-98,35,98,safe
28,Grange Hill East,node,13191857050,1,Mountford Drive,35-96,35,96,safe
28,Grange Hill East,node,13191857051,1,Mountford Drive,35-94,35,94,safe
28,Grange Hill East,node,13191857052,1,Mountford Drive,35-92,35,92,safe
28,Grange Hill East,node,13191857053,1,Mountford Drive,35-90,35,90,safe
28,Grange Hill East,node,13191857054,1,Mountford Drive,35-99,35,99,safe
28,Grange Hill East,node,13191857055,1,Mountford Drive,35-97,35,97,safe
28,Grange Hill East,node,13191857056,1,Mountford Drive,35-95,35,95,safe
28,Grange Hill East,node,13191857057,1,Mountford Drive,35-93,35,93,safe
28,Grange Hill East,node,13191857058,1,Mountford Drive,35-91,35,91,safe
28,Grange Hill East,node,13191857059,1,Mountford Drive,35-89,35,89,safe
28,Grange Hill East,node,13191857060,1,Mountford Drive,35-64,35,64,safe
28,Grange Hill East,node,13191857061,1,Mountford Drive,35-62,35,62,safe
28,Grange Hill East,node,13191857062,1,Mountford Drive,35-60,35,60,safe
28,Grange Hill East,node,13191857063,1,Mountford Drive,35-58,35,58,safe
28,Grange Hill East,node,13191857064,1,Mountford Drive,35-56,35,56,safe
28,Grange Hill East,node,13191857065,1,Mountford Drive,35-54,35,54,safe
28,Grange Hill East,node,13191857066,1,Mountford Drive,35-52,35,52,safe
28,Grange Hill East,node,13191857067,1,Mountford Drive,35-50,35,50,safe
28,Grange Hill East,node,13191857068,1,Mountford Drive,35-48,35,48,safe
28,Grange Hill East,node,13191857069,1,Mountford Drive,35-46,35,46,safe
28,Grange Hill East,node,13191857070,1,Mountford Drive,35-63,35,63,safe
28,Grange Hill East,node,13191857071,1,Mountford Drive,35-61,35,61,safe
28,Grange Hill East,node,13191857072,1,Mountford Drive,35-59,35,59,safe
28,Grange Hill East,node,13191857073,1,Mountford Drive,35-57,35,57,safe
28,Grange Hill East,node,13191857074,1,Mountford Drive,35-55,35,55,safe
28,Grange Hill East,node,13191857075,1,Mountford Drive,35-53,35,53,safe
28,Grange Hill East,node,13191857076,1,Mountford Drive,35-51,35,51,safe
28,Grange Hill East,node,13191857077,1,Mountford Drive,35-49,35,49,safe
28,Grange Hill East,node,13191857078,1,Mountford Drive,35-47,35,47,safe
28,Grange Hill East,node,13191857079,1,Mountford Drive,35-45,35,45,safe
28,Grange Hill East,node,13191857080,1,Mountford Drive,35-124,35,124,safe
28,Grange Hill East,node,13191857081,1,Mountford Drive,35-122,35,122,safe
28,Grange Hill East,node,13191857082,1,Mountford Drive,35-120,35,120,safe
28,Grange Hill East,node,13191857083,1,Mountford Drive,35-118,35,118,safe
28,Grange Hill East,node,13191857084,1,Mountford Drive,35-116,35,116,safe
28,Grange Hill East,node,13191857085,1,Mountford Drive,35-114,35,114,safe
28,Grange Hill East,node,13191857086,1,Mountford Drive,35-112,35,112,safe
28,Grange Hill East,node,13191857087,1,Mountford Drive,35-110,35,110,safe
28,Grange Hill East,node,13191857088,1,Mountford Drive,35-108,35,108,safe
28,Grange Hill East,node,13191857089,1,Mountford Drive,35-106,35,106,safe
28,Grange Hill East,node,13191857090,1,Mountford Drive,35-104,35,104,safe
28,Grange Hill East,way,1435785060,1,Schroder Crescent,31-35,31,35,safe
28,Grange Hill East,way,1435785061,1,Schroder Crescent,31-37,31,37,safe
28,Grange Hill East,way,1435785062,1,Schroder Crescent,31-38,31,38,safe
28,Grange Hill East,way,1435785063,1,Schroder Crescent,31-39,31,39,safe
28,Grange Hill East,way,1435785064,1,Schroder Crescent,31-40,31,40,safe
28,Grange Hill East,way,1435785065,1,Schroder Crescent,31-41,31,41,safe
28,Grange Hill East,way,1435785066,1,Schroder Crescent,31-48,31,48,safe
28,Grange Hill East,way,1435785067,1,Schroder Crescent,31-46,31,46,safe
28,Grange Hill East,way,1435785068,1,Schroder Crescent,31-45,31,45,safe
28,Grange Hill East,way,1435785069,1,Schroder Crescent,31-44,31,44,safe
28,Grange Hill East,way,1435785070,1,Schroder Crescent,31-43,31,43,safe
28,Grange Hill East,way,1435785071,1,Schroder Crescent,31-42,31,42,safe
28,Grange Hill East,way,1435785072,1,Schroder Crescent,31-49,31,49,safe
28,Grange Hill East,way,1435785073,1,Schroder Crescent,31-50,31,50,safe
28,Grange Hill East,way,1435785074,1,Schroder Crescent,31-51,31,51,safe
28,Grange Hill East,way,1435785075,1,Schroder Crescent,31-52,31,52,safe
28,Grange Hill East,way,1435785076,1,Schroder Crescent,31-53,31,53,safe
28,Grange Hill East,way,1435785077,1,Schroder Crescent,31-54,31,54,safe
28,Grange Hill East,way,1435785078,1,Schroder Crescent,31-7,31,7,safe
28,Grange Hill East,way,1435785079,1,Schroder Crescent,31-6,31,6,safe
28,Grange Hill East,way,1435785080,1,Schroder Crescent,31-5,31,5,safe
28,Grange Hill East,way,1435785081,1,Schroder Crescent,31-4,31,4,safe
28,Grange Hill East,way,1435785082,1,Schroder Crescent,31-3,31,3,safe
28,Grange Hill East,way,1435785083,1,Schroder Crescent,31-2,31,2,safe
28,Grange Hill East,way,1435785091,1,Schroder Crescent,31-8,31,8,safe
28,Grange Hill East,way,1435785092,1,Schroder Crescent,31-9,31,9,safe
28,Grange Hill East,way,1435785093,1,Schroder Crescent,31-10,31,10,safe
28,Grange Hill East,way,1435785094,1,Schroder Crescent,31-11,31,11,safe
28,Grange Hill East,way,1435785095,1,Schroder Crescent,31-12,31,12,safe
28,Grange Hill East,way,1435785096,1,Schroder Crescent,31-13,31,13,safe
28,Grange Hill East,way,1435785097,1,Schroder Crescent,31-14,31,14,safe
28,Grange Hill East,way,1435785098,1,Schroder Crescent,31-16,31,16,safe
28,Grange Hill East,way,1435785099,1,Schroder Crescent,31-17,31,17,safe
28,Grange Hill East,way,1435785100,1,Schroder Crescent,31-18,31,18,safe
28,Grange Hill East,way,1435785101,1,Schroder Crescent,31-19,31,19,safe
28,Grange Hill East,way,1435785102,1,Schroder Crescent,31-20,31,20,safe
28,Grange Hill East,way,1435785103,1,Schroder Crescent,31-21,31,21,safe
28,Grange Hill East,way,1435785104,1,Schroder Crescent,31-22,31,22,safe
28,Grange Hill East,way,1435785105,1,Schroder Crescent,31-24,31,24,safe
28,Grange Hill East,way,1435785106,1,Schroder Crescent,31-25,31,25,safe
28,Grange Hill East,way,1435785107,1,Schroder Crescent,31-26,31,26,safe
28,Grange Hill East,way,1435785108,1,Schroder Crescent,31-27,31,27,safe
28,Grange Hill East,way,1435785109,1,Schroder Crescent,31-28,31,28,safe
28,Grange Hill East,way,1435785110,1,Schroder Crescent,31-29,31,29,safe
28,Grange Hill East,way,1435785111,1,Schroder Crescent,31-30,31,30,safe
28,Grange Hill East,way,1435785112,1,Schroder Crescent,31-32,31,32,safe
28,Grange Hill East,way,1435785113,1,Schroder Crescent,31-33,31,33,safe
28,Grange Hill East,way,801619964,2,Schroder Crescent,31-34,31,34,safe
28,Grange Hill East,way,801619966,2,Schroder Crescent,31-36,31,36,safe
28,Grange Hill East,way,801619967,2,Schroder Crescent,31-47,31,47,safe
28,Grange Hill East,way,801619968,2,Schroder Crescent,31-55,31,55,safe
28,Grange Hill East,way,801619969,2,Schroder Crescent,31-23,31,23,safe
28,Grange Hill East,way,801619970,2,Schroder Crescent,31-1,31,1,safe
28,Grange Hill East,way,801619971,2,Schroder Crescent,31-15,31,15,safe
28,Grange Hill East,way,1435231694,1,Shackleton Drive,20-18,20,18,safe
28,Grange Hill East,way,1435231695,1,Shackleton Drive,20-17,20,17,safe
28,Grange Hill East,way,1435231696,1,Shackleton Drive,20-16,20,16,safe
28,Grange Hill East,way,1435231697,1,Shackleton Drive,20-15,20,15,safe
28,Grange Hill East,way,1435231698,1,Shackleton Drive,20-14,20,14,safe
28,Grange Hill East,way,1435231699,1,Shackleton Drive,20-7,20,7,safe
28,Grange Hill East,way,1435231700,1,Shackleton Drive,20-8,20,8,safe
28,Grange Hill East,way,1435231701,1,Shackleton Drive,20-10,20,10,safe
28,Grange Hill East,way,1435231702,1,Shackleton Drive,20-11,20,11,safe
28,Grange Hill East,way,1435231703,1,Shackleton Drive,20-12,20,12,safe
28,Grange Hill East,way,1435231704,1,Shackleton Drive,20-13,20,13,safe
28,Grange Hill East,way,1435231705,1,Shackleton Drive,20-2,20,2,safe
28,Grange Hill East,way,1435231706,1,Shackleton Drive,20-3,20,3,safe
28,Grange Hill East,way,1435231707,1,Shackleton Drive,20-4,20,4,safe
28,Grange Hill East,way,1435231708,1,Shackleton Drive,20-5,20,5,safe
28,Grange Hill East,way,1435231709,1,Shackleton Drive,20-6,20,6,safe
28,Grange Hill East,way,1435232044,1,Shackleton Drive,20-26,20,26,safe
28,Grange Hill East,way,1435232045,1,Shackleton Drive,20-25,20,25,safe
28,Grange Hill East,way,1435232046,1,Shackleton Drive,20-24,20,24,safe
28,Grange Hill East,way,1435232047,1,Shackleton Drive,20-22,20,22,safe
28,Grange Hill East,way,1435232048,1,Shackleton Drive,20-21,20,21,safe
28,Grange Hill East,way,1435232050,1,Shackleton Drive,20-35,20,35,safe
28,Grange Hill East,way,1435232051,1,Shackleton Drive,20-33,20,33,safe
28,Grange Hill East,way,1435232052,1,Shackleton Drive,20-32,20,32,safe
28,Grange Hill East,way,1435232053,1,Shackleton Drive,20-31,20,31,safe
28,Grange Hill East,way,1435232054,1,Shackleton Drive,20-29,20,29,safe
28,Grange Hill East,way,1435232055,1,Shackleton Drive,20-28,20,28,safe
28,Grange Hill East,way,1435232056,1,Shackleton Drive,20-41,20,41,safe
28,Grange Hill East,way,1435232057,1,Shackleton Drive,20-42,20,42,safe
28,Grange Hill East,way,1435232058,1,Shackleton Drive,20-43,20,43,safe
28,Grange Hill East,way,1435232059,1,Shackleton Drive,20-37,20,37,safe
28,Grange Hill East,way,1435232060,1,Shackleton Drive,20-38,20,38,safe
28,Grange Hill East,way,1435232061,1,Shackleton Drive,20-39,20,39,safe
28,Grange Hill East,way,942414509,2,Shackleton Drive,20-30,20,30,safe
28,Grange Hill East,way,942414522,2,Shackleton Drive,20-1,20,1,safe
28,Grange Hill East,way,942414523,2,Shackleton Drive,20-9,20,9,safe
28,Grange Hill East,way,942414524,2,Shackleton Drive,20-19,20,19,safe
28,Grange Hill East,way,942414525,2,Shackleton Drive,20-23,20,23,safe
28,Grange Hill East,way,942414526,2,Shackleton Drive,20-27,20,27,safe
28,Grange Hill East,way,942414527,2,Shackleton Drive,20-34,20,34,safe
28,Grange Hill East,way,942414528,2,Shackleton Drive,20-36,20,36,safe
28,Grange Hill East,way,942414529,2,Shackleton Drive,20-40,20,40,safe
28,Grange Hill East,way,1435231964,1,Victoria Road North,129-65,129,65,safe
28,Grange Hill East,way,1435231965,1,Victoria Road North,129-64,129,64,safe
28,Grange Hill East,way,1435231966,1,Victoria Road North,129-63,129,63,safe
28,Grange Hill East,way,1435231967,1,Victoria Road North,129-62,129,62,safe
28,Grange Hill East,way,1435231968,1,Victoria Road North,129-61,129,61,safe
28,Grange Hill East,way,1435231969,1,Victoria Road North,129-58,129,58,safe
28,Grange Hill East,way,1435231970,1,Victoria Road North,129-57,129,57,safe
28,Grange Hill East,way,1435231971,1,Victoria Road North,129-56,129,56,safe
28,Grange Hill East,way,1435231972,1,Victoria Road North,129-55,129,55,safe
28,Grange Hill East,way,1435231973,1,Victoria Road North,129-54,129,54,safe
28,Grange Hill East,way,1435231974,1,Victoria Road North,129-53,129,53,safe
28,Grange Hill East,way,1435231975,1,Victoria Road North,129-52,129,52,safe
28,Grange Hill East,way,1435231976,1,Victoria Road North,129-51,129,51,safe
28,Grange Hill East,way,1435231977,1,Victoria Road North,129-50,129,50,safe
28,Grange Hill East,way,1435231978,1,Victoria Road North,129-59,129,59,safe
28,Grange Hill East,way,1435231979,1,Victoria Road North,129-48,129,48,safe
28,Grange Hill East,way,1435231980,1,Victoria Road North,129-73,129,73,safe
28,Grange Hill East,way,1435231981,1,Victoria Road North,129-74,129,74,safe
28,Grange Hill East,way,1435231982,1,Victoria Road North,129-75,129,75,safe
28,Grange Hill East,way,1435231983,1,Victoria Road North,129-76,129,76,safe
28,Grange Hill East,way,1435231984,1,Victoria Road North,129-77,129,77,safe
28,Grange Hill East,way,1435231985,1,Victoria Road North,129-78,129,78,safe
28,Grange Hill East,way,1435231986,1,Victoria Road North,129-79,129,79,safe
28,Grange Hill East,way,1435231987,1,Victoria Road North,129-91,129,91,safe
28,Grange Hill East,way,1435231988,1,Victoria Road North,129-90,129,90,safe
28,Grange Hill East,way,1435231989,1,Victoria Road North,129-89,129,89,safe
28,Grange Hill East,way,1435231990,1,Victoria Road North,129-88,129,88,safe
28,Grange Hill East,way,1435231991,1,Victoria Road North,129-87,129,87,safe
28,Grange Hill East,way,1435231992,1,Victoria Road North,129-86,129,86,safe
28,Grange Hill East,way,1435231993,1,Victoria Road North,129-85,129,85,safe
28,Grange Hill East,way,1435231994,1,Victoria Road North,129-84,129,84,safe
28,Grange Hill East,way,1435231995,1,Victoria Road North,129-83,129,83,safe
28,Grange Hill East,way,1435231996,1,Victoria Road North,129-8,129,8,safe
28,Grange Hill East,way,1435231997,1,Victoria Road North,129-9,129,9,safe
28,Grange Hill East,way,1435231998,1,Victoria Road North,129-10,129,10,safe
28,Grange Hill East,way,1435231999,1,Victoria Road North,129-11,129,11,safe
28,Grange Hill East,way,1435232000,1,Victoria Road North,129-12,129,12,safe
28,Grange Hill East,way,1435232001,1,Victoria Road North,129-7,129,7,safe
28,Grange Hill East,way,1435232002,1,Victoria Road North,129-6,129,6,safe
28,Grange Hill East,way,1435232003,1,Victoria Road North,129-5,129,5,safe
28,Grange Hill East,way,1435232004,1,Victoria Road North,129-4,129,4,safe
28,Grange Hill East,way,1435232005,1,Victoria Road North,129-3,129,3,safe
28,Grange Hill East,way,1435232006,1,Victoria Road North,129-14,129,14,safe
28,Grange Hill East,way,1435232007,1,Victoria Road North,129-1,129,1,safe
28,Grange Hill East,way,1435232008,1,Victoria Road North,129-81,129,81,safe
28,Grange Hill East,way,1435232009,1,Victoria Road North,129-66,129,66,safe
28,Grange Hill East,way,1435232010,1,Victoria Road North,129-67,129,67,safe
28,Grange Hill East,way,1435232011,1,Victoria Road North,129-68,129,68,safe
28,Grange Hill East,way,1435232012,1,Victoria Road North,129-69,129,69,safe
28,Grange Hill East,way,1435232013,1,Victoria Road North,129-70,129,70,safe
28,Grange Hill East,way,1435232014,1,Victoria Road North,129-71,129,71,safe
28,Grange Hill East,way,1435232015,1,Victoria Road North,129-44,129,44,safe
28,Grange Hill East,way,1435232016,1,Victoria Road North,129-45,129,45,safe
28,Grange Hill East,way,1435232017,1,Victoria Road North,129-46,129,46,safe
28,Grange Hill East,way,1435232018,1,Victoria Road North,129-43,129,43,safe
28,Grange Hill East,way,1435232019,1,Victoria Road North,129-42,129,42,safe
28,Grange Hill East,way,1435232020,1,Victoria Road North,129-41,129,41,safe
28,Grange Hill East,way,1435232021,1,Victoria Road North,129-40,129,40,safe
28,Grange Hill East,way,1435232022,1,Victoria Road North,129-39,129,39,safe
28,Grange Hill East,way,1435232023,1,Victoria Road North,129-38,129,38,safe
28,Grange Hill East,way,1435232024,1,Victoria Road North,129-37,129,37,safe
28,Grange Hill East,way,1435232025,1,Victoria Road North,129-36,129,36,safe
28,Grange Hill East,way,1435232026,1,Victoria Road North,129-27,129,27,safe
28,Grange Hill East,way,1435232027,1,Victoria Road North,129-28,129,28,safe
28,Grange Hill East,way,1435232028,1,Victoria Road North,129-29,129,29,safe
28,Grange Hill East,way,1435232029,1,Victoria Road North,129-30,129,30,safe
28,Grange Hill East,way,1435232030,1,Victoria Road North,129-31,129,31,safe
28,Grange Hill East,way,1435232031,1,Victoria Road North,129-32,129,32,safe
28,Grange Hill East,way,1435232032,1,Victoria Road North,129-33,129,33,safe
28,Grange Hill East,way,1435232033,1,Victoria Road North,129-15,129,15,safe
28,Grange Hill East,way,1435232034,1,Victoria Road North,129-16,129,16,safe
28,Grange Hill East,way,1435232035,1,Victoria Road North,129-17,129,17,safe
28,Grange Hill East,way,1435232036,1,Victoria Road North,129-18,129,18,safe
28,Grange Hill East,way,1435232037,1,Victoria Road North,129-19,129,19,safe
28,Grange Hill East,way,1435232038,1,Victoria Road North,129-20,129,20,safe
28,Grange Hill East,way,1435232039,1,Victoria Road North,129-21,129,21,safe
28,Grange Hill East,way,1435232040,1,Victoria Road North,129-22,129,22,safe
28,Grange Hill East,way,1435232041,1,Victoria Road North,129-23,129,23,safe
28,Grange Hill East,way,1435232042,1,Victoria Road North,129-24,129,24,safe
28,Grange Hill East,way,1435232043,1,Victoria Road North,129-25,129,25,safe
28,Grange Hill East,way,801620828,2,Victoria Road North,129-49,129,49,safe
28,Grange Hill East,way,801620829,2,Victoria Road North,129-82,129,82,safe
28,Grange Hill East,way,801620830,2,Victoria Road North,129-2,129,2,safe
28,Grange Hill East,way,801620831,2,Victoria Road North,129-13,129,13,safe
28,Grange Hill East,way,801620832,2,Victoria Road North,129-80,129,80,safe
28,Grange Hill East,way,801620833,2,Victoria Road North,129-72,129,72,safe
28,Grange Hill East,way,801620834,2,Victoria Road North,129-60,129,60,safe
28,Grange Hill East,way,801620835,2,Victoria Road North,129-47,129,47,safe
28,Grange Hill East,way,801620837,2,Victoria Road North,129-35,129,35,safe
28,Grange Hill East,way,801620838,2,Victoria Road North,129-34,129,34,safe
28,Grange Hill East,way,801620839,2,Victoria Road North,129-26,129,26,safe
28,Grange Hill East,way,1435785241,1,Watson Parkway North,120-2,120,2,safe
29,Grange Hill East,way,1435785242,1,Watson Parkway North,120-3,120,3,safe
29,Grange Hill East,way,1435785243,1,Watson Parkway North,120-4,120,4,safe
29,Grange Hill East,way,1435785244,1,Watson Parkway North,120-5,120,5,safe
29,Grange Hill East,way,1435785245,1,Watson Parkway North,120-6,120,6,safe
29,Grange Hill East,way,1435785246,1,Watson Parkway North,120-7,120,7,safe
29,Grange Hill East,way,1435785247,1,Watson Parkway North,120-8,120,8,safe
29,Grange Hill East,way,1435785248,1,Watson Parkway North,120-9,120,9,safe
29,Grange Hill East,way,942024420,2,Watson Parkway North,120-1,120,1,safe
29,Grange Hill East,way,1435785226,1,Watson Parkway North,122-5,122,5,safe
29,Grange Hill East,way,1435785227,1,Watson Parkway North,122-4,122,4,safe
29,Grange Hill East,way,1435785228,1,Watson Parkway North,122-3,122,3,safe
29,Grange Hill East,way,1435785229,1,Watson Parkway North,122-2,122,2,safe
29,Grange Hill East,way,1435785230,1,Watson Parkway North,122-1,122,1,safe
29,Grange Hill East,way,942024421,2,Watson Parkway North,122-6,122,6,safe
29,Grange Hill East,way,1435785193,1,Watson Parkway North,124-2,124,2,safe
29,Grange Hill East,way,1435785194,1,Watson Parkway North,124-3,124,3,safe
29,Grange Hill East,way,1435785195,1,Watson Parkway North,124-4,124,4,safe
29,Grange Hill East,way,1435785196,1,Watson Parkway North,124-5,124,5,safe
29,Grange Hill East,way,1435785197,1,Watson Parkway North,124-6,124,6,safe
29,Grange Hill East,way,1435785198,1,Watson Parkway North,124-7,124,7,safe
29,Grange Hill East,way,1435785199,1,Watson Parkway North,124-8,124,8,safe
29,Grange Hill East,way,1435785200,1,Watson Parkway North,124-9,124,9,safe
29,Grange Hill East,way,1435785201,1,Watson Parkway North,124-10,124,10,safe
29,Grange Hill East,way,1435785202,1,Watson Parkway North,124-11,124,11,safe
29,Grange Hill East,way,1435785203,1,Watson Parkway North,124-12,124,12,safe
29,Grange Hill East,way,942024419,2,Watson Parkway North,124-1,124,1,safe
29,Grange Hill East,way,1435785204,1,Watson Parkway North,126-2,126,2,safe
29,Grange Hill East,way,1435785205,1,Watson Parkway North,126-3,126,3,safe
29,Grange Hill East,way,1435785206,1,Watson Parkway North,126-4,126,4,safe
29,Grange Hill East,way,1435785207,1,Watson Parkway North,126-5,126,5,safe
29,Grange Hill East,way,1435785208,1,Watson Parkway North,126-6,126,6,safe
29,Grange Hill East,way,1435785209,1,Watson Parkway North,126-7,126,7,safe
29,Grange Hill East,way,1435785210,1,Watson Parkway North,126-8,126,8,safe
29,Grange Hill East,way,1435785211,1,Watson Parkway North,126-9,126,9,safe
29,Grange Hill East,way,942024418,2,Watson Parkway North,126-1,126,1,safe
29,Grange Hill East,way,1435785468,1,Watson Parkway North,269-13,269,13,safe
29,Grange Hill East,way,1435785469,1,Watson Parkway North,269-14,269,14,safe
29,Grange Hill East,way,1435785470,1,Watson Parkway North,269-15,269,15,safe
29,Grange Hill East,way,1435785471,1,Watson Parkway North,269-16,269,16,safe
29,Grange Hill East,way,1435785472,1,Watson Parkway North,269-17,269,17,safe
29,Grange Hill East,way,1435785473,1,Watson Parkway North,269-18,269,18,safe
29,Grange Hill East,way,1435785474,1,Watson Parkway North,269-19,269,19,safe
29,Grange Hill East,way,1435785475,1,Watson Parkway North,269-7,269,7,safe
29,Grange Hill East,way,1435785476,1,Watson Parkway North,269-8,269,8,safe
29,Grange Hill East,way,1435785477,1,Watson Parkway North,269-9,269,9,safe
29,Grange Hill East,way,1435785478,1,Watson Parkway North,269-10,269,10,safe
29,Grange Hill East,way,1435785479,1,Watson Parkway North,269-11,269,11,safe
29,Grange Hill East,way,1435785480,1,Watson Parkway North,269-6,269,6,safe
29,Grange Hill East,way,1435785481,1,Watson Parkway North,269-4,269,4,safe
29,Grange Hill East,way,1435785482,1,Watson Parkway North,269-3,269,3,safe
29,Grange Hill East,way,1435785483,1,Watson Parkway North,269-5,269,5,safe
29,Grange Hill East,way,1435785484,1,Watson Parkway North,269-1,269,1,safe
29,Grange Hill East,way,941678490,2,Watson Parkway North,269-20,269,20,safe
29,Grange Hill East,way,941678491,2,Watson Parkway North,269-12,269,12,safe
29,Grange Hill East,way,941678492,2,Watson Parkway North,269-2,269,2,safe
29,Grange Hill East,way,1435231660,1,Watson Parkway North,365-2,365,2,safe
29,Grange Hill East,way,1435231661,1,Watson Parkway North,365-3,365,3,safe
29,Grange Hill East,way,1435231662,1,Watson Parkway North,365-4,365,4,safe
29,Grange Hill East,way,1435231663,1,Watson Parkway North,365-5,365,5,safe
29,Grange Hill East,way,1435231664,1,Watson Parkway North,365-6,365,6,safe
29,Grange Hill East,way,1435231665,1,Watson Parkway North,365-8,365,8,safe
29,Grange Hill East,way,1435231666,1,Watson Parkway North,365-9,365,9,safe
29,Grange Hill East,way,1435231667,1,Watson Parkway North,365-10,365,10,safe
29,Grange Hill East,way,1435231668,1,Watson Parkway North,365-11,365,11,safe
29,Grange Hill East,way,1435231669,1,Watson Parkway North,365-12,365,12,safe
29,Grange Hill East,way,942414510,2,Watson Parkway North,365-7,365,7,safe
29,Grange Hill East,way,942414533,2,Watson Parkway North,365-1,365,1,safe
30,Old University,way,1339508365,2,College Avenue West,264-38,264,38,safe
30,Old University,way,1339508366,2,College Avenue West,264-44,264,44,safe
30,Old University,way,1339508367,2,College Avenue West,264-39,264,39,safe
30,Old University,way,1339508368,2,College Avenue West,264-40,264,40,safe
30,Old University,way,1339508369,2,College Avenue West,264-41,264,41,safe
30,Old University,way,1339508370,2,College Avenue West,264-42,264,42,safe
30,Old University,way,1339508371,2,College Avenue West,264-43,264,43,safe
30,Old University,way,1339509946,2,College Avenue West,264-36,264,36,safe
30,Old University,way,1339509947,2,College Avenue West,264-35,264,35,safe
30,Old University,way,1339509948,2,College Avenue West,264-34,264,34,safe
30,Old University,way,1339509949,2,College Avenue West,264-31,264,31,safe
30,Old University,way,1339509950,2,College Avenue West,264-33,264,33,safe
30,Old University,way,1339509951,2,College Avenue West,264-32,264,32,safe
30,Old University,way,1339509962,2,College Avenue West,264-25,264,25,safe
30,Old University,way,1339509963,2,College Avenue West,264-26,264,26,safe
30,Old University,way,1339509964,2,College Avenue West,264-27,264,27,safe
30,Old University,way,1339509965,2,College Avenue West,264-28,264,28,safe
30,Old University,way,1339509966,2,College Avenue West,264-29,264,29,safe
30,Old University,way,1339509967,2,College Avenue West,264-30,264,30,safe
30,Old University,way,1339511555,2,College Avenue West,264-24,264,24,safe
30,Old University,way,1339511556,2,College Avenue West,264-23,264,23,safe
30,Old University,way,1339511557,2,College Avenue West,264-22,264,22,safe
30,Old University,way,1339511558,2,College Avenue West,264-20,264,20,safe
30,Old University,way,1339511559,2,College Avenue West,264-18,264,18,safe
30,Old University,way,1339511560,2,College Avenue West,264-19,264,19,safe
30,Old University,way,1339511561,2,College Avenue West,264-17,264,17,safe
30,Old University,way,1339511575,2,College Avenue West,264-21,264,21,safe
30,Old University,way,1339513924,2,College Avenue West,264-9,264,9,safe
30,Old University,way,1339513925,2,College Avenue West,264-8,264,8,safe
30,Old University,way,1339513926,2,College Avenue West,264-7,264,7,safe
30,Old University,way,1339513927,2,College Avenue West,264-5,264,5,safe
30,Old University,way,1339513928,2,College Avenue West,264-3,264,3,safe
30,Old University,way,1339513929,2,College Avenue West,264-4,264,4,safe
30,Old University,way,1339513930,2,College Avenue West,264-2,264,2,safe
30,Old University,way,1339513944,2,College Avenue West,264-6,264,6,safe
30,Old University,way,1339513946,2,College Avenue West,264-10,264,10,safe
30,Old University,way,1339513951,2,College Avenue West,264-11,264,11,safe
30,Old University,way,1339513952,2,College Avenue West,264-12,264,12,safe
30,Old University,way,1339513953,2,College Avenue West,264-13,264,13,safe
30,Old University,way,1339513954,2,College Avenue West,264-14,264,14,safe
30,Old University,way,1339513955,2,College Avenue West,264-15,264,15,safe
30,Old University,way,1339513956,2,College Avenue West,264-16,264,16,safe
30,Old University,way,801566311,3,College Avenue West,264-37,264,37,safe
30,Old University,way,1339456829,3,College Avenue West,302-88,302,88,safe
30,Old University,way,1339456830,3,College Avenue West,302-89,302,89,safe
30,Old University,way,1339456831,3,College Avenue West,302-90,302,90,safe
30,Old University,way,1339456832,3,College Avenue West,302-91,302,91,safe
30,Old University,way,1339456833,3,College Avenue West,302-92,302,92,safe
30,Old University,way,1339456834,3,College Avenue West,302-93,302,93,safe
30,Old University,way,1339460351,2,College Avenue West,302-95,302,95,safe
30,Old University,way,1339460352,2,College Avenue West,302-96,302,96,safe
30,Old University,way,1339460353,2,College Avenue West,302-97,302,97,safe
30,Old University,way,1339460354,2,College Avenue West,302-98,302,98,safe
30,Old University,way,1339460355,2,College Avenue West,302-99,302,99,safe
30,Old University,way,1339460356,2,College Avenue West,302-100,302,100,safe
30,Old University,way,1339488601,2,College Avenue West,302-2,302,2,safe
30,Old University,way,1339488602,2,College Avenue West,302-3,302,3,safe
30,Old University,way,1339488603,2,College Avenue West,302-4,302,4,safe
30,Old University,way,1339488604,2,College Avenue West,302-5,302,5,safe
30,Old University,way,1339488605,2,College Avenue West,302-6,302,6,safe
30,Old University,way,1339491059,2,College Avenue West,302-8,302,8,safe
30,Old University,way,1339491060,2,College Avenue West,302-9,302,9,safe
30,Old University,way,1339491061,2,College Avenue West,302-10,302,10,safe
30,Old University,way,1339491062,2,College Avenue West,302-11,302,11,safe
30,Old University,way,1339491063,2,College Avenue West,302-12,302,12,safe
30,Old University,way,1339491957,2,College Avenue West,302-17,302,17,safe
30,Old University,way,1339491958,2,College Avenue West,302-16,302,16,safe
30,Old University,way,1339491959,2,College Avenue West,302-15,302,15,safe
30,Old University,way,1339491960,2,College Avenue West,302-14,302,14,safe
30,Old University,way,1339491961,2,College Avenue West,302-13,302,13,safe
30,Old University,way,1339494149,2,College Avenue West,302-48,302,48,safe
30,Old University,way,1339494150,2,College Avenue West,302-49,302,49,safe
30,Old University,way,1339494151,2,College Avenue West,302-50,302,50,safe
30,Old University,way,1339494885,2,College Avenue West,302-51,302,51,safe
30,Old University,way,1339494886,2,College Avenue West,302-52,302,52,safe
30,Old University,way,1339494887,2,College Avenue West,302-53,302,53,safe
30,Old University,way,1339494888,2,College Avenue West,302-54,302,54,safe
30,Old University,way,1339539574,2,College Avenue West,302-102,302,102,safe
30,Old University,way,1339539575,2,College Avenue West,302-104,302,104,safe
30,Old University,way,1339539576,2,College Avenue West,302-103,302,103,safe
30,Old University,way,1339539577,2,College Avenue West,302-106,302,106,safe
30,Old University,way,1339539578,2,College Avenue West,302-105,302,105,safe
30,Old University,way,1339539579,2,College Avenue West,302-108,302,108,safe
30,Old University,way,1339539580,2,College Avenue West,302-107,302,107,safe
30,Old University,way,1339541243,2,College Avenue West,302-112,302,112,safe
30,Old University,way,1339541244,2,College Avenue West,302-111,302,111,safe
30,Old University,way,1339541245,2,College Avenue West,302-110,302,110,safe
30,Old University,way,1339541246,2,College Avenue West,302-109,302,109,safe
30,Old University,way,1339541255,2,College Avenue West,302-86,302,86,safe
30,Old University,way,1339541256,2,College Avenue West,302-85,302,85,safe
30,Old University,way,1339541257,2,College Avenue West,302-84,302,84,safe
30,Old University,way,1339541258,2,College Avenue West,302-83,302,83,safe
30,Old University,way,1339541259,2,College Avenue West,302-82,302,82,safe
30,Old University,way,1339541260,2,College Avenue West,302-81,302,81,safe
30,Old University,way,1339541261,2,College Avenue West,302-80,302,80,safe
30,Old University,way,1339541262,2,College Avenue West,302-79,302,79,safe
30,Old University,way,1339543541,2,College Avenue West,302-78,302,78,safe
30,Old University,way,1339543548,2,College Avenue West,302-77,302,77,safe
30,Old University,way,1339543549,3,College Avenue West,302-76,302,76,safe
30,Old University,way,1339543550,2,College Avenue West,302-75,302,75,safe
30,Old University,way,1339543551,2,College Avenue West,302-74,302,74,safe
30,Old University,way,1339543552,2,College Avenue West,302-73,302,73,safe
30,Old University,way,1339543553,3,College Avenue West,302-72,302,72,safe
30,Old University,way,1339543557,3,College Avenue West,302-71,302,71,safe
30,Old University,way,1339593794,2,College Avenue West,302-67,302,67,safe
30,Old University,way,1339593799,2,College Avenue West,302-70,302,70,safe
30,Old University,way,1339593800,2,College Avenue West,302-69,302,69,safe
30,Old University,way,1339593801,2,College Avenue West,302-68,302,68,safe
30,Old University,way,1339593802,2,College Avenue West,302-66,302,66,safe
30,Old University,way,1339593803,2,College Avenue West,302-65,302,65,safe
30,Old University,way,1339593804,2,College Avenue West,302-64,302,64,safe
30,Old University,way,1339593813,2,College Avenue West,302-63,302,63,safe
30,Old University,way,1341508396,2,College Avenue West,302-189,302,189,safe
30,Old University,way,1341508397,2,College Avenue West,302-188,302,188,safe
30,Old University,way,1341508398,2,College Avenue West,302-187,302,187,safe
30,Old University,way,1341509350,2,College Avenue West,302-42,302,42,safe
30,Old University,way,1341509351,2,College Avenue West,302-43,302,43,safe
30,Old University,way,1341509352,2,College Avenue West,302-44,302,44,safe
30,Old University,way,1341509353,2,College Avenue West,302-45,302,45,safe
30,Old University,way,1341509354,2,College Avenue West,302-46,302,46,safe
30,Old University,way,1341509355,3,College Avenue West,302-60,302,60,safe
30,Old University,way,1341509356,3,College Avenue West,302-59,302,59,safe
30,Old University,way,1341509357,3,College Avenue West,302-58,302,58,safe
30,Old University,way,1341509358,3,College Avenue West,302-57,302,57,safe
30,Old University,way,1341509359,3,College Avenue West,302-56,302,56,safe
30,Old University,way,1341509360,3,College Avenue West,302-55,302,55,safe
30,Old University,way,1341509361,3,College Avenue West,302-62,302,62,safe
30,Old University,way,1341509362,3,College Avenue West,302-61,302,61,safe
30,Old University,way,1341511300,2,College Avenue West,302-24,302,24,safe
30,Old University,way,1341511301,2,College Avenue West,302-23,302,23,safe
30,Old University,way,1341511302,2,College Avenue West,302-22,302,22,safe
30,Old University,way,1341511303,2,College Avenue West,302-20,302,20,safe
30,Old University,way,1341511304,2,College Avenue West,302-19,302,19,safe
30,Old University,way,1341511305,2,College Avenue West,302-21,302,21,safe
30,Old University,way,1341512187,2,College Avenue West,302-38,302,38,safe
30,Old University,way,1341512188,2,College Avenue West,302-37,302,37,safe
30,Old University,way,1341512189,2,College Avenue West,302-36,302,36,safe
30,Old University,way,1341512190,2,College Avenue West,302-35,302,35,safe
30,Old University,way,1341512191,2,College Avenue West,302-34,302,34,safe
30,Old University,way,1341512192,2,College Avenue West,302-33,302,33,safe
30,Old University,way,1341512193,2,College Avenue West,302-40,302,40,safe
30,Old University,way,1341512194,2,College Avenue West,302-39,302,39,safe
30,Old University,way,1341513283,2,College Avenue West,302-25,302,25,safe
30,Old University,way,1341513284,2,College Avenue West,302-26,302,26,safe
30,Old University,way,1341513285,2,College Avenue West,302-27,302,27,safe
30,Old University,way,1341513286,2,College Avenue West,302-28,302,28,safe
30,Old University,way,1341513287,2,College Avenue West,302-29,302,29,safe
30,Old University,way,1341513288,2,College Avenue West,302-30,302,30,safe
30,Old University,way,1341513289,2,College Avenue West,302-31,302,31,safe
30,Old University,way,1341513290,2,College Avenue West,302-32,302,32,safe
30,Old University,way,1341514174,2,College Avenue West,302-191,302,191,safe
30,Old University,way,1341514175,2,College Avenue West,302-192,302,192,safe
30,Old University,way,1341514176,2,College Avenue West,302-193,302,193,safe
30,Old University,way,1341514177,2,College Avenue West,302-194,302,194,safe
30,Old University,way,1341514178,2,College Avenue West,302-195,302,195,safe
30,Old University,way,1341514179,2,College Avenue West,302-196,302,196,safe
30,Old University,way,1341514180,2,College Avenue West,302-197,302,197,safe
30,Old University,way,1341514181,2,College Avenue West,302-198,302,198,safe
30,Old University,way,1341514424,2,College Avenue West,302-206,302,206,safe
30,Old University,way,1341514425,2,College Avenue West,302-205,302,205,safe
30,Old University,way,1341514426,2,College Avenue West,302-204,302,204,safe
30,Old University,way,1341514427,2,College Avenue West,302-203,302,203,safe
30,Old University,way,1341514428,2,College Avenue West,302-202,302,202,safe
30,Old University,way,1341514429,2,College Avenue West,302-201,302,201,safe
30,Old University,way,1341514430,2,College Avenue West,302-199,302,199,safe
30,Old University,way,1341514431,2,College Avenue West,302-200,302,200,safe
30,Old University,way,1341514685,2,College Avenue West,302-214,302,214,safe
30,Old University,way,1341514686,2,College Avenue West,302-213,302,213,safe
30,Old University,way,1341514687,2,College Avenue West,302-212,302,212,safe
30,Old University,way,1341514688,2,College Avenue West,302-211,302,211,safe
30,Old University,way,1341514689,2,College Avenue West,302-210,302,210,safe
30,Old University,way,1341514690,2,College Avenue West,302-209,302,209,safe
30,Old University,way,1341514691,2,College Avenue West,302-207,302,207,safe
30,Old University,way,1341514692,2,College Avenue West,302-208,302,208,safe
30,Old University,way,1341516180,2,College Avenue West,302-137,302,137,safe
30,Old University,way,1341516181,2,College Avenue West,302-138,302,138,safe
30,Old University,way,1341516182,2,College Avenue West,302-139,302,139,safe
30,Old University,way,1341516183,2,College Avenue West,302-140,302,140,safe
30,Old University,way,1341516184,2,College Avenue West,302-141,302,141,safe
30,Old University,way,1341516185,2,College Avenue West,302-142,302,142,safe
30,Old University,way,1341516186,2,College Avenue West,302-143,302,143,safe
30,Old University,way,1341516187,3,College Avenue West,302-144,302,144,safe
30,Old University,way,1341516778,2,College Avenue West,302-131,302,131,safe
30,Old University,way,1341516779,2,College Avenue West,302-132,302,132,safe
30,Old University,way,1341516780,2,College Avenue West,302-133,302,133,safe
30,Old University,way,1341516781,2,College Avenue West,302-134,302,134,safe
30,Old University,way,1341516782,2,College Avenue West,302-135,302,135,safe
30,Old University,way,1341516783,2,College Avenue West,302-136,302,136,safe
30,Old University,way,1341517412,3,College Avenue West,302-113,302,113,safe
30,Old University,way,1341517413,2,College Avenue West,302-114,302,114,safe
30,Old University,way,1341517414,2,College Avenue West,302-115,302,115,safe
30,Old University,way,1341517415,2,College Avenue West,302-116,302,116,safe
30,Old University,way,1341517416,2,College Avenue West,302-117,302,117,safe
30,Old University,way,1341517417,3,College Avenue West,302-118,302,118,safe
30,Old University,way,1341518053,2,College Avenue West,302-124,302,124,safe
30,Old University,way,1341518054,2,College Avenue West,302-123,302,123,safe
30,Old University,way,1341518055,2,College Avenue West,302-122,302,122,safe
30,Old University,way,1341518056,2,College Avenue West,302-121,302,121,safe
30,Old University,way,1341518057,2,College Avenue West,302-120,302,120,safe
30,Old University,way,1341518058,2,College Avenue West,302-119,302,119,safe
30,Old University,way,1341521038,2,College Avenue West,302-129,302,129,safe
30,Old University,way,1341521039,3,College Avenue West,302-130,302,130,safe
30,Old University,way,1341521040,3,College Avenue West,302-128,302,128,safe
30,Old University,way,1341521041,3,College Avenue West,302-127,302,127,safe
30,Old University,way,1341521042,3,College Avenue West,302-126,302,126,safe
30,Old University,way,1341521043,3,College Avenue West,302-125,302,125,safe
30,Old University,way,1341522085,2,College Avenue West,302-153,302,153,safe
30,Old University,way,1341522086,2,College Avenue West,302-154,302,154,safe
30,Old University,way,1341522087,2,College Avenue West,302-155,302,155,safe
30,Old University,way,1341522088,2,College Avenue West,302-156,302,156,safe
30,Old University,way,1341522089,2,College Avenue West,302-157,302,157,safe
30,Old University,way,1341522090,2,College Avenue West,302-158,302,158,safe
30,Old University,way,1341523126,2,College Avenue West,302-159,302,159,safe
30,Old University,way,1341523127,2,College Avenue West,302-160,302,160,safe
30,Old University,way,1341523128,2,College Avenue West,302-161,302,161,safe
30,Old University,way,1341523129,2,College Avenue West,302-162,302,162,safe
30,Old University,way,1341523130,2,College Avenue West,302-163,302,163,safe
30,Old University,way,1341523131,2,College Avenue West,302-164,302,164,safe
30,Old University,way,1341523139,2,College Avenue West,302-165,302,165,safe
30,Old University,way,1341523140,2,College Avenue West,302-166,302,166,safe
30,Old University,way,1341523849,2,College Avenue West,302-152,302,152,safe
30,Old University,way,1341523850,2,College Avenue West,302-151,302,151,safe
30,Old University,way,1341523851,2,College Avenue West,302-150,302,150,safe
30,Old University,way,1341523852,2,College Avenue West,302-149,302,149,safe
30,Old University,way,1341523853,2,College Avenue West,302-148,302,148,safe
30,Old University,way,1341523854,2,College Avenue West,302-146,302,146,safe
30,Old University,way,1341523855,2,College Avenue West,302-145,302,145,safe
30,Old University,way,1341523856,2,College Avenue West,302-147,302,147,safe
30,Old University,way,1341525323,2,College Avenue West,302-186,302,186,safe
30,Old University,way,1341525324,2,College Avenue West,302-185,302,185,safe
30,Old University,way,1341525325,2,College Avenue West,302-184,302,184,safe
30,Old University,way,1341525326,2,College Avenue West,302-183,302,183,safe
30,Old University,way,1341525327,2,College Avenue West,302-182,302,182,safe
30,Old University,way,1341525328,2,College Avenue West,302-180,302,180,safe
30,Old University,way,1341525329,2,College Avenue West,302-179,302,179,safe
30,Old University,way,1341525330,2,College Avenue West,302-181,302,181,safe
30,Old University,way,1341525927,2,College Avenue West,302-173,302,173,safe
30,Old University,way,1341525928,2,College Avenue West,302-174,302,174,safe
30,Old University,way,1341525929,2,College Avenue West,302-175,302,175,safe
30,Old University,way,1341525930,2,College Avenue West,302-176,302,176,safe
30,Old University,way,1341525931,2,College Avenue West,302-177,302,177,safe
30,Old University,way,1341525932,2,College Avenue West,302-178,302,178,safe
30,Old University,way,1341526456,2,College Avenue West,302-172,302,172,safe
30,Old University,way,1341526463,2,College Avenue West,302-168,302,168,safe
30,Old University,way,1341526464,2,College Avenue West,302-167,302,167,safe
30,Old University,way,1341526465,2,College Avenue West,302-169,302,169,safe
30,Old University,way,1341526466,2,College Avenue West,302-170,302,170,safe
30,Old University,way,1341526467,2,College Avenue West,302-171,302,171,safe
30,Old University,way,801566314,3,College Avenue West,302-47,302,47,safe
30,Old University,way,801566315,3,College Avenue West,302-41,302,41,safe
31,Old University,way,801566319,3,College Avenue West,302-1,302,1,safe
31,Old University,way,801566320,3,College Avenue West,302-7,302,7,safe
31,Old University,way,801566322,3,College Avenue West,302-18,302,18,safe
31,Old University,way,801566323,4,College Avenue West,302-101,302,101,safe
31,Old University,way,801566324,4,College Avenue West,302-87,302,87,safe
31,Old University,way,801566953,3,College Avenue West,302-94,302,94,safe
31,Old University,way,801566965,3,College Avenue West,302-190,302,190,safe
31,Old University,way,1444088138,1,Edinburgh Road South,383-35,383,35,safe
31,Old University,way,1444088139,1,Edinburgh Road South,383-37,383,37,safe
31,Old University,way,1444088140,1,Edinburgh Road South,383-41,383,41,safe
31,Old University,way,1444088141,1,Edinburgh Road South,383-39,383,39,safe
31,Old University,way,1444088142,1,Edinburgh Road South,383-40,383,40,safe
31,Old University,way,1444088143,1,Edinburgh Road South,383-36,383,36,safe
31,Old University,way,1444088144,1,Edinburgh Road South,383-5,383,5,safe
31,Old University,way,1444088145,1,Edinburgh Road South,383-4,383,4,safe
31,Old University,way,1444088146,1,Edinburgh Road South,383-3,383,3,safe
31,Old University,way,1444088147,1,Edinburgh Road South,383-2,383,2,safe
31,Old University,way,1444088148,1,Edinburgh Road South,383-27,383,27,safe
31,Old University,way,1444088149,1,Edinburgh Road South,383-28,383,28,safe
31,Old University,way,1444088150,1,Edinburgh Road South,383-29,383,29,safe
31,Old University,way,1444088151,1,Edinburgh Road South,383-30,383,30,safe
31,Old University,way,1444088152,1,Edinburgh Road South,383-31,383,31,safe
31,Old University,way,1444088153,1,Edinburgh Road South,383-32,383,32,safe
31,Old University,way,1444088154,1,Edinburgh Road South,383-33,383,33,safe
31,Old University,way,1444088155,1,Edinburgh Road South,383-9,383,9,safe
31,Old University,way,1444088156,1,Edinburgh Road South,383-8,383,8,safe
31,Old University,way,1444088157,1,Edinburgh Road South,383-7,383,7,safe
31,Old University,way,1444088158,1,Edinburgh Road South,383-10,383,10,safe
31,Old University,way,1444088159,1,Edinburgh Road South,383-11,383,11,safe
31,Old University,way,1444088160,1,Edinburgh Road South,383-12,383,12,safe
31,Old University,way,1444088161,1,Edinburgh Road South,383-26,383,26,safe
31,Old University,way,1444088162,1,Edinburgh Road South,383-25,383,25,safe
31,Old University,way,1444088163,1,Edinburgh Road South,383-24,383,24,safe
31,Old University,way,1444088164,1,Edinburgh Road South,383-23,383,23,safe
31,Old University,way,1444088165,1,Edinburgh Road South,383-22,383,22,safe
31,Old University,way,1444088166,1,Edinburgh Road South,383-20,383,20,safe
31,Old University,way,1444088167,1,Edinburgh Road South,383-19,383,19,safe
31,Old University,way,1444088168,1,Edinburgh Road South,383-18,383,18,safe
31,Old University,way,1444088169,1,Edinburgh Road South,383-17,383,17,safe
31,Old University,way,1444088170,1,Edinburgh Road South,383-16,383,16,safe
31,Old University,way,802118406,3,Edinburgh Road South,383-21,383,21,safe
31,Old University,way,802118407,3,Edinburgh Road South,383-15,383,15,safe
31,Old University,way,802118408,3,Edinburgh Road South,383-14,383,14,safe
31,Old University,way,802118409,3,Edinburgh Road South,383-6,383,6,safe
31,Old University,way,802118410,3,Edinburgh Road South,383-1,383,1,safe
31,Old University,way,802118411,3,Edinburgh Road South,383-34,383,34,safe
31,Old University,way,802118412,3,Edinburgh Road South,383-38,383,38,safe
31,Old University,way,1349281970,2,Janefield Avenue,176-276,176,276,safe
31,Old University,way,1349281971,2,Janefield Avenue,176-278,176,278,safe
31,Old University,way,1349281972,2,Janefield Avenue,176-280,176,280,safe
31,Old University,way,1349281973,2,Janefield Avenue,176-282,176,282,safe
31,Old University,way,1349281978,2,Janefield Avenue,176-284,176,284,safe
31,Old University,way,1349282155,2,Janefield Avenue,176-266,176,266,safe
31,Old University,way,1349282156,2,Janefield Avenue,176-270,176,270,safe
31,Old University,way,1349282157,2,Janefield Avenue,176-272,176,272,safe
31,Old University,way,1349282158,2,Janefield Avenue,176-268,176,268,safe
31,Old University,way,1349282159,2,Janefield Avenue,176-274,176,274,safe
31,Old University,way,1349283365,2,Janefield Avenue,176-240,176,240,safe
31,Old University,way,1349283366,2,Janefield Avenue,176-242,176,242,safe
31,Old University,way,1349283367,2,Janefield Avenue,176-244,176,244,safe
31,Old University,way,1349283368,2,Janefield Avenue,176-246,176,246,safe
31,Old University,way,1349283369,2,Janefield Avenue,176-250,176,250,safe
31,Old University,way,1349283370,2,Janefield Avenue,176-248,176,248,safe
31,Old University,way,1349285804,2,Janefield Avenue,176-252,176,252,safe
31,Old University,way,1349285805,2,Janefield Avenue,176-254,176,254,safe
31,Old University,way,1349285806,2,Janefield Avenue,176-256,176,256,safe
31,Old University,way,1349285807,2,Janefield Avenue,176-258,176,258,safe
31,Old University,way,1349285808,2,Janefield Avenue,176-260,176,260,safe
31,Old University,way,1349285809,2,Janefield Avenue,176-262,176,262,safe
31,Old University,way,1349285810,2,Janefield Avenue,176-264,176,264,safe
31,Old University,way,1349290106,2,Janefield Avenue,176-182,176,182,safe
31,Old University,way,1349290107,2,Janefield Avenue,176-184,176,184,safe
31,Old University,way,1349290108,2,Janefield Avenue,176-186,176,186,safe
31,Old University,way,1349290109,2,Janefield Avenue,176-188,176,188,safe
31,Old University,way,1349290110,2,Janefield Avenue,176-180,176,180,safe
31,Old University,way,1349290111,2,Janefield Avenue,176-190,176,190,safe
31,Old University,way,1349290127,2,Janefield Avenue,176-218,176,218,safe
31,Old University,way,1349290128,2,Janefield Avenue,176-216,176,216,safe
31,Old University,way,1349290129,2,Janefield Avenue,176-214,176,214,safe
31,Old University,way,1349290130,2,Janefield Avenue,176-212,176,212,safe
31,Old University,way,1349290131,2,Janefield Avenue,176-210,176,210,safe
31,Old University,way,1349290132,2,Janefield Avenue,176-208,176,208,safe
31,Old University,way,1349290133,2,Janefield Avenue,176-206,176,206,safe
31,Old University,way,1349291126,2,Janefield Avenue,176-324,176,324,safe
31,Old University,way,1349291127,2,Janefield Avenue,176-322,176,322,safe
31,Old University,way,1349291128,2,Janefield Avenue,176-320,176,320,safe
31,Old University,way,1349291129,2,Janefield Avenue,176-326,176,326,safe
31,Old University,way,1349291130,2,Janefield Avenue,176-328,176,328,safe
31,Old University,way,1349291131,2,Janefield Avenue,176-330,176,330,safe
31,Old University,way,1349319941,2,Janefield Avenue,176-298,176,298,safe
31,Old University,way,1349319942,2,Janefield Avenue,176-300,176,300,safe
31,Old University,way,1349319943,2,Janefield Avenue,176-302,176,302,safe
31,Old University,way,1349319944,2,Janefield Avenue,176-304,176,304,safe
31,Old University,way,1349319945,2,Janefield Avenue,176-306,176,306,safe
31,Old University,way,1349319946,2,Janefield Avenue,176-296,176,296,safe
31,Old University,way,1349321835,2,Janefield Avenue,176-294,176,294,safe
31,Old University,way,1349321836,2,Janefield Avenue,176-292,176,292,safe
31,Old University,way,1349321837,2,Janefield Avenue,176-290,176,290,safe
31,Old University,way,1349321838,2,Janefield Avenue,176-288,176,288,safe
31,Old University,way,1349321839,2,Janefield Avenue,176-286,176,286,safe
31,Old University,way,1349291114,2,Janefield Avenue,224-336,224,336,safe
31,Old University,way,1349291115,2,Janefield Avenue,224-334,224,334,safe
31,Old University,way,1349291116,2,Janefield Avenue,224-332,224,332,safe
31,Old University,way,1349291117,2,Janefield Avenue,224-338,224,338,safe
31,Old University,way,1349291118,2,Janefield Avenue,224-340,224,340,safe
31,Old University,way,1349291119,2,Janefield Avenue,224-342,224,342,safe
31,Old University,way,1349321290,2,Janefield Avenue,224-356,224,356,safe
31,Old University,way,1349321291,2,Janefield Avenue,224-358,224,358,safe
31,Old University,way,1349321292,2,Janefield Avenue,224-360,224,360,safe
31,Old University,way,1349321293,2,Janefield Avenue,224-362,224,362,safe
31,Old University,way,1349321300,3,Janefield Avenue,224-364,224,364,safe
31,Old University,way,1349321301,2,Janefield Avenue,224-366,224,366,safe
31,Old University,way,1349321302,2,Janefield Avenue,224-368,224,368,safe
31,Old University,way,1349321303,2,Janefield Avenue,224-370,224,370,safe
31,Old University,way,1349321304,2,Janefield Avenue,224-372,224,372,safe
31,Old University,way,1349321305,2,Janefield Avenue,224-376,224,376,safe
31,Old University,way,1349321306,2,Janefield Avenue,224-374,224,374,safe
31,Old University,way,1349322157,2,Janefield Avenue,224-396,224,396,safe
31,Old University,way,1349322158,2,Janefield Avenue,224-398,224,398,safe
31,Old University,way,1349322159,2,Janefield Avenue,224-394,224,394,safe
31,Old University,way,1349322160,2,Janefield Avenue,224-392,224,392,safe
31,Old University,way,1349322161,2,Janefield Avenue,224-390,224,390,safe
31,Old University,way,1349322167,2,Janefield Avenue,224-400,224,400,safe
31,Old University,way,1349322168,2,Janefield Avenue,224-388,224,388,safe
31,Old University,way,1349322890,2,Janefield Avenue,224-380,224,380,safe
31,Old University,way,1349322891,2,Janefield Avenue,224-378,224,378,safe
31,Old University,way,1349322892,2,Janefield Avenue,224-382,224,382,safe
31,Old University,way,1349322893,2,Janefield Avenue,224-384,224,384,safe
31,Old University,way,1349322894,2,Janefield Avenue,224-386,224,386,safe
31,Old University,way,1349325312,2,Janefield Avenue,224-436,224,436,safe
31,Old University,way,1349325313,2,Janefield Avenue,224-438,224,438,safe
31,Old University,way,1349325314,2,Janefield Avenue,224-440,224,440,safe
31,Old University,way,1349325315,2,Janefield Avenue,224-442,224,442,safe
31,Old University,way,1349325316,2,Janefield Avenue,224-444,224,444,safe
31,Old University,way,1349325317,2,Janefield Avenue,224-446,224,446,safe
31,Old University,way,1349325330,2,Janefield Avenue,224-408,224,408,safe
31,Old University,way,1349325331,2,Janefield Avenue,224-406,224,406,safe
31,Old University,way,1349325332,2,Janefield Avenue,224-404,224,404,safe
31,Old University,way,1349325333,2,Janefield Avenue,224-402,224,402,safe
31,Old University,way,1349325338,2,Janefield Avenue,224-410,224,410,safe
31,Old University,way,1349325435,2,Janefield Avenue,224-412,224,412,safe
31,Old University,way,1349325436,2,Janefield Avenue,224-414,224,414,safe
31,Old University,way,1349325437,2,Janefield Avenue,224-416,224,416,safe
31,Old University,way,1349325438,2,Janefield Avenue,224-418,224,418,safe
31,Old University,way,1349325439,2,Janefield Avenue,224-420,224,420,safe
31,Old University,way,1349325440,2,Janefield Avenue,224-422,224,422,safe
31,Old University,way,1349325447,2,Janefield Avenue,224-424,224,424,safe
31,Old University,way,1349325448,2,Janefield Avenue,224-426,224,426,safe
31,Old University,way,1349325449,2,Janefield Avenue,224-428,224,428,safe
31,Old University,way,1349325450,2,Janefield Avenue,224-430,224,430,safe
31,Old University,way,1349325451,2,Janefield Avenue,224-432,224,432,safe
31,Old University,way,1349325452,2,Janefield Avenue,224-434,224,434,safe
31,Old University,way,1349232185,2,Janefield Avenue,74-52,74,52,safe
31,Old University,way,1349232186,2,Janefield Avenue,74-54,74,54,safe
31,Old University,way,1349232187,2,Janefield Avenue,74-56,74,56,safe
31,Old University,way,1349247568,2,Janefield Avenue,74-4,74,4,safe
31,Old University,way,1349247569,2,Janefield Avenue,74-6,74,6,safe
31,Old University,way,1349247570,2,Janefield Avenue,74-8,74,8,safe
31,Old University,way,1349247571,2,Janefield Avenue,74-10,74,10,safe
31,Old University,way,1349247572,2,Janefield Avenue,74-12,74,12,safe
31,Old University,way,1349247573,2,Janefield Avenue,74-14,74,14,safe
31,Old University,way,1349248384,2,Janefield Avenue,74-20,74,20,safe
31,Old University,way,1349248385,2,Janefield Avenue,74-22,74,22,safe
31,Old University,way,1349248386,2,Janefield Avenue,74-24,74,24,safe
31,Old University,way,1349248387,2,Janefield Avenue,74-26,74,26,safe
31,Old University,way,1349248388,2,Janefield Avenue,74-28,74,28,safe
31,Old University,way,1349248394,2,Janefield Avenue,74-18,74,18,safe
31,Old University,way,1349248395,2,Janefield Avenue,74-16,74,16,safe
31,Old University,way,1349248972,2,Janefield Avenue,74-36,74,36,safe
31,Old University,way,1349248973,2,Janefield Avenue,74-34,74,34,safe
31,Old University,way,1349248974,2,Janefield Avenue,74-32,74,32,safe
31,Old University,way,1349248975,2,Janefield Avenue,74-30,74,30,safe
31,Old University,way,1349248984,2,Janefield Avenue,74-38,74,38,safe
31,Old University,way,1349248985,2,Janefield Avenue,74-40,74,40,safe
31,Old University,way,1349248986,2,Janefield Avenue,74-42,74,42,safe
31,Old University,way,1349248987,2,Janefield Avenue,74-44,74,44,safe
31,Old University,way,1349248988,2,Janefield Avenue,74-46,74,46,safe
31,Old University,way,1349248989,2,Janefield Avenue,74-48,74,48,safe
31,Old University,way,1349249166,2,Janefield Avenue,74-68,74,68,safe
31,Old University,way,1349249167,2,Janefield Avenue,74-70,74,70,safe
31,Old University,way,1349249168,2,Janefield Avenue,74-72,74,72,safe
31,Old University,way,1349249170,2,Janefield Avenue,74-76,74,76,safe
31,Old University,way,1349249171,2,Janefield Avenue,74-78,74,78,safe
31,Old University,way,1349249397,2,Janefield Avenue,74-58,74,58,safe
31,Old University,way,1349249398,2,Janefield Avenue,74-60,74,60,safe
31,Old University,way,1349249399,2,Janefield Avenue,74-62,74,62,safe
31,Old University,way,1349249400,2,Janefield Avenue,74-64,74,64,safe
31,Old University,way,1349249401,2,Janefield Avenue,74-66,74,66,safe
31,Old University,way,1349250114,2,Janefield Avenue,74-86,74,86,safe
31,Old University,way,1349250115,2,Janefield Avenue,74-84,74,84,safe
31,Old University,way,1349250116,2,Janefield Avenue,74-82,74,82,safe
31,Old University,way,1349250117,2,Janefield Avenue,74-80,74,80,safe
31,Old University,way,1349250122,2,Janefield Avenue,74-90,74,90,safe
31,Old University,way,1349250123,2,Janefield Avenue,74-88,74,88,safe
31,Old University,way,1349250126,2,Janefield Avenue,74-94,74,94,safe
31,Old University,way,1349250127,2,Janefield Avenue,74-92,74,92,safe
31,Old University,way,1349250128,2,Janefield Avenue,74-96,74,96,safe
31,Old University,way,1349250129,2,Janefield Avenue,74-98,74,98,safe
31,Old University,way,1349250130,2,Janefield Avenue,74-100,74,100,safe
31,Old University,way,1349250591,2,Janefield Avenue,74-102,74,102,safe
31,Old University,way,1349250592,2,Janefield Avenue,74-104,74,104,safe
31,Old University,way,1349250593,2,Janefield Avenue,74-106,74,106,safe
31,Old University,way,1349250594,2,Janefield Avenue,74-108,74,108,safe
31,Old University,way,1349250595,2,Janefield Avenue,74-112,74,112,safe
31,Old University,way,1349250602,2,Janefield Avenue,74-110,74,110,safe
31,Old University,way,1349280460,2,Janefield Avenue,74-166,74,166,safe
31,Old University,way,1349280461,2,Janefield Avenue,74-168,74,168,safe
31,Old University,way,1349280462,2,Janefield Avenue,74-170,74,170,safe
31,Old University,way,1349280463,2,Janefield Avenue,74-172,74,172,safe
31,Old University,way,1349280464,2,Janefield Avenue,74-174,74,174,safe
31,Old University,way,1349280465,2,Janefield Avenue,74-176,74,176,safe
31,Old University,way,1349280466,2,Janefield Avenue,74-178,74,178,safe
31,Old University,way,1349280483,2,Janefield Avenue,74-150,74,150,safe
31,Old University,way,1349280484,2,Janefield Avenue,74-148,74,148,safe
31,Old University,way,1349280485,2,Janefield Avenue,74-146,74,146,safe
31,Old University,way,1349280486,2,Janefield Avenue,74-144,74,144,safe
31,Old University,way,1349280487,2,Janefield Avenue,74-142,74,142,safe
31,Old University,way,1349280488,2,Janefield Avenue,74-140,74,140,safe
31,Old University,way,1349280489,2,Janefield Avenue,74-138,74,138,safe
31,Old University,way,1349280710,2,Janefield Avenue,74-124,74,124,safe
31,Old University,way,1349280711,2,Janefield Avenue,74-126,74,126,safe
31,Old University,way,1349280712,2,Janefield Avenue,74-128,74,128,safe
31,Old University,way,1349280713,2,Janefield Avenue,74-130,74,130,safe
31,Old University,way,1349280714,2,Janefield Avenue,74-132,74,132,safe
31,Old University,way,1349280715,2,Janefield Avenue,74-134,74,134,safe
31,Old University,way,1349280716,2,Janefield Avenue,74-136,74,136,safe
31,Old University,way,1349281459,2,Janefield Avenue,74-116,74,116,safe
31,Old University,way,1349281460,2,Janefield Avenue,74-114,74,114,safe
31,Old University,way,1349281461,2,Janefield Avenue,74-118,74,118,safe
31,Old University,way,1349281462,2,Janefield Avenue,74-120,74,120,safe
31,Old University,way,1349281463,2,Janefield Avenue,74-122,74,122,safe
31,Old University,way,801566969,3,Janefield Avenue,74-50,74,50,safe
31,Old University,way,801566972,3,Janefield Avenue,74-2,74,2,safe
31,Old University,way,802811016,4,Manor Park Crescent,25-9,25,9,safe
31,Old University,way,802811017,4,Manor Park Crescent,25-8,25,8,safe
31,Old University,way,802811018,3,Manor Park Crescent,25-7,25,7,safe
31,Old University,way,802811019,4,Manor Park Crescent,25-6,25,6,safe
31,Old University,way,802811020,4,Manor Park Crescent,25-5,25,5,safe
31,Old University,way,802811021,3,Manor Park Crescent,25-4,25,4,safe
31,Old University,way,802811022,4,Manor Park Crescent,25-3,25,3,safe
31,Old University,way,802811023,4,Manor Park Crescent,25-2,25,2,safe
31,Old University,way,802811024,4,Manor Park Crescent,25-12,25,12,safe
31,Old University,way,802811025,4,Manor Park Crescent,25-11,25,11,safe
31,Old University,way,802811026,3,Manor Park Crescent,25-10,25,10,safe
31,Old University,way,802811028,4,Manor Park Crescent,25-1,25,1,safe
31,Old University,way,1350008391,2,Water Street,295-73,295,73,safe
31,Old University,way,1350008392,2,Water Street,295-75,295,75,safe
31,Old University,way,1350008393,2,Water Street,295-77,295,77,safe
31,Old University,way,1350008394,2,Water Street,295-79,295,79,safe
31,Old University,way,1350008395,2,Water Street,295-63,295,63,safe
32,Old University,way,1350008396,2,Water Street,295-61,295,61,safe
32,Old University,way,1350008397,2,Water Street,295-65,295,65,safe
32,Old University,way,1350008398,2,Water Street,295-67,295,67,safe
32,Old University,way,1350008399,2,Water Street,295-69,295,69,safe
32,Old University,way,1350008400,2,Water Street,295-45,295,45,safe
32,Old University,way,1350008401,2,Water Street,295-47,295,47,safe
32,Old University,way,1350008402,2,Water Street,295-43,295,43,safe
32,Old University,way,1350008403,2,Water Street,295-41,295,41,safe
32,Old University,way,1350008404,2,Water Street,295-39,295,39,safe
32,Old University,way,1350008405,2,Water Street,295-31,295,31,safe
32,Old University,way,1350008406,2,Water Street,295-29,295,29,safe
32,Old University,way,1350008407,2,Water Street,295-33,295,33,safe
32,Old University,way,1350008408,2,Water Street,295-35,295,35,safe
32,Old University,way,1350008409,2,Water Street,295-37,295,37,safe
32,Old University,way,1350010484,2,Water Street,295-81,295,81,safe
32,Old University,way,1350010485,2,Water Street,295-85,295,85,safe
32,Old University,way,1350010486,2,Water Street,295-87,295,87,safe
32,Old University,way,1350010487,3,Water Street,295-89,295,89,safe
32,Old University,way,1350010488,2,Water Street,295-83,295,83,safe
32,Old University,way,1350011114,2,Water Street,295-91,295,91,safe
32,Old University,way,1350011115,2,Water Street,295-95,295,95,safe
32,Old University,way,1350011116,2,Water Street,295-97,295,97,safe
32,Old University,way,1350011117,2,Water Street,295-99,295,99,safe
32,Old University,way,1350011118,2,Water Street,295-93,295,93,safe
32,Old University,way,1350011119,2,Water Street,295-103,295,103,safe
32,Old University,way,1350011120,2,Water Street,295-101,295,101,safe
32,Old University,way,1350013246,2,Water Street,295-121,295,121,safe
32,Old University,way,1350013247,2,Water Street,295-123,295,123,safe
32,Old University,way,1350013248,2,Water Street,295-125,295,125,safe
32,Old University,way,1350013249,2,Water Street,295-127,295,127,safe
32,Old University,way,1350013250,2,Water Street,295-129,295,129,safe
32,Old University,way,1350013262,2,Water Street,295-131,295,131,safe
32,Old University,way,1350013263,2,Water Street,295-143,295,143,safe
32,Old University,way,1350013264,2,Water Street,295-141,295,141,safe
32,Old University,way,1350013265,2,Water Street,295-139,295,139,safe
32,Old University,way,1350013266,2,Water Street,295-137,295,137,safe
32,Old University,way,1350013267,2,Water Street,295-135,295,135,safe
32,Old University,way,1350013268,2,Water Street,295-133,295,133,safe
32,Old University,way,1350014957,2,Water Street,295-155,295,155,safe
32,Old University,way,1350014958,2,Water Street,295-157,295,157,safe
32,Old University,way,1350014959,2,Water Street,295-159,295,159,safe
32,Old University,way,1350014967,2,Water Street,295-161,295,161,safe
32,Old University,way,1350014968,2,Water Street,295-163,295,163,safe
32,Old University,way,1350014969,2,Water Street,295-165,295,165,safe
32,Old University,way,1350014970,2,Water Street,295-167,295,167,safe
32,Old University,way,1350014971,2,Water Street,295-169,295,169,safe
32,Old University,way,1350014972,2,Water Street,295-171,295,171,safe
32,Old University,way,1350014973,2,Water Street,295-177,295,177,safe
32,Old University,way,1350014974,2,Water Street,295-179,295,179,safe
32,Old University,way,1350014975,2,Water Street,295-181,295,181,safe
32,Old University,way,1350014976,2,Water Street,295-175,295,175,safe
32,Old University,way,1350014977,2,Water Street,295-183,295,183,safe
32,Old University,way,1350014978,2,Water Street,295-173,295,173,safe
32,Old University,way,1350015647,2,Water Street,295-193,295,193,safe
32,Old University,way,1350015648,2,Water Street,295-191,295,191,safe
32,Old University,way,1350015649,2,Water Street,295-189,295,189,safe
32,Old University,way,1350015650,2,Water Street,295-187,295,187,safe
32,Old University,way,1350015651,2,Water Street,295-185,295,185,safe
32,Old University,way,1350015960,2,Water Street,295-153,295,153,safe
32,Old University,way,1350015961,2,Water Street,295-149,295,149,safe
32,Old University,way,1350015962,2,Water Street,295-151,295,151,safe
32,Old University,way,1350015963,2,Water Street,295-147,295,147,safe
32,Old University,way,1350015964,2,Water Street,295-145,295,145,safe
32,Old University,way,1350016651,2,Water Street,295-119,295,119,safe
32,Old University,way,1350016652,2,Water Street,295-117,295,117,safe
32,Old University,way,1350016653,2,Water Street,295-115,295,115,safe
32,Old University,way,1350016654,2,Water Street,295-113,295,113,safe
32,Old University,way,1350016655,2,Water Street,295-111,295,111,safe
32,Old University,way,1350016656,2,Water Street,295-109,295,109,safe
32,Old University,way,1350016657,2,Water Street,295-107,295,107,safe
32,Old University,way,1350016658,2,Water Street,295-105,295,105,safe
32,Old University,way,1350017126,2,Water Street,295-49,295,49,safe
32,Old University,way,1350017127,2,Water Street,295-51,295,51,safe
32,Old University,way,1350017128,2,Water Street,295-53,295,53,safe
32,Old University,way,1350017129,2,Water Street,295-55,295,55,safe
32,Old University,way,1350017130,2,Water Street,295-57,295,57,safe
32,Old University,way,1350017131,2,Water Street,295-59,295,59,safe
32,Old University,way,1350017138,2,Water Street,295-19,295,19,safe
32,Old University,way,1350017139,2,Water Street,295-21,295,21,safe
32,Old University,way,1350017140,2,Water Street,295-23,295,23,safe
32,Old University,way,1350017141,2,Water Street,295-25,295,25,safe
32,Old University,way,1350017142,2,Water Street,295-27,295,27,safe
32,Old University,way,1350017532,2,Water Street,295-17,295,17,safe
32,Old University,way,1350017533,2,Water Street,295-15,295,15,safe
32,Old University,way,1350017534,2,Water Street,295-11,295,11,safe
32,Old University,way,1350017535,2,Water Street,295-9,295,9,safe
32,Old University,way,1350017536,2,Water Street,295-7,295,7,safe
32,Old University,way,1350017537,2,Water Street,295-5,295,5,safe
32,Old University,way,1350017538,2,Water Street,295-3,295,3,safe
32,Old University,way,1350017539,2,Water Street,295-1,295,1,safe
32,Old University,way,286693575,5,Water Street,295-71,295,71,safe
33,West Willow Woods,way,1441652209,1,Ferman Drive,80-13,80,13,safe
33,West Willow Woods,way,1441652210,1,Ferman Drive,80-12,80,12,safe
33,West Willow Woods,way,1441652211,1,Ferman Drive,80-11,80,11,safe
33,West Willow Woods,way,1441652212,1,Ferman Drive,80-10,80,10,safe
33,West Willow Woods,way,1441652213,1,Ferman Drive,80-9,80,9,safe
33,West Willow Woods,way,1441652214,1,Ferman Drive,80-8,80,8,safe
33,West Willow Woods,way,1441652215,1,Ferman Drive,80-7,80,7,safe
33,West Willow Woods,way,1441652216,1,Ferman Drive,80-6,80,6,safe
33,West Willow Woods,way,1441652217,1,Ferman Drive,80-5,80,5,safe
33,West Willow Woods,way,1441652218,1,Ferman Drive,80-4,80,4,safe
33,West Willow Woods,way,1441652219,1,Ferman Drive,80-3,80,3,safe
33,West Willow Woods,way,1441652220,1,Ferman Drive,80-2,80,2,safe
33,West Willow Woods,way,1441652221,1,Ferman Drive,80-24,80,24,safe
33,West Willow Woods,way,1441652222,1,Ferman Drive,80-23,80,23,safe
33,West Willow Woods,way,1441652223,1,Ferman Drive,80-22,80,22,safe
33,West Willow Woods,way,1441652224,1,Ferman Drive,80-21,80,21,safe
33,West Willow Woods,way,1441652225,1,Ferman Drive,80-20,80,20,safe
33,West Willow Woods,way,1441652226,1,Ferman Drive,80-19,80,19,safe
33,West Willow Woods,way,1441652227,1,Ferman Drive,80-18,80,18,safe
33,West Willow Woods,way,1441652228,1,Ferman Drive,80-17,80,17,safe
33,West Willow Woods,way,1441652229,1,Ferman Drive,80-16,80,16,safe
33,West Willow Woods,way,1441652230,1,Ferman Drive,80-15,80,15,safe
33,West Willow Woods,way,1441652231,1,Ferman Drive,80-38,80,38,safe
33,West Willow Woods,way,1441652232,1,Ferman Drive,80-37,80,37,safe
33,West Willow Woods,way,1441652233,1,Ferman Drive,80-36,80,36,safe
33,West Willow Woods,way,1441652234,1,Ferman Drive,80-35,80,35,safe
33,West Willow Woods,way,1441652235,1,Ferman Drive,80-34,80,34,safe
33,West Willow Woods,way,1441652236,1,Ferman Drive,80-33,80,33,safe
33,West Willow Woods,way,1441652237,1,Ferman Drive,80-32,80,32,safe
33,West Willow Woods,way,1441652238,1,Ferman Drive,80-31,80,31,safe
33,West Willow Woods,way,1441652239,1,Ferman Drive,80-30,80,30,safe
33,West Willow Woods,way,1441652240,1,Ferman Drive,80-29,80,29,safe
33,West Willow Woods,way,1441652241,1,Ferman Drive,80-28,80,28,safe
33,West Willow Woods,way,1441652242,1,Ferman Drive,80-27,80,27,safe
33,West Willow Woods,way,1441652243,1,Ferman Drive,80-26,80,26,safe
33,West Willow Woods,way,803280031,2,Ferman Drive,80-1,80,1,safe
33,West Willow Woods,way,803280032,2,Ferman Drive,80-25,80,25,safe
33,West Willow Woods,way,803280033,2,Ferman Drive,80-14,80,14,safe
33,West Willow Woods,way,1441652244,1,Ferman Drive,90-1,90,1,safe
33,West Willow Woods,way,1441652245,1,Ferman Drive,90-2,90,2,safe
33,West Willow Woods,way,1441652246,1,Ferman Drive,90-3,90,3,safe
33,West Willow Woods,way,1441652247,1,Ferman Drive,90-4,90,4,safe
33,West Willow Woods,way,1441652248,1,Ferman Drive,90-5,90,5,safe
33,West Willow Woods,way,1441652249,1,Ferman Drive,90-6,90,6,safe
33,West Willow Woods,way,1441652250,1,Ferman Drive,90-7,90,7,safe
33,West Willow Woods,way,1441652251,1,Ferman Drive,90-8,90,8,safe
33,West Willow Woods,way,1441652252,1,Ferman Drive,90-9,90,9,safe
33,West Willow Woods,way,1441652253,1,Ferman Drive,90-10,90,10,safe
33,West Willow Woods,way,1441652254,1,Ferman Drive,90-11,90,11,safe
33,West Willow Woods,way,1441652255,1,Ferman Drive,90-24,90,24,safe
33,West Willow Woods,way,1441652256,1,Ferman Drive,90-23,90,23,safe
33,West Willow Woods,way,1441652257,1,Ferman Drive,90-22,90,22,safe
33,West Willow Woods,way,1441652258,1,Ferman Drive,90-21,90,21,safe
33,West Willow Woods,way,1441652259,1,Ferman Drive,90-20,90,20,safe
33,West Willow Woods,way,1441652260,1,Ferman Drive,90-19,90,19,safe
33,West Willow Woods,way,1441652261,1,Ferman Drive,90-18,90,18,safe
33,West Willow Woods,way,1441652262,1,Ferman Drive,90-17,90,17,safe
33,West Willow Woods,way,1441652263,1,Ferman Drive,90-16,90,16,safe
33,West Willow Woods,way,1441652264,1,Ferman Drive,90-15,90,15,safe
33,West Willow Woods,way,1441652265,1,Ferman Drive,90-14,90,14,safe
33,West Willow Woods,way,1441652266,1,Ferman Drive,90-13,90,13,safe
33,West Willow Woods,way,1441652267,1,Ferman Drive,90-45,90,45,safe
33,West Willow Woods,way,1441652268,1,Ferman Drive,90-44,90,44,safe
33,West Willow Woods,way,1441652269,1,Ferman Drive,90-43,90,43,safe
33,West Willow Woods,way,1441652270,1,Ferman Drive,90-42,90,42,safe
33,West Willow Woods,way,1441652271,1,Ferman Drive,90-41,90,41,safe
33,West Willow Woods,way,1441652272,1,Ferman Drive,90-40,90,40,safe
33,West Willow Woods,way,1441652273,1,Ferman Drive,90-39,90,39,safe
33,West Willow Woods,way,1441652274,1,Ferman Drive,90-38,90,38,safe
33,West Willow Woods,way,1441652275,1,Ferman Drive,90-25,90,25,safe
33,West Willow Woods,way,1441652276,1,Ferman Drive,90-26,90,26,safe
33,West Willow Woods,way,1441652277,1,Ferman Drive,90-27,90,27,safe
33,West Willow Woods,way,1441652278,1,Ferman Drive,90-28,90,28,safe
33,West Willow Woods,way,1441652279,1,Ferman Drive,90-29,90,29,safe
33,West Willow Woods,way,1441652280,1,Ferman Drive,90-30,90,30,safe
33,West Willow Woods,way,1441652281,1,Ferman Drive,90-31,90,31,safe
33,West Willow Woods,way,1441652282,1,Ferman Drive,90-32,90,32,safe
33,West Willow Woods,way,1441652283,1,Ferman Drive,90-33,90,33,safe
33,West Willow Woods,way,1441652284,1,Ferman Drive,90-34,90,34,safe
33,West Willow Woods,way,1441652285,1,Ferman Drive,90-35,90,35,safe
33,West Willow Woods,way,1441652286,1,Ferman Drive,90-36,90,36,safe
33,West Willow Woods,way,803280034,2,Ferman Drive,90-12,90,12,safe
33,West Willow Woods,way,803280035,2,Ferman Drive,90-37,90,37,safe
33,West Willow Woods,way,1441652287,1,Imperial Road North,40-1,40,1,safe
33,West Willow Woods,way,1441652288,1,Imperial Road North,40-2,40,2,safe
33,West Willow Woods,way,1441652289,1,Imperial Road North,40-3,40,3,safe
33,West Willow Woods,way,1441652290,1,Imperial Road North,40-4,40,4,safe
33,West Willow Woods,way,1441652291,1,Imperial Road North,40-5,40,5,safe
33,West Willow Woods,way,1441652292,1,Imperial Road North,40-6,40,6,safe
33,West Willow Woods,way,1441652293,1,Imperial Road North,40-7,40,7,safe
33,West Willow Woods,way,1441652294,1,Imperial Road North,40-8,40,8,safe
33,West Willow Woods,way,1441652295,1,Imperial Road North,40-9,40,9,safe
33,West Willow Woods,way,1441652296,1,Imperial Road North,40-10,40,10,safe
33,West Willow Woods,way,1441652297,1,Imperial Road North,40-11,40,11,safe
33,West Willow Woods,way,1441652298,1,Imperial Road North,40-12,40,12,safe
33,West Willow Woods,way,1441652299,1,Imperial Road North,40-15,40,15,safe
33,West Willow Woods,way,1441652300,1,Imperial Road North,40-16,40,16,safe
33,West Willow Woods,way,1441652301,1,Imperial Road North,40-17,40,17,safe
33,West Willow Woods,way,1441652302,1,Imperial Road North,40-18,40,18,safe
33,West Willow Woods,way,1441652303,1,Imperial Road North,40-19,40,19,safe
33,West Willow Woods,way,1441652304,1,Imperial Road North,40-64,40,64,safe
33,West Willow Woods,way,1441652305,1,Imperial Road North,40-65,40,65,safe
33,West Willow Woods,way,1441652306,1,Imperial Road North,40-66,40,66,safe
33,West Willow Woods,way,1441652307,1,Imperial Road North,40-67,40,67,safe
33,West Willow Woods,way,1441652308,1,Imperial Road North,40-68,40,68,safe
33,West Willow Woods,way,1441652309,1,Imperial Road North,40-69,40,69,safe
33,West Willow Woods,way,1441652310,1,Imperial Road North,40-71,40,71,safe
33,West Willow Woods,way,1441652311,1,Imperial Road North,40-72,40,72,safe
33,West Willow Woods,way,1441652312,1,Imperial Road North,40-73,40,73,safe
33,West Willow Woods,way,1441652313,1,Imperial Road North,40-74,40,74,safe
33,West Willow Woods,way,1441652314,1,Imperial Road North,40-75,40,75,safe
33,West Willow Woods,way,1441652315,1,Imperial Road North,40-63,40,63,safe
33,West Willow Woods,way,1441652316,1,Imperial Road North,40-62,40,62,safe
33,West Willow Woods,way,1441652317,1,Imperial Road North,40-61,40,61,safe
33,West Willow Woods,way,1441652318,1,Imperial Road North,40-60,40,60,safe
33,West Willow Woods,way,1441652319,1,Imperial Road North,40-59,40,59,safe
33,West Willow Woods,way,1441652320,1,Imperial Road North,40-20,40,20,safe
33,West Willow Woods,way,1441652321,1,Imperial Road North,40-21,40,21,safe
33,West Willow Woods,way,1441652322,1,Imperial Road North,40-22,40,22,safe
33,West Willow Woods,way,1441652323,1,Imperial Road North,40-23,40,23,safe
33,West Willow Woods,way,1441652324,1,Imperial Road North,40-24,40,24,safe
33,West Willow Woods,way,1441652325,1,Imperial Road North,40-25,40,25,safe
33,West Willow Woods,way,1441652326,1,Imperial Road North,40-32,40,32,safe
33,West Willow Woods,way,1441652327,1,Imperial Road North,40-31,40,31,safe
33,West Willow Woods,way,1441652328,1,Imperial Road North,40-30,40,30,safe
33,West Willow Woods,way,1441652329,1,Imperial Road North,40-29,40,29,safe
33,West Willow Woods,way,1441652330,1,Imperial Road North,40-28,40,28,safe
33,West Willow Woods,way,1441652331,1,Imperial Road North,40-33,40,33,safe
33,West Willow Woods,way,1441652332,1,Imperial Road North,40-34,40,34,safe
33,West Willow Woods,way,1441652333,1,Imperial Road North,40-35,40,35,safe
33,West Willow Woods,way,1441652334,1,Imperial Road North,40-36,40,36,safe
33,West Willow Woods,way,1441652335,1,Imperial Road North,40-37,40,37,safe
33,West Willow Woods,way,1441652336,1,Imperial Road North,40-44,40,44,safe
33,West Willow Woods,way,1441652337,1,Imperial Road North,40-43,40,43,safe
33,West Willow Woods,way,1441652338,1,Imperial Road North,40-42,40,42,safe
33,West Willow Woods,way,1441652339,1,Imperial Road North,40-41,40,41,safe
33,West Willow Woods,way,1441652341,1,Imperial Road North,40-45,40,45,safe
33,West Willow Woods,way,1441652342,1,Imperial Road North,40-46,40,46,safe
33,West Willow Woods,way,1441652343,1,Imperial Road North,40-47,40,47,safe
33,West Willow Woods,way,1441652344,1,Imperial Road North,40-48,40,48,safe
33,West Willow Woods,way,1441652345,1,Imperial Road North,40-49,40,49,safe
33,West Willow Woods,way,1441652346,1,Imperial Road North,40-51,40,51,safe
33,West Willow Woods,way,1441652347,1,Imperial Road North,40-52,40,52,safe
33,West Willow Woods,way,1441652348,1,Imperial Road North,40-53,40,53,safe
33,West Willow Woods,way,1441652349,1,Imperial Road North,40-54,40,54,safe
33,West Willow Woods,way,1441652350,1,Imperial Road North,40-55,40,55,safe
33,West Willow Woods,way,1441652351,1,Imperial Road North,40-56,40,56,safe
33,West Willow Woods,way,803280020,3,Imperial Road North,40-57,40,57,safe
33,West Willow Woods,way,803280021,3,Imperial Road North,40-58,40,58,safe
33,West Willow Woods,way,803280022,3,Imperial Road North,40-70,40,70,safe
33,West Willow Woods,way,803280023,3,Imperial Road North,40-76,40,76,safe
33,West Willow Woods,way,803280024,3,Imperial Road North,40-50,40,50,safe
33,West Willow Woods,way,803280025,3,Imperial Road North,40-38,40,38,safe
33,West Willow Woods,way,803280026,3,Imperial Road North,40-13,40,13,safe
33,West Willow Woods,way,803280027,3,Imperial Road North,40-14,40,14,safe
33,West Willow Woods,way,803280028,3,Imperial Road North,40-27,40,27,safe
33,West Willow Woods,way,803280029,3,Imperial Road North,40-39,40,39,safe
33,West Willow Woods,way,803280030,3,Imperial Road North,40-26,40,26,safe
33,West Willow Woods,way,1437044114,1,Marksam Road,180-58,180,58,safe
33,West Willow Woods,way,1437044115,1,Marksam Road,180-57,180,57,safe
33,West Willow Woods,way,1437044116,1,Marksam Road,180-56,180,56,safe
33,West Willow Woods,way,1437044117,1,Marksam Road,180-55,180,55,safe
33,West Willow Woods,way,1437044118,1,Marksam Road,180-54,180,54,safe
33,West Willow Woods,way,1437044119,1,Marksam Road,180-53,180,53,safe
33,West Willow Woods,way,1437044120,1,Marksam Road,180-98,180,98,safe
33,West Willow Woods,way,1437044121,1,Marksam Road,180-97,180,97,safe
33,West Willow Woods,way,1437044122,1,Marksam Road,180-96,180,96,safe
33,West Willow Woods,way,1437044123,1,Marksam Road,180-95,180,95,safe
33,West Willow Woods,way,1437044124,1,Marksam Road,180-94,180,94,safe
33,West Willow Woods,way,1437044125,1,Marksam Road,180-93,180,93,safe
33,West Willow Woods,way,1437044126,1,Marksam Road,180-92,180,92,safe
33,West Willow Woods,way,1437044127,1,Marksam Road,180-7,180,7,safe
33,West Willow Woods,way,1437044128,1,Marksam Road,180-6,180,6,safe
33,West Willow Woods,way,1437044129,1,Marksam Road,180-5,180,5,safe
33,West Willow Woods,way,1437044130,1,Marksam Road,180-4,180,4,safe
33,West Willow Woods,way,1437044131,1,Marksam Road,180-3,180,3,safe
33,West Willow Woods,way,1437044132,1,Marksam Road,180-2,180,2,safe
33,West Willow Woods,way,1437044133,1,Marksam Road,180-13,180,13,safe
33,West Willow Woods,way,1437044134,1,Marksam Road,180-12,180,12,safe
33,West Willow Woods,way,1437044135,1,Marksam Road,180-11,180,11,safe
33,West Willow Woods,way,1437044136,1,Marksam Road,180-10,180,10,safe
33,West Willow Woods,way,1437044137,1,Marksam Road,180-9,180,9,safe
33,West Willow Woods,way,1437044138,1,Marksam Road,180-19,180,19,safe
33,West Willow Woods,way,1437044139,1,Marksam Road,180-18,180,18,safe
33,West Willow Woods,way,1437044140,1,Marksam Road,180-17,180,17,safe
33,West Willow Woods,way,1437044141,1,Marksam Road,180-16,180,16,safe
33,West Willow Woods,way,1437044142,1,Marksam Road,180-15,180,15,safe
33,West Willow Woods,way,1437044143,1,Marksam Road,180-21,180,21,safe
33,West Willow Woods,way,1437044144,1,Marksam Road,180-23,180,23,safe
33,West Willow Woods,way,1437044145,1,Marksam Road,180-24,180,24,safe
33,West Willow Woods,way,1437044146,1,Marksam Road,180-25,180,25,safe
33,West Willow Woods,way,1437044147,1,Marksam Road,180-20,180,20,safe
33,West Willow Woods,way,1437044149,1,Marksam Road,180-75,180,75,safe
33,West Willow Woods,way,1437044150,1,Marksam Road,180-76,180,76,safe
33,West Willow Woods,way,1437044151,1,Marksam Road,180-77,180,77,safe
33,West Willow Woods,way,1437044152,1,Marksam Road,180-78,180,78,safe
33,West Willow Woods,way,1437044153,1,Marksam Road,180-79,180,79,safe
33,West Willow Woods,way,1437044154,1,Marksam Road,180-80,180,80,safe
33,West Willow Woods,way,1437044155,1,Marksam Road,180-81,180,81,safe
33,West Willow Woods,way,1437044156,1,Marksam Road,180-74,180,74,safe
33,West Willow Woods,way,1437044157,1,Marksam Road,180-73,180,73,safe
33,West Willow Woods,way,1437044158,1,Marksam Road,180-72,180,72,safe
33,West Willow Woods,way,1437044159,1,Marksam Road,180-71,180,71,safe
33,West Willow Woods,way,1437044160,1,Marksam Road,180-70,180,70,safe
33,West Willow Woods,way,1437044161,1,Marksam Road,180-69,180,69,safe
33,West Willow Woods,way,1437044162,1,Marksam Road,180-68,180,68,safe
33,West Willow Woods,way,1437044163,1,Marksam Road,180-67,180,67,safe
33,West Willow Woods,way,1437044164,1,Marksam Road,180-90,180,90,safe
33,West Willow Woods,way,1437044165,1,Marksam Road,180-89,180,89,safe
33,West Willow Woods,way,1437044166,1,Marksam Road,180-88,180,88,safe
33,West Willow Woods,way,1437044167,1,Marksam Road,180-87,180,87,safe
33,West Willow Woods,way,1437044168,1,Marksam Road,180-86,180,86,safe
33,West Willow Woods,way,1437044169,1,Marksam Road,180-85,180,85,safe
33,West Willow Woods,way,1437044170,1,Marksam Road,180-84,180,84,safe
33,West Willow Woods,way,1437044171,1,Marksam Road,180-64,180,64,safe
33,West Willow Woods,way,1437044172,1,Marksam Road,180-62,180,62,safe
33,West Willow Woods,way,1437044173,1,Marksam Road,180-61,180,61,safe
33,West Willow Woods,way,1437044174,1,Marksam Road,180-60,180,60,safe
33,West Willow Woods,way,1437044175,1,Marksam Road,180-59,180,59,safe
33,West Willow Woods,way,1437044176,1,Marksam Road,180-63,180,63,safe
33,West Willow Woods,way,1437044177,1,Marksam Road,180-43,180,43,safe
33,West Willow Woods,way,1437044178,1,Marksam Road,180-42,180,42,safe
33,West Willow Woods,way,1437044179,1,Marksam Road,180-41,180,41,safe
33,West Willow Woods,way,1437044180,1,Marksam Road,180-40,180,40,safe
33,West Willow Woods,way,1437044181,1,Marksam Road,180-39,180,39,safe
33,West Willow Woods,way,1437044182,1,Marksam Road,180-38,180,38,safe
33,West Willow Woods,way,1437044183,1,Marksam Road,180-37,180,37,safe
33,West Willow Woods,way,1437044184,1,Marksam Road,180-36,180,36,safe
33,West Willow Woods,way,1437044185,1,Marksam Road,180-34,180,34,safe
33,West Willow Woods,way,1437044186,1,Marksam Road,180-33,180,33,safe
33,West Willow Woods,way,1437044187,1,Marksam Road,180-32,180,32,safe
33,West Willow Woods,way,1437044188,1,Marksam Road,180-31,180,31,safe
33,West Willow Woods,way,1437044189,1,Marksam Road,180-30,180,30,safe
33,West Willow Woods,way,1437044190,1,Marksam Road,180-29,180,29,safe
33,West Willow Woods,way,1437044191,1,Marksam Road,180-28,180,28,safe
33,West Willow Woods,way,1437044192,1,Marksam Road,180-27,180,27,safe
33,West Willow Woods,way,1437044193,1,Marksam Road,180-51,180,51,safe
33,West Willow Woods,way,1437044194,1,Marksam Road,180-50,180,50,safe
33,West Willow Woods,way,1437044195,1,Marksam Road,180-49,180,49,safe
33,West Willow Woods,way,1437044196,1,Marksam Road,180-48,180,48,safe
33,West Willow Woods,way,1437044197,1,Marksam Road,180-47,180,47,safe
33,West Willow Woods,way,1437044198,1,Marksam Road,180-46,180,46,safe
33,West Willow Woods,way,1437044199,1,Marksam Road,180-45,180,45,safe
33,West Willow Woods,way,803280007,2,Marksam Road,180-52,180,52,safe
33,West Willow Woods,way,803280008,2,Marksam Road,180-44,180,44,safe
33,West Willow Woods,way,803280009,2,Marksam Road,180-35,180,35,safe
33,West Willow Woods,way,803280010,2,Marksam Road,180-26,180,26,safe
33,West Willow Woods,way,803280011,2,Marksam Road,180-91,180,91,safe
33,West Willow Woods,way,803280012,2,Marksam Road,180-65,180,65,safe
33,West Willow Woods,way,803280013,2,Marksam Road,180-83,180,83,safe
34,West Willow Woods,way,803280014,2,Marksam Road,180-66,180,66,safe
34,West Willow Woods,way,803280015,2,Marksam Road,180-22,180,22,safe
34,West Willow Woods,way,803280016,2,Marksam Road,180-14,180,14,safe
34,West Willow Woods,way,803280017,2,Marksam Road,180-8,180,8,safe
34,West Willow Woods,way,803280018,2,Marksam Road,180-82,180,82,safe
34,West Willow Woods,way,803280019,2,Marksam Road,180-1,180,1,safe
34,West Willow Woods,way,1441651857,1,Marksam Road,45-25,45,25,safe
34,West Willow Woods,way,1441651858,1,Marksam Road,45-23,45,23,safe
34,West Willow Woods,way,1441651859,1,Marksam Road,45-21,45,21,safe
34,West Willow Woods,way,1441651860,1,Marksam Road,45-19,45,19,safe
34,West Willow Woods,way,1441651861,1,Marksam Road,45-105,45,105,safe
34,West Willow Woods,way,1441651862,1,Marksam Road,45-99,45,99,safe
34,West Willow Woods,way,1441651863,1,Marksam Road,45-103,45,103,safe
34,West Willow Woods,way,1441651864,1,Marksam Road,45-57,45,57,safe
34,West Willow Woods,way,1441651865,1,Marksam Road,45-55,45,55,safe
34,West Willow Woods,way,1441651866,1,Marksam Road,45-53,45,53,safe
34,West Willow Woods,way,1441651867,1,Marksam Road,45-51,45,51,safe
34,West Willow Woods,way,1441651868,1,Marksam Road,45-49,45,49,safe
34,West Willow Woods,way,1441651869,1,Marksam Road,45-47,45,47,safe
34,West Willow Woods,way,1441651871,1,Marksam Road,45-43,45,43,safe
34,West Willow Woods,way,1441651872,1,Marksam Road,45-41,45,41,safe
34,West Willow Woods,way,1441651873,1,Marksam Road,45-39,45,39,safe
34,West Willow Woods,way,1441651874,1,Marksam Road,45-37,45,37,safe
34,West Willow Woods,way,1441651875,1,Marksam Road,45-69,45,69,safe
34,West Willow Woods,way,1441651876,1,Marksam Road,45-67,45,67,safe
34,West Willow Woods,way,1441651877,1,Marksam Road,45-65,45,65,safe
34,West Willow Woods,way,1441651878,1,Marksam Road,45-63,45,63,safe
34,West Willow Woods,way,1441651879,1,Marksam Road,45-61,45,61,safe
34,West Willow Woods,way,1441651880,1,Marksam Road,45-71,45,71,safe
34,West Willow Woods,way,1441651881,1,Marksam Road,45-73,45,73,safe
34,West Willow Woods,way,1441651882,1,Marksam Road,45-75,45,75,safe
34,West Willow Woods,way,1441651883,1,Marksam Road,45-77,45,77,safe
34,West Willow Woods,way,1441651884,1,Marksam Road,45-79,45,79,safe
34,West Willow Woods,way,1441651885,1,Marksam Road,45-83,45,83,safe
34,West Willow Woods,way,1441651886,1,Marksam Road,45-85,45,85,safe
34,West Willow Woods,way,1441651887,1,Marksam Road,45-87,45,87,safe
34,West Willow Woods,way,1441651888,1,Marksam Road,45-89,45,89,safe
34,West Willow Woods,way,1441651889,1,Marksam Road,45-91,45,91,safe
34,West Willow Woods,way,1441651890,1,Marksam Road,45-93,45,93,safe
34,West Willow Woods,way,1441651891,1,Marksam Road,45-95,45,95,safe
34,West Willow Woods,way,1441651892,1,Marksam Road,45-107,45,107,safe
34,West Willow Woods,way,1441651893,1,Marksam Road,45-113,45,113,safe
34,West Willow Woods,way,1441651894,1,Marksam Road,45-111,45,111,safe
34,West Willow Woods,way,1441651895,1,Marksam Road,45-115,45,115,safe
34,West Willow Woods,way,1441651896,1,Marksam Road,45-121,45,121,safe
34,West Willow Woods,way,1441651897,1,Marksam Road,45-119,45,119,safe
34,West Willow Woods,way,1441651898,1,Marksam Road,45-127,45,127,safe
34,West Willow Woods,way,1441651899,1,Marksam Road,45-125,45,125,safe
34,West Willow Woods,way,1441651900,1,Marksam Road,45-129,45,129,safe
34,West Willow Woods,way,1441651901,1,Marksam Road,45-29,45,29,safe
34,West Willow Woods,way,1441651902,1,Marksam Road,45-31,45,31,safe
34,West Willow Woods,way,1441651903,1,Marksam Road,45-33,45,33,safe
34,West Willow Woods,way,1441651904,1,Marksam Road,45-3,45,3,safe
34,West Willow Woods,way,1441651905,1,Marksam Road,45-5,45,5,safe
34,West Willow Woods,way,1441651906,1,Marksam Road,45-15,45,15,safe
34,West Willow Woods,way,1441651907,1,Marksam Road,45-9,45,9,safe
34,West Willow Woods,way,1441651908,1,Marksam Road,45-13,45,13,safe
34,West Willow Woods,way,1441651909,1,Marksam Road,45-7,45,7,safe
34,West Willow Woods,way,803276520,2,Marksam Road,45-35,45,35,safe
34,West Willow Woods,way,803276521,2,Marksam Road,45-59,45,59,safe
34,West Willow Woods,way,803276522,2,Marksam Road,45-81,45,81,safe
34,West Willow Woods,way,803276523,2,Marksam Road,45-97,45,97,safe
34,West Willow Woods,way,803276524,2,Marksam Road,45-17,45,17,safe
34,West Willow Woods,way,803276529,2,Marksam Road,45-27,45,27,safe
34,West Willow Woods,way,803276530,2,Marksam Road,45-11,45,11,safe
34,West Willow Woods,way,803276531,2,Marksam Road,45-1,45,1,safe
34,West Willow Woods,way,803276532,2,Marksam Road,45-123,45,123,safe
34,West Willow Woods,way,803276533,2,Marksam Road,45-117,45,117,safe
34,West Willow Woods,way,803276534,2,Marksam Road,45-109,45,109,safe
34,West Willow Woods,way,803276535,2,Marksam Road,45-101,45,101,safe
34,West Willow Woods,way,1441651762,1,Rhonda Road,35-41,35,41,safe
34,West Willow Woods,way,1441651763,1,Rhonda Road,35-43,35,43,safe
34,West Willow Woods,way,1441651764,1,Rhonda Road,35-42,35,42,safe
34,West Willow Woods,way,1441651765,1,Rhonda Road,35-34,35,34,safe
34,West Willow Woods,way,1441651767,1,Rhonda Road,35-36,35,36,safe
34,West Willow Woods,way,1441651768,1,Rhonda Road,35-37,35,37,safe
34,West Willow Woods,way,1441651769,1,Rhonda Road,35-38,35,38,safe
34,West Willow Woods,way,1441651770,1,Rhonda Road,35-40,35,40,safe
34,West Willow Woods,way,1441651771,1,Rhonda Road,35-39,35,39,safe
34,West Willow Woods,way,1441651772,1,Rhonda Road,35-33,35,33,safe
34,West Willow Woods,way,1441651773,1,Rhonda Road,35-32,35,32,safe
34,West Willow Woods,way,1441651774,1,Rhonda Road,35-31,35,31,safe
34,West Willow Woods,way,1441651775,1,Rhonda Road,35-30,35,30,safe
34,West Willow Woods,way,1441651776,1,Rhonda Road,35-47,35,47,safe
34,West Willow Woods,way,1441651777,1,Rhonda Road,35-46,35,46,safe
34,West Willow Woods,way,1441651778,1,Rhonda Road,35-45,35,45,safe
34,West Willow Woods,way,1441651779,1,Rhonda Road,35-44,35,44,safe
34,West Willow Woods,way,1441651780,1,Rhonda Road,41-5,41,5,safe
34,West Willow Woods,way,1441651781,1,Rhonda Road,41-4,41,4,safe
34,West Willow Woods,way,1441651782,1,Rhonda Road,41-3,41,3,safe
34,West Willow Woods,way,1441651783,1,Rhonda Road,41-2,41,2,safe
34,West Willow Woods,way,1441651784,1,Rhonda Road,41-1,41,1,safe
34,West Willow Woods,way,1441651785,1,Rhonda Road,41-26,41,26,safe
34,West Willow Woods,way,1441651786,1,Rhonda Road,41-27,41,27,safe
34,West Willow Woods,way,1441651787,1,Rhonda Road,41-28,41,28,safe
34,West Willow Woods,way,1441651788,1,Rhonda Road,41-29,41,29,safe
34,West Willow Woods,way,1441651789,1,Rhonda Road,41-22,41,22,safe
34,West Willow Woods,way,1441651790,1,Rhonda Road,41-23,41,23,safe
34,West Willow Woods,way,1441651791,1,Rhonda Road,41-24,41,24,safe
34,West Willow Woods,way,1441651792,1,Rhonda Road,41-25,41,25,safe
34,West Willow Woods,way,1441651793,1,Rhonda Road,41-12,41,12,safe
34,West Willow Woods,way,1441651794,1,Rhonda Road,41-21,41,21,safe
34,West Willow Woods,way,1441651795,1,Rhonda Road,41-17,41,17,safe
34,West Willow Woods,way,1441651796,1,Rhonda Road,41-18,41,18,safe
34,West Willow Woods,way,1441651797,1,Rhonda Road,41-14,41,14,safe
34,West Willow Woods,way,1441651798,1,Rhonda Road,41-15,41,15,safe
34,West Willow Woods,way,1441651799,1,Rhonda Road,41-19,41,19,safe
34,West Willow Woods,way,1441651800,1,Rhonda Road,41-16,41,16,safe
34,West Willow Woods,way,1441651801,1,Rhonda Road,41-20,41,20,safe
34,West Willow Woods,way,1441651802,1,Rhonda Road,41-13,41,13,safe
34,West Willow Woods,way,1441651803,1,Rhonda Road,41-10,41,10,safe
34,West Willow Woods,way,1441651804,1,Rhonda Road,41-6,41,6,safe
34,West Willow Woods,way,1441651805,1,Rhonda Road,41-7,41,7,safe
34,West Willow Woods,way,1441651806,1,Rhonda Road,41-11,41,11,safe
34,West Willow Woods,way,1441651807,1,Rhonda Road,41-9,41,9,safe
34,West Willow Woods,way,1441651808,1,Rhonda Road,41-8,41,8,safe
34,West Willow Woods,way,1441651809,1,Rhonda Road,49-48,49,48,safe
34,West Willow Woods,way,1441651811,1,Rhonda Road,49-53,49,53,safe
34,West Willow Woods,way,1441651812,1,Rhonda Road,49-52,49,52,safe
34,West Willow Woods,way,1441651813,1,Rhonda Road,49-51,49,51,safe
34,West Willow Woods,way,1441651814,1,Rhonda Road,49-50,49,50,safe
34,West Willow Woods,way,1441651815,1,Rhonda Road,49-54,49,54,safe
34,West Willow Woods,way,1441651816,1,Rhonda Road,49-55,49,55,safe
34,West Willow Woods,way,1441651817,1,Rhonda Road,49-56,49,56,safe
34,West Willow Woods,way,1441651818,1,Rhonda Road,49-57,49,57,safe
34,West Willow Woods,way,1441651819,1,Rhonda Road,49-58,49,58,safe
34,West Willow Woods,way,1441651820,1,Rhonda Road,49-59,49,59,safe
34,West Willow Woods,way,1441651821,1,Rhonda Road,49-60,49,60,safe
34,West Willow Woods,way,1441651822,1,Rhonda Road,49-68,49,68,safe
34,West Willow Woods,way,1441651823,1,Rhonda Road,49-61,49,61,safe
34,West Willow Woods,way,1441651824,1,Rhonda Road,49-62,49,62,safe
34,West Willow Woods,way,1441651825,1,Rhonda Road,49-63,49,63,safe
34,West Willow Woods,way,1441651826,1,Rhonda Road,49-64,49,64,safe
34,West Willow Woods,way,1441651827,1,Rhonda Road,49-65,49,65,safe
34,West Willow Woods,way,1441651828,1,Rhonda Road,49-66,49,66,safe
34,West Willow Woods,way,1441651829,1,Rhonda Road,49-67,49,67,safe
34,West Willow Woods,way,1441651830,1,Rhonda Road,49-69,49,69,safe
34,West Willow Woods,way,1441651831,1,Rhonda Road,49-70,49,70,safe
34,West Willow Woods,way,1441651832,1,Rhonda Road,49-71,49,71,safe
34,West Willow Woods,way,1441651833,1,Rhonda Road,49-76,49,76,safe
34,West Willow Woods,way,1441651834,1,Rhonda Road,49-75,49,75,safe
34,West Willow Woods,way,1441651835,1,Rhonda Road,49-72,49,72,safe
34,West Willow Woods,way,1441651836,1,Rhonda Road,49-73,49,73,safe
34,West Willow Woods,way,1441651837,1,Rhonda Road,49-74,49,74,safe
34,West Willow Woods,way,1441651838,1,Rhonda Road,49-77,49,77,safe
34,West Willow Woods,way,1441651839,1,Rhonda Road,49-78,49,78,safe
34,West Willow Woods,way,1441651840,1,Rhonda Road,49-79,49,79,safe
34,West Willow Woods,way,1441651841,1,Rhonda Road,49-80,49,80,safe
34,West Willow Woods,way,1441651842,1,Rhonda Road,49-81,49,81,safe
34,West Willow Woods,way,1441651843,1,Rhonda Road,49-82,49,82,safe
34,West Willow Woods,way,1441651918,1,Rhonda Road,49-143,49,143,safe
34,West Willow Woods,way,1441651919,1,Rhonda Road,49-142,49,142,safe
34,West Willow Woods,way,1441651920,1,Rhonda Road,49-141,49,141,safe
34,West Willow Woods,way,1441651921,1,Rhonda Road,49-140,49,140,safe
34,West Willow Woods,way,1441651922,1,Rhonda Road,49-139,49,139,safe
34,West Willow Woods,way,1441651923,1,Rhonda Road,49-138,49,138,safe
34,West Willow Woods,way,1441651924,1,Rhonda Road,49-137,49,137,safe
34,West Willow Woods,way,1441651925,1,Rhonda Road,49-136,49,136,safe
34,West Willow Woods,way,1441651926,1,Rhonda Road,49-132,49,132,safe
34,West Willow Woods,way,1441651927,1,Rhonda Road,49-133,49,133,safe
34,West Willow Woods,way,1441651928,1,Rhonda Road,49-134,49,134,safe
34,West Willow Woods,way,1441651929,1,Rhonda Road,49-135,49,135,safe
34,West Willow Woods,way,803276518,2,Rhonda Road,49-83,49,83,safe
34,West Willow Woods,way,1437044082,1,Westra Drive,107-35,107,35,safe
34,West Willow Woods,way,1437044089,1,Westra Drive,107-38,107,38,safe
34,West Willow Woods,way,1437044090,1,Westra Drive,107-39,107,39,safe
34,West Willow Woods,way,911689715,2,Westra Drive,107-36,107,36,safe
34,West Willow Woods,way,911689717,3,Westra Drive,107-37,107,37,safe
34,West Willow Woods,way,1441651930,1,Westwood Road,199-11,199,11,safe
34,West Willow Woods,way,1441651931,1,Westwood Road,199-13,199,13,safe
34,West Willow Woods,way,1441651932,1,Westwood Road,199-9,199,9,safe
34,West Willow Woods,way,1441651933,1,Westwood Road,199-7,199,7,safe
34,West Willow Woods,way,1441651934,1,Westwood Road,199-10,199,10,safe
34,West Willow Woods,way,1441651935,1,Westwood Road,199-12,199,12,safe
34,West Willow Woods,way,1441651936,1,Westwood Road,199-36,199,36,safe
34,West Willow Woods,way,1441651937,1,Westwood Road,199-38,199,38,safe
34,West Willow Woods,way,1441651938,1,Westwood Road,199-40,199,40,safe
34,West Willow Woods,way,1441651939,1,Westwood Road,199-42,199,42,safe
34,West Willow Woods,way,1441651940,1,Westwood Road,199-46,199,46,safe
34,West Willow Woods,way,1441651941,1,Westwood Road,199-44,199,44,safe
34,West Willow Woods,way,1441651942,1,Westwood Road,199-48,199,48,safe
34,West Willow Woods,way,1441651943,1,Westwood Road,199-50,199,50,safe
34,West Willow Woods,way,1441651944,1,Westwood Road,199-60,199,60,safe
34,West Willow Woods,way,1441651945,1,Westwood Road,199-58,199,58,safe
34,West Willow Woods,way,1441651946,1,Westwood Road,199-88,199,88,safe
34,West Willow Woods,way,1441651947,1,Westwood Road,199-86,199,86,safe
34,West Willow Woods,way,1441651948,1,Westwood Road,199-82,199,82,safe
34,West Willow Woods,way,1441651949,1,Westwood Road,199-84,199,84,safe
34,West Willow Woods,way,1441651950,1,Westwood Road,199-70,199,70,safe
34,West Willow Woods,way,1441651951,1,Westwood Road,199-72,199,72,safe
34,West Willow Woods,way,1441651952,1,Westwood Road,199-66,199,66,safe
34,West Willow Woods,way,1441651953,1,Westwood Road,199-68,199,68,safe
34,West Willow Woods,way,1441651954,1,Westwood Road,199-62,199,62,safe
34,West Willow Woods,way,1441651955,1,Westwood Road,199-64,199,64,safe
34,West Willow Woods,way,1441651956,1,Westwood Road,199-90,199,90,safe
34,West Willow Woods,way,1441651957,1,Westwood Road,199-92,199,92,safe
34,West Willow Woods,way,1441651958,1,Westwood Road,199-37,199,37,safe
34,West Willow Woods,way,1441651959,1,Westwood Road,199-41,199,41,safe
34,West Willow Woods,way,1441651960,1,Westwood Road,199-45,199,45,safe
34,West Willow Woods,way,1441651961,1,Westwood Road,199-49,199,49,safe
34,West Willow Woods,way,1441651962,1,Westwood Road,199-59,199,59,safe
34,West Willow Woods,way,1441651963,1,Westwood Road,199-63,199,63,safe
34,West Willow Woods,way,1441651964,1,Westwood Road,199-67,199,67,safe
34,West Willow Woods,way,1441651965,1,Westwood Road,199-69,199,69,safe
34,West Willow Woods,way,1441651966,1,Westwood Road,199-81,199,81,safe
34,West Willow Woods,way,1441651967,1,Westwood Road,199-85,199,85,safe
34,West Willow Woods,way,1441651968,1,Westwood Road,199-89,199,89,safe
34,West Willow Woods,way,1441651969,1,Westwood Road,199-34,199,34,safe
34,West Willow Woods,way,1441651970,1,Westwood Road,199-33,199,33,safe
34,West Willow Woods,way,1441651971,1,Westwood Road,199-32,199,32,safe
34,West Willow Woods,way,1441651972,1,Westwood Road,199-31,199,31,safe
34,West Willow Woods,way,1441651973,1,Westwood Road,199-30,199,30,safe
34,West Willow Woods,way,1441651974,1,Westwood Road,199-28,199,28,safe
34,West Willow Woods,way,1441651975,1,Westwood Road,199-27,199,27,safe
34,West Willow Woods,way,1441651976,1,Westwood Road,199-26,199,26,safe
34,West Willow Woods,way,1441651977,1,Westwood Road,199-25,199,25,safe
34,West Willow Woods,way,1441651978,1,Westwood Road,199-24,199,24,safe
34,West Willow Woods,way,1441651979,1,Westwood Road,199-15,199,15,safe
34,West Willow Woods,way,1441651980,1,Westwood Road,199-16,199,16,safe
34,West Willow Woods,way,1441651981,1,Westwood Road,199-17,199,17,safe
34,West Willow Woods,way,1441651982,1,Westwood Road,199-18,199,18,safe
34,West Willow Woods,way,1441651983,1,Westwood Road,199-19,199,19,safe
34,West Willow Woods,way,1441651984,1,Westwood Road,199-20,199,20,safe
34,West Willow Woods,way,1441651985,1,Westwood Road,199-21,199,21,safe
34,West Willow Woods,way,1441651986,1,Westwood Road,199-6,199,6,safe
34,West Willow Woods,way,1441651987,1,Westwood Road,199-5,199,5,safe
34,West Willow Woods,way,1441651988,1,Westwood Road,199-4,199,4,safe
34,West Willow Woods,way,1441651989,1,Westwood Road,199-3,199,3,safe
34,West Willow Woods,way,1441651990,1,Westwood Road,199-2,199,2,safe
34,West Willow Woods,way,1441651991,1,Westwood Road,199-51,199,51,safe
34,West Willow Woods,way,1441651992,1,Westwood Road,199-52,199,52,safe
34,West Willow Woods,way,1441651993,1,Westwood Road,199-53,199,53,safe
34,West Willow Woods,way,1441651994,1,Westwood Road,199-54,199,54,safe
34,West Willow Woods,way,1441651995,1,Westwood Road,199-55,199,55,safe
34,West Willow Woods,way,1441651996,1,Westwood Road,199-79,199,79,safe
34,West Willow Woods,way,1441651997,1,Westwood Road,199-77,199,77,safe
34,West Willow Woods,way,1441651998,1,Westwood Road,199-75,199,75,safe
34,West Willow Woods,way,1441651999,1,Westwood Road,199-73,199,73,safe
34,West Willow Woods,way,1441652000,1,Westwood Road,199-76,199,76,safe
34,West Willow Woods,way,1441652001,1,Westwood Road,199-78,199,78,safe
34,West Willow Woods,way,1441652002,1,Westwood Road,199-80,199,80,safe
34,West Willow Woods,way,1441652003,1,Westwood Road,199-104,199,104,safe
34,West Willow Woods,way,1441652004,1,Westwood Road,199-103,199,103,safe
34,West Willow Woods,way,1441652005,1,Westwood Road,199-102,199,102,safe
34,West Willow Woods,way,1441652006,1,Westwood Road,199-101,199,101,safe
34,West Willow Woods,way,1441652007,1,Westwood Road,199-100,199,100,safe
34,West Willow Woods,way,1441652008,1,Westwood Road,199-99,199,99,safe
34,West Willow Woods,way,1441652009,1,Westwood Road,199-98,199,98,safe
34,West Willow Woods,way,1441652010,1,Westwood Road,199-95,199,95,safe
34,West Willow Woods,way,1441652011,1,Westwood Road,199-93,199,93,safe
35,West Willow Woods,way,1441652012,1,Westwood Road,199-96,199,96,safe
35,West Willow Woods,way,803274590,2,Westwood Road,199-97,199,97,safe
35,West Willow Woods,way,803274591,2,Westwood Road,199-1,199,1,safe
35,West Willow Woods,way,803274592,2,Westwood Road,199-74,199,74,safe
35,West Willow Woods,way,803274593,2,Westwood Road,199-56,199,56,safe
35,West Willow Woods,way,803274594,2,Westwood Road,199-22,199,22,safe
35,West Willow Woods,way,803274595,2,Westwood Road,199-8,199,8,safe
35,West Willow Woods,way,803274596,2,Westwood Road,199-14,199,14,safe
35,West Willow Woods,way,803274597,2,Westwood Road,199-23,199,23,safe
35,West Willow Woods,way,803274598,2,Westwood Road,199-29,199,29,safe
35,West Willow Woods,way,803274599,2,Westwood Road,199-35,199,35,safe
35,West Willow Woods,way,803274600,2,Westwood Road,199-39,199,39,safe
35,West Willow Woods,way,803274601,2,Westwood Road,199-43,199,43,safe
35,West Willow Woods,way,803274602,2,Westwood Road,199-47,199,47,safe
35,West Willow Woods,way,803274603,2,Westwood Road,199-57,199,57,safe
35,West Willow Woods,way,803274604,2,Westwood Road,199-61,199,61,safe
35,West Willow Woods,way,803274605,2,Westwood Road,199-65,199,65,safe
35,West Willow Woods,way,803274606,2,Westwood Road,199-71,199,71,safe
35,West Willow Woods,way,803274607,2,Westwood Road,199-83,199,83,safe
35,West Willow Woods,way,803274608,2,Westwood Road,199-87,199,87,safe
35,West Willow Woods,way,803274609,2,Westwood Road,199-91,199,91,safe
35,West Willow Woods,way,803274610,2,Westwood Road,199-94,199,94,safe
35,West Willow Woods,node,13227901414,1,Willow Road,500-30,500,30,safe
35,West Willow Woods,node,13227901415,1,Willow Road,500-6,500,6,safe
35,West Willow Woods,node,13227901416,1,Willow Road,500-2,500,2,safe
35,West Willow Woods,node,13227901417,1,Willow Road,500-10,500,10,safe
35,West Willow Woods,node,13227901418,1,Willow Road,500-12,500,12,safe
35,West Willow Woods,node,13227901419,1,Willow Road,500-18,500,18,safe
35,West Willow Woods,node,13227901420,1,Willow Road,500-20,500,20,safe
35,West Willow Woods,node,13227901421,1,Willow Road,500-22,500,22,safe
35,West Willow Woods,node,13227901422,1,Willow Road,500-24,500,24,safe
35,West Willow Woods,node,13227901423,1,Willow Road,500-26,500,26,safe
35,West Willow Woods,node,13227901424,1,Willow Road,500-28,500,28,safe
35,West Willow Woods,node,13227901425,1,Willow Road,530-8,530,8,safe
35,West Willow Woods,node,13227901426,1,Willow Road,530-2,530,2,safe
35,West Willow Woods,way,1437044268,1,Willow Road,539-20,539,20,safe
35,West Willow Woods,way,1437044269,1,Willow Road,539-18,539,18,safe
35,West Willow Woods,way,1437044270,1,Willow Road,539-15,539,15,safe
35,West Willow Woods,way,1437044271,1,Willow Road,539-19,539,19,safe
35,West Willow Woods,way,1437044272,1,Willow Road,539-16,539,16,safe
35,West Willow Woods,way,1437044273,1,Willow Road,539-14,539,14,safe
35,West Willow Woods,way,1437044274,1,Willow Road,539-12,539,12,safe
35,West Willow Woods,way,1437044275,1,Willow Road,539-11,539,11,safe
35,West Willow Woods,way,1437044276,1,Willow Road,539-8,539,8,safe
35,West Willow Woods,way,1437044277,1,Willow Road,539-10,539,10,safe
35,West Willow Woods,way,1437044278,1,Willow Road,539-7,539,7,safe
35,West Willow Woods,way,1437044279,1,Willow Road,539-3,539,3,safe
35,West Willow Woods,way,1437044280,1,Willow Road,539-2,539,2,safe
35,West Willow Woods,way,1437044281,1,Willow Road,539-1,539,1,safe
35,West Willow Woods,way,1437044282,1,Willow Road,539-4,539,4,safe
35,West Willow Woods,way,1437044283,1,Willow Road,539-6,539,6,safe
35,West Willow Woods,way,1437044284,1,Willow Road,539-56,539,56,safe
35,West Willow Woods,way,1437044285,1,Willow Road,539-60,539,60,safe
35,West Willow Woods,way,1437044286,1,Willow Road,539-61,539,61,safe
35,West Willow Woods,way,1437044287,1,Willow Road,539-62,539,62,safe
35,West Willow Woods,way,1437044288,1,Willow Road,539-63,539,63,safe
35,West Willow Woods,way,1437044289,1,Willow Road,539-69,539,69,safe
35,West Willow Woods,way,1437044290,1,Willow Road,539-67,539,67,safe
35,West Willow Woods,way,1437044291,1,Willow Road,539-66,539,66,safe
35,West Willow Woods,way,1437044292,1,Willow Road,539-68,539,68,safe
35,West Willow Woods,way,1437044293,1,Willow Road,539-64,539,64,safe
35,West Willow Woods,way,1437044294,1,Willow Road,539-58,539,58,safe
35,West Willow Woods,way,1437044295,1,Willow Road,539-59,539,59,safe
35,West Willow Woods,way,1437044296,1,Willow Road,539-23,539,23,safe
35,West Willow Woods,way,1437044297,1,Willow Road,539-22,539,22,safe
35,West Willow Woods,way,1437044298,1,Willow Road,539-21,539,21,safe
35,West Willow Woods,way,1437044299,1,Willow Road,539-27,539,27,safe
35,West Willow Woods,way,1437044300,1,Willow Road,539-26,539,26,safe
35,West Willow Woods,way,1437044301,1,Willow Road,539-24,539,24,safe
35,West Willow Woods,way,1437044302,1,Willow Road,539-28,539,28,safe
35,West Willow Woods,way,1437044303,1,Willow Road,539-34,539,34,safe
35,West Willow Woods,way,1437044304,1,Willow Road,539-32,539,32,safe
35,West Willow Woods,way,1437044305,1,Willow Road,539-31,539,31,safe
35,West Willow Woods,way,1437044306,1,Willow Road,539-33,539,33,safe
35,West Willow Woods,way,1437044307,1,Willow Road,539-29,539,29,safe
35,West Willow Woods,way,1437044308,1,Willow Road,539-55,539,55,safe
35,West Willow Woods,way,1437044309,1,Willow Road,539-49,539,49,safe
35,West Willow Woods,way,1437044310,1,Willow Road,539-51,539,51,safe
35,West Willow Woods,way,1437044311,1,Willow Road,539-52,539,52,safe
35,West Willow Woods,way,1437044312,1,Willow Road,539-53,539,53,safe
35,West Willow Woods,way,1437044313,1,Willow Road,539-50,539,50,safe
35,West Willow Woods,way,1437044314,1,Willow Road,539-48,539,48,safe
35,West Willow Woods,way,1437044315,1,Willow Road,539-47,539,47,safe
35,West Willow Woods,way,1437044316,1,Willow Road,539-46,539,46,safe
35,West Willow Woods,way,1437044317,1,Willow Road,539-42,539,42,safe
35,West Willow Woods,way,1437044318,1,Willow Road,539-43,539,43,safe
35,West Willow Woods,way,1437044319,1,Willow Road,539-45,539,45,safe
35,West Willow Woods,way,1437044320,1,Willow Road,539-36,539,36,safe
35,West Willow Woods,way,1437044321,1,Willow Road,539-40,539,40,safe
35,West Willow Woods,way,1437044322,1,Willow Road,539-41,539,41,safe
35,West Willow Woods,way,1437044323,1,Willow Road,539-35,539,35,safe
35,West Willow Woods,way,1437044324,1,Willow Road,539-37,539,37,safe
35,West Willow Woods,way,1437044325,1,Willow Road,539-39,539,39,safe
35,West Willow Woods,way,803279320,2,Willow Road,539-65,539,65,safe
35,West Willow Woods,way,803279321,2,Willow Road,539-57,539,57,safe
35,West Willow Woods,way,803279322,2,Willow Road,539-54,539,54,safe
35,West Willow Woods,way,803279323,2,Willow Road,539-44,539,44,safe
35,West Willow Woods,way,803279324,2,Willow Road,539-25,539,25,safe
35,West Willow Woods,way,803279325,2,Willow Road,539-13,539,13,safe
35,West Willow Woods,way,803279326,2,Willow Road,539-9,539,9,safe
35,West Willow Woods,way,803279327,2,Willow Road,539-5,539,5,safe
35,West Willow Woods,way,803279328,2,Willow Road,539-17,539,17,safe
35,West Willow Woods,way,803279329,2,Willow Road,539-30,539,30,safe
35,West Willow Woods,way,803279330,2,Willow Road,539-38,539,38,safe
35,West Willow Woods,node,13207984500,1,Willow Road,714-35,714,35,safe
35,West Willow Woods,way,1437043945,1,Willow Road,714-2,714,2,safe
35,West Willow Woods,way,1437043946,1,Willow Road,714-3,714,3,safe
35,West Willow Woods,way,1437043947,1,Willow Road,714-4,714,4,safe
35,West Willow Woods,way,1437043948,1,Willow Road,714-14,714,14,safe
35,West Willow Woods,way,1437043949,1,Willow Road,714-15,714,15,safe
35,West Willow Woods,way,1437043950,1,Willow Road,714-16,714,16,safe
35,West Willow Woods,way,1437043951,1,Willow Road,714-17,714,17,safe
35,West Willow Woods,way,1437043952,1,Willow Road,714-18,714,18,safe
35,West Willow Woods,way,1437043953,1,Willow Road,714-8,714,8,safe
35,West Willow Woods,way,1437043954,1,Willow Road,714-9,714,9,safe
35,West Willow Woods,way,1437043955,1,Willow Road,714-10,714,10,safe
35,West Willow Woods,way,1437043956,1,Willow Road,714-11,714,11,safe
35,West Willow Woods,way,1437043957,1,Willow Road,714-12,714,12,safe
35,West Willow Woods,way,1437043958,1,Willow Road,714-5,714,5,safe
35,West Willow Woods,way,1437043959,1,Willow Road,714-6,714,6,safe
35,West Willow Woods,way,1437043960,1,Willow Road,714-22,714,22,safe
35,West Willow Woods,way,1437043961,1,Willow Road,714-21,714,21,safe
35,West Willow Woods,way,1437043962,1,Willow Road,714-26,714,26,safe
35,West Willow Woods,way,1437043963,1,Willow Road,714-25,714,25,safe
35,West Willow Woods,way,1437043964,1,Willow Road,714-24,714,24,safe
35,West Willow Woods,node,5379815950,4,Willow Road,714-30,714,30,safe
35,West Willow Woods,way,557851020,6,Willow Road,714-1,714,1,safe
35,West Willow Woods,way,557851288,2,Willow Road,714-7,714,7,safe
35,West Willow Woods,way,557851290,2,Willow Road,714-23,714,23,safe
35,West Willow Woods,way,557851291,2,Willow Road,714-20,714,20,safe
35,West Willow Woods,way,557851296,2,Willow Road,714-13,714,13,safe
35,West Willow Woods,way,557851298,2,Willow Road,714-19,714,19,safe
35,West Willow Woods,node,9109716379,2,Willow Road,714-29,714,29,safe
35,West Willow Woods,node,9109716380,2,Willow Road,714-28,714,28,safe
35,West Willow Woods,node,9109729456,3,Willow Road,714-27,714,27,safe
35,West Willow Woods,node,9128285847,3,Willow Road,714-31,714,31,safe
35,West Willow Woods,node,9128285848,3,Willow Road,714-32,714,32,safe
35,West Willow Woods,node,9128285849,3,Willow Road,714-33,714,33,safe
35,West Willow Woods,node,9128285850,3,Willow Road,714-34,714,34,safe
35,West Willow Woods,way,1437043965,1,Willow Road,755-9,755,9,safe
35,West Willow Woods,way,1437043966,1,Willow Road,755-10,755,10,safe
35,West Willow Woods,way,1437043967,1,Willow Road,755-11,755,11,safe
35,West Willow Woods,way,1437043968,1,Willow Road,755-13,755,13,safe
35,West Willow Woods,way,1437043969,1,Willow Road,755-14,755,14,safe
35,West Willow Woods,way,1437043970,1,Willow Road,755-15,755,15,safe
35,West Willow Woods,way,1437043971,1,Willow Road,755-30,755,30,safe
35,West Willow Woods,way,1437043972,1,Willow Road,755-31,755,31,safe
35,West Willow Woods,way,1437043973,1,Willow Road,755-33,755,33,safe
35,West Willow Woods,way,1437043974,1,Willow Road,755-34,755,34,safe
35,West Willow Woods,way,1437043975,1,Willow Road,755-35,755,35,safe
35,West Willow Woods,way,1437043976,1,Willow Road,755-37,755,37,safe
35,West Willow Woods,way,1437043977,1,Willow Road,755-40,755,40,safe
35,West Willow Woods,way,1437043978,1,Willow Road,755-41,755,41,safe
35,West Willow Woods,way,1437043979,1,Willow Road,755-42,755,42,safe
35,West Willow Woods,way,1437043980,1,Willow Road,755-38,755,38,safe
35,West Willow Woods,way,1437043981,1,Willow Road,755-6,755,6,safe
35,West Willow Woods,way,1437043982,1,Willow Road,755-5,755,5,safe
35,West Willow Woods,way,1437043983,1,Willow Road,755-4,755,4,safe
35,West Willow Woods,way,1437043984,1,Willow Road,755-2,755,2,safe
35,West Willow Woods,way,1437043985,1,Willow Road,755-1,755,1,safe
35,West Willow Woods,way,1437043986,1,Willow Road,755-21,755,21,safe
35,West Willow Woods,way,1437043987,1,Willow Road,755-20,755,20,safe
35,West Willow Woods,way,1437043988,1,Willow Road,755-18,755,18,safe
35,West Willow Woods,way,1437043989,1,Willow Road,755-17,755,17,safe
35,West Willow Woods,way,1437043990,1,Willow Road,755-16,755,16,safe
35,West Willow Woods,way,1437043991,1,Willow Road,755-24,755,24,safe
35,West Willow Woods,way,1437043992,1,Willow Road,755-25,755,25,safe
35,West Willow Woods,way,1437043993,1,Willow Road,755-27,755,27,safe
35,West Willow Woods,way,1437043994,1,Willow Road,755-28,755,28,safe
35,West Willow Woods,way,909880373,3,Willow Road,755-32,755,32,safe
35,West Willow Woods,way,909880374,3,Willow Road,755-29,755,29,safe
35,West Willow Woods,way,909880375,3,Willow Road,755-12,755,12,safe
35,West Willow Woods,way,909880376,3,Willow Road,755-8,755,8,safe
35,West Willow Woods,way,909880377,3,Willow Road,755-7,755,7,safe
35,West Willow Woods,way,909880378,3,Willow Road,755-3,755,3,safe
35,West Willow Woods,way,909880379,4,Willow Road,755-22,755,22,safe
35,West Willow Woods,way,909880380,3,Willow Road,755-23,755,23,safe
35,West Willow Woods,way,909880381,3,Willow Road,755-26,755,26,safe
35,West Willow Woods,way,909880382,3,Willow Road,755-19,755,19,safe
35,West Willow Woods,way,909880383,3,Willow Road,755-36,755,36,safe
35,West Willow Woods,way,909880384,3,Willow Road,755-39,755,39,safe
36,Prefix and suffix identical (10-10),way,1443819752,2,Amos Drive,14-14,14,14,identical
36,Prefix and suffix identical (10-10),way,1443819770,2,Amos Drive,9-9,9,9,identical
36,Prefix and suffix identical (10-10),node,13248883970,1,Decorso Drive,88-88,88,88,identical
36,Prefix and suffix identical (10-10),way,1330614492,2,Glasgow Street South,12-12,12,12,identical
36,Prefix and suffix identical (10-10),way,1435231739,1,Hadati Road,16-16,16,16,identical
36,Prefix and suffix identical (10-10),way,1441652340,1,Imperial Road North,40-40,40,40,identical
36,Prefix and suffix identical (10-10),way,1441652190,1,Imperial Road South,30-30,30,30,identical
36,Prefix and suffix identical (10-10),way,1349249169,2,Janefield Avenue,74-74,74,74,identical
36,Prefix and suffix identical (10-10),way,1441651870,1,Marksam Road,45-45,45,45,identical
36,Prefix and suffix identical (10-10),node,13191857046,1,Mountford Drive,35-35,35,35,identical
36,Prefix and suffix identical (10-10),node,13148757306,1,Paisley Street,10-10,10,10,identical
36,Prefix and suffix identical (10-10),way,1441651766,1,Rhonda Road,35-35,35,35,identical
36,Prefix and suffix identical (10-10),way,1441651810,1,Rhonda Road,49-49,49,49,identical
36,Prefix and suffix identical (10-10),way,801619965,2,Schroder Crescent,31-31,31,31,identical
36,Prefix and suffix identical (10-10),way,1435232049,1,Shackleton Drive,20-20,20,20,identical
36,Prefix and suffix identical (10-10),way,1442367344,1,Silvercreek Parkway North,40-40,40,40,identical
36,Prefix and suffix identical (10-10),way,1436028307,1,Simmonds Drive,19-19,19,19,identical
36,Prefix and suffix identical (10-10),way,801641115,2,Valley Road,15-15,15,15,identical
36,Prefix and suffix identical (10-10),way,1444323903,1,Vaughan Street,10-10,10,10,identical
36,Prefix and suffix identical (10-10),way,1442367100,1,Willow Road,15-15,15,15,identical
36,Prefix and suffix identical (10-10),way,1441651710,1,Worton Avenue,2-2,2,2,identical
