<?xml version="1.0" encoding="UTF-8"?>
<osm version="0.6" generator="Overpass API 0.7.62.11 87bfad18">
<note>The data included in this document is from www.openstreetmap.org. The data is made available under ODbL.</note>
<meta osm_base="2026-10-03T02:27:30Z" areas="2026-10-02T05:18:35Z"/>

  <node id="3944996090" lat="43.5477502" lon="-80.2526316" version="5" timestamp="2026-09-30T04:06:54Z" changeset="189754807" uid="24088502" user="skfd imports">
    <tag k="addr:city" v="Guelph"/>
    <tag k="addr:flats" v="A;B;C;D"/>
    <tag k="addr:housenumber" v="77"/>
    <tag k="addr:postcode" v="N1H 4G2"/>
    <tag k="addr:street" v="Yarmouth Street"/>
  </node>
  <node id="12314152369" lat="43.5466553" lon="-80.2523249" version="5" timestamp="2026-09-30T04:06:54Z" changeset="189754807" uid="24088502" user="skfd imports">
    <tag k="addr:city" v="Guelph"/>
    <tag k="addr:flats" v="101;106-107;201-207;301-307"/>
    <tag k="addr:housenumber" v="31"/>
    <tag k="addr:postcode" v="N1H 4G2"/>
    <tag k="addr:street" v="Yarmouth Street"/>
    <tag k="entrance" v="yes"/>
  </node>
  <node id="12314155787" lat="43.5472905" lon="-80.2524735" version="5" timestamp="2026-09-30T04:06:54Z" changeset="189754807" uid="24088502" user="skfd imports">
    <tag k="addr:city" v="Guelph"/>
    <tag k="addr:flats" v="201-209;301-309;401-409;501-509;601-609;701-709;801-809;901-909"/>
    <tag k="addr:housenumber" v="55"/>
    <tag k="addr:postcode" v="N1H 7R4"/>
    <tag k="addr:street" v="Yarmouth Street"/>
    <tag k="entrance" v="yes"/>
  </node>
  <node id="13148757305" lat="43.5412837" lon="-80.2605791" version="3" timestamp="2026-09-30T04:06:54Z" changeset="189754807" uid="24088502" user="skfd imports">
    <tag k="addr:city" v="Guelph"/>
    <tag k="addr:flats" v="A;B;C"/>
    <tag k="addr:housenumber" v="210"/>
    <tag k="addr:postcode" v="N1H 2P6"/>
    <tag k="addr:street" v="Paisley Street"/>
  </node>
  <node id="13150618368" lat="43.5417953" lon="-80.2485522" version="3" timestamp="2026-09-30T04:05:47Z" changeset="189754783" uid="24088502" user="skfd imports">
    <tag k="addr:city" v="Guelph"/>
    <tag k="addr:flats" v="208;308;408;507;607"/>
    <tag k="addr:housenumber" v="5"/>
    <tag k="addr:postcode" v="N1H 4G8"/>
    <tag k="addr:street" v="Gordon Street"/>
  </node>
  <node id="13150618369" lat="43.5416619" lon="-80.2486215" version="3" timestamp="2026-09-30T04:05:47Z" changeset="189754783" uid="24088502" user="skfd imports">
    <tag k="addr:city" v="Guelph"/>
    <tag k="addr:flats" v="206;306;406;506;606"/>
    <tag k="addr:housenumber" v="5"/>
    <tag k="addr:postcode" v="N1H 4G8"/>
    <tag k="addr:street" v="Gordon Street"/>
  </node>
  <node id="13150618370" lat="43.5416080" lon="-80.2486505" version="3" timestamp="2026-09-30T04:05:47Z" changeset="189754783" uid="24088502" user="skfd imports">
    <tag k="addr:city" v="Guelph"/>
    <tag k="addr:flats" v="205;305;405;505;605"/>
    <tag k="addr:housenumber" v="5"/>
    <tag k="addr:postcode" v="N1H 4G8"/>
    <tag k="addr:street" v="Gordon Street"/>
  </node>
  <node id="13150618371" lat="43.5416677" lon="-80.2488742" version="3" timestamp="2026-09-30T04:05:47Z" changeset="189754783" uid="24088502" user="skfd imports">
    <tag k="addr:city" v="Guelph"/>
    <tag k="addr:flats" v="204;304;404;504;604"/>
    <tag k="addr:housenumber" v="5"/>
    <tag k="addr:postcode" v="N1H 4G8"/>
    <tag k="addr:street" v="Gordon Street"/>
  </node>
  <node id="13150618372" lat="43.5417268" lon="-80.2488451" version="3" timestamp="2026-09-30T04:05:47Z" changeset="189754783" uid="24088502" user="skfd imports">
    <tag k="addr:city" v="Guelph"/>
    <tag k="addr:flats" v="203;303;403;503;603"/>
    <tag k="addr:housenumber" v="5"/>
    <tag k="addr:postcode" v="N1H 4G8"/>
    <tag k="addr:street" v="Gordon Street"/>
  </node>
  <node id="13150618373" lat="43.5417942" lon="-80.2488115" version="4" timestamp="2026-09-30T04:05:47Z" changeset="189754783" uid="24088502" user="skfd imports">
    <tag k="addr:city" v="Guelph"/>
    <tag k="addr:flats" v="102B;202;302;402;502;602"/>
    <tag k="addr:housenumber" v="5"/>
    <tag k="addr:postcode" v="N1H 4G8"/>
    <tag k="addr:street" v="Gordon Street"/>
  </node>
  <node id="13150618374" lat="43.5418585" lon="-80.2487792" version="4" timestamp="2026-09-30T04:05:47Z" changeset="189754783" uid="24088502" user="skfd imports">
    <tag k="addr:city" v="Guelph"/>
    <tag k="addr:flats" v="102A;201;301;401;501;601"/>
    <tag k="addr:housenumber" v="5"/>
    <tag k="addr:postcode" v="N1H 4G8"/>
    <tag k="addr:street" v="Gordon Street"/>
  </node>
  <node id="13150618375" lat="43.5419452" lon="-80.2487350" version="3" timestamp="2026-09-30T04:05:47Z" changeset="189754783" uid="24088502" user="skfd imports">
    <tag k="addr:city" v="Guelph"/>
    <tag k="addr:flats" v="100;200;300;400;500;600"/>
    <tag k="addr:housenumber" v="5"/>
    <tag k="addr:postcode" v="N1H 4G8"/>
    <tag k="addr:street" v="Gordon Street"/>
  </node>
  <node id="13150618376" lat="43.5418560" lon="-80.2483041" version="4" timestamp="2026-09-30T04:05:47Z" changeset="189754783" uid="24088502" user="skfd imports">
    <tag k="addr:city" v="Guelph"/>
    <tag k="addr:flats" v="107;212;312;412"/>
    <tag k="addr:housenumber" v="5"/>
    <tag k="addr:postcode" v="N1H 4G8"/>
    <tag k="addr:street" v="Gordon Street"/>
  </node>
  <node id="13150618377" lat="43.5418792" lon="-80.2483720" version="4" timestamp="2026-09-30T04:05:47Z" changeset="189754783" uid="24088502" user="skfd imports">
    <tag k="addr:city" v="Guelph"/>
    <tag k="addr:flats" v="106;211;311;411"/>
    <tag k="addr:housenumber" v="5"/>
    <tag k="addr:postcode" v="N1H 4G8"/>
    <tag k="addr:street" v="Gordon Street"/>
  </node>
  <node id="13150618378" lat="43.5419004" lon="-80.2484334" version="4" timestamp="2026-09-30T04:05:47Z" changeset="189754783" uid="24088502" user="skfd imports">
    <tag k="addr:city" v="Guelph"/>
    <tag k="addr:flats" v="105;210;310;410"/>
    <tag k="addr:housenumber" v="5"/>
    <tag k="addr:postcode" v="N1H 4G8"/>
    <tag k="addr:street" v="Gordon Street"/>
  </node>
  <node id="13150618379" lat="43.5418834" lon="-80.2485069" version="3" timestamp="2026-09-30T04:05:47Z" changeset="189754783" uid="24088502" user="skfd imports">
    <tag k="addr:city" v="Guelph"/>
    <tag k="addr:flats" v="209;309;409"/>
    <tag k="addr:housenumber" v="5"/>
    <tag k="addr:postcode" v="N1H 4G8"/>
    <tag k="addr:street" v="Gordon Street"/>
  </node>
  <node id="13150618380" lat="43.5417357" lon="-80.2485829" version="3" timestamp="2026-09-30T04:05:47Z" changeset="189754783" uid="24088502" user="skfd imports">
    <tag k="addr:city" v="Guelph"/>
    <tag k="addr:flats" v="207;307;407"/>
    <tag k="addr:housenumber" v="5"/>
    <tag k="addr:postcode" v="N1H 4G8"/>
    <tag k="addr:street" v="Gordon Street"/>
  </node>
  <node id="13159082353" lat="43.5466042" lon="-80.2500299" version="4" timestamp="2026-09-30T04:06:54Z" changeset="189754807" uid="24088502" user="skfd imports">
    <tag k="addr:city" v="Guelph"/>
    <tag k="addr:flats" v="1-4"/>
    <tag k="addr:housenumber" v="116"/>
    <tag k="addr:postcode" v="N1H 4E8"/>
    <tag k="addr:street" v="Wyndham Street North"/>
  </node>
  <node id="13159082377" lat="43.5454240" lon="-80.2511033" version="3" timestamp="2026-09-30T04:05:47Z" changeset="189754783" uid="24088502" user="skfd imports">
    <tag k="addr:city" v="Guelph"/>
    <tag k="addr:flats" v="201"/>
    <tag k="addr:housenumber" v="19"/>
    <tag k="addr:postcode" v="N1H 2T1"/>
    <tag k="addr:street" v="Quebec Street"/>
  </node>
  <node id="13159082381" lat="43.5453905" lon="-80.2510910" version="4" timestamp="2026-09-30T04:05:47Z" changeset="189754783" uid="24088502" user="skfd imports">
    <tag k="addr:city" v="Guelph"/>
    <tag k="addr:flats" v="202-204"/>
    <tag k="addr:housenumber" v="21"/>
    <tag k="addr:postcode" v="N1H 2T1"/>
    <tag k="addr:street" v="Quebec Street"/>
  </node>
  <node id="13164248912" lat="43.5493169" lon="-80.2425256" version="3" timestamp="2026-09-30T04:06:41Z" changeset="189754804" uid="24088502" user="skfd imports">
    <tag k="addr:city" v="Guelph"/>
    <tag k="addr:flats" v="A"/>
    <tag k="addr:housenumber" v="18"/>
    <tag k="addr:postcode" v="N1E 2W5"/>
    <tag k="addr:street" v="Grove Street"/>
  </node>
  <node id="13164248917" lat="43.5493621" lon="-80.2424685" version="3" timestamp="2026-09-30T04:06:41Z" changeset="189754804" uid="24088502" user="skfd imports">
    <tag k="addr:city" v="Guelph"/>
    <tag k="addr:flats" v="A;B;C;D"/>
    <tag k="addr:housenumber" v="20"/>
    <tag k="addr:postcode" v="N1E 2W5"/>
    <tag k="addr:street" v="Grove Street"/>
  </node>
  <node id="13164248921" lat="43.5482816" lon="-80.2438893" version="3" timestamp="2026-09-30T04:06:41Z" changeset="189754804" uid="24088502" user="skfd imports">
    <tag k="addr:city" v="Guelph"/>
    <tag k="addr:flats" v="A;B;C;D"/>
    <tag k="addr:housenumber" v="28"/>
    <tag k="addr:postcode" v="N1E 4T8"/>
    <tag k="addr:street" v="Arthur Street North"/>
  </node>
  <node id="13164248922" lat="43.5496515" lon="-80.2502973" version="3" timestamp="2026-09-30T04:06:41Z" changeset="189754804" uid="24088502" user="skfd imports">
    <tag k="addr:city" v="Guelph"/>
    <tag k="addr:flats" v="A;B"/>
    <tag k="addr:housenumber" v="151"/>
    <tag k="addr:postcode" v="N1E 4V4"/>
    <tag k="addr:street" v="Arthur Street North"/>
  </node>
  <node id="13164248923" lat="43.5495537" lon="-80.2501222" version="3" timestamp="2026-09-30T04:06:41Z" changeset="189754804" uid="24088502" user="skfd imports">
    <tag k="addr:city" v="Guelph"/>
    <tag k="addr:flats" v="A;B;C"/>
    <tag k="addr:housenumber" v="147"/>
    <tag k="addr:postcode" v="N1E 4V4"/>
    <tag k="addr:street" v="Arthur Street North"/>
  </node>
  <node id="13164297972" lat="43.5512333" lon="-80.2592047" version="4" timestamp="2026-09-30T04:06:54Z" changeset="189754807" uid="24088502" user="skfd imports">
    <tag k="addr:city" v="Guelph"/>
    <tag k="addr:flats" v="1-6"/>
    <tag k="addr:housenumber" v="1"/>
    <tag k="addr:postcode" v="N1H 2A5"/>
    <tag k="addr:street" v="Mont Street"/>
  </node>
  <node id="13165533695" lat="43.5508410" lon="-80.2520947" version="4" timestamp="2026-09-30T04:08:46Z" changeset="189754845" uid="24088502" user="skfd imports">
    <tag k="addr:city" v="Guelph"/>
    <tag k="addr:flats" v="1-2;4"/>
    <tag k="addr:housenumber" v="110"/>
    <tag k="addr:postcode" v="N1E 2G7"/>
    <tag k="addr:street" v="Norwich Street East"/>
  </node>
  <node id="13165539605" lat="43.5509237" lon="-80.2577542" version="3" timestamp="2026-09-30T04:06:54Z" changeset="189754807" uid="24088502" user="skfd imports">
    <tag k="addr:city" v="Guelph"/>
    <tag k="addr:flats" v="A;B"/>
    <tag k="addr:housenumber" v="325"/>
    <tag k="addr:postcode" v="N1H 3W4"/>
    <tag k="addr:street" v="Woolwich Street"/>
  </node>
  <node id="13165539606" lat="43.5508772" lon="-80.2576917" version="3" timestamp="2026-09-30T04:06:54Z" changeset="189754807" uid="24088502" user="skfd imports">
    <tag k="addr:city" v="Guelph"/>
    <tag k="addr:flats" v="A;B"/>
    <tag k="addr:housenumber" v="323"/>
    <tag k="addr:postcode" v="N1H 3W4"/>
    <tag k="addr:street" v="Woolwich Street"/>
  </node>
  <node id="13188159617" lat="43.5438102" lon="-80.2400810" version="3" timestamp="2026-09-30T04:04:45Z" changeset="189754754" uid="24088502" user="skfd imports">
    <tag k="addr:city" v="Guelph"/>
    <tag k="addr:flats" v="A;B"/>
    <tag k="addr:housenumber" v="115"/>
    <tag k="addr:postcode" v="N1E 5S2"/>
    <tag k="addr:street" v="Neeve Street"/>
  </node>
  <node id="13188159620" lat="43.5488959" lon="-80.2381616" version="3" timestamp="2026-09-30T04:04:45Z" changeset="189754754" uid="24088502" user="skfd imports">
    <tag k="addr:city" v="Guelph"/>
    <tag k="addr:flats" v="A;B;C;D;E"/>
    <tag k="addr:housenumber" v="51"/>
    <tag k="addr:postcode" v="N1E 5L3"/>
    <tag k="addr:street" v="Huron Street"/>
  </node>
  <node id="13188159621" lat="43.5489437" lon="-80.2381741" version="3" timestamp="2026-09-30T04:04:45Z" changeset="189754754" uid="24088502" user="skfd imports">
    <tag k="addr:city" v="Guelph"/>
    <tag k="addr:flats" v="A;B"/>
    <tag k="addr:housenumber" v="49"/>
    <tag k="addr:postcode" v="N1E 5L3"/>
    <tag k="addr:street" v="Huron Street"/>
  </node>
  <node id="13241233182" lat="43.4997082" lon="-80.1835647" version="4" timestamp="2026-09-30T04:03:47Z" changeset="189754738" uid="24088502" user="skfd imports">
    <tag k="addr:city" v="Guelph"/>
    <tag k="addr:flats" v="101-115;201-209;301-312;401-412;501-512;601-612;701-712;801-805"/>
    <tag k="addr:housenumber" v="1882"/>
    <tag k="addr:postcode" v="N1L 1L8"/>
    <tag k="addr:street" v="Gordon Street"/>
  </node>
  <node id="13241233183" lat="43.4985812" lon="-80.1844647" version="4" timestamp="2026-09-30T04:03:47Z" changeset="189754738" uid="24088502" user="skfd imports">
    <tag k="addr:city" v="Guelph"/>
    <tag k="addr:flats" v="101-114;201-214;301-312;401-412;501-512;601-612;701-712;801-805"/>
    <tag k="addr:housenumber" v="1884"/>
    <tag k="addr:postcode" v="N1L 1L8"/>
    <tag k="addr:street" v="Gordon Street"/>
  </node>
  <node id="13251106167" lat="43.5190577" lon="-80.2474899" version="3" timestamp="2026-09-30T04:07:09Z" changeset="189754813" uid="24088502" user="skfd imports">
    <tag k="addr:city" v="Guelph"/>
    <tag k="addr:flats" v="B"/>
    <tag k="addr:housenumber" v="43"/>
    <tag k="addr:postcode" v="N1G 2L4"/>
    <tag k="addr:street" v="Janefield Avenue"/>
  </node>
  <node id="13251106168" lat="43.5191539" lon="-80.2476377" version="3" timestamp="2026-09-30T04:07:09Z" changeset="189754813" uid="24088502" user="skfd imports">
    <tag k="addr:city" v="Guelph"/>
    <tag k="addr:flats" v="B"/>
    <tag k="addr:housenumber" v="39"/>
    <tag k="addr:postcode" v="N1G 2L4"/>
    <tag k="addr:street" v="Janefield Avenue"/>
  </node>
  <node id="13251106169" lat="43.5191667" lon="-80.2483743" version="3" timestamp="2026-09-30T04:07:09Z" changeset="189754813" uid="24088502" user="skfd imports">
    <tag k="addr:city" v="Guelph"/>
    <tag k="addr:flats" v="B;C"/>
    <tag k="addr:housenumber" v="12"/>
    <tag k="addr:postcode" v="N1G 3G9"/>
    <tag k="addr:street" v="Mason Court"/>
  </node>
  <node id="13251106170" lat="43.5192218" lon="-80.2483162" version="3" timestamp="2026-09-30T04:07:09Z" changeset="189754813" uid="24088502" user="skfd imports">
    <tag k="addr:city" v="Guelph"/>
    <tag k="addr:flats" v="B;C"/>
    <tag k="addr:housenumber" v="10"/>
    <tag k="addr:postcode" v="N1G 3G9"/>
    <tag k="addr:street" v="Mason Court"/>
  </node>
  <node id="13251106171" lat="43.5192072" lon="-80.2477107" version="3" timestamp="2026-09-30T04:07:09Z" changeset="189754813" uid="24088502" user="skfd imports">
    <tag k="addr:city" v="Guelph"/>
    <tag k="addr:flats" v="B"/>
    <tag k="addr:housenumber" v="37"/>
    <tag k="addr:postcode" v="N1G 2L4"/>
    <tag k="addr:street" v="Janefield Avenue"/>
  </node>
  <node id="13251106172" lat="43.5191653" lon="-80.2480447" version="3" timestamp="2026-09-30T04:07:09Z" changeset="189754813" uid="24088502" user="skfd imports">
    <tag k="addr:city" v="Guelph"/>
    <tag k="addr:flats" v="B;C"/>
    <tag k="addr:housenumber" v="33"/>
    <tag k="addr:postcode" v="N1G 2L4"/>
    <tag k="addr:street" v="Janefield Avenue"/>
  </node>
  <node id="13251106173" lat="43.5192707" lon="-80.2482533" version="3" timestamp="2026-09-30T04:07:09Z" changeset="189754813" uid="24088502" user="skfd imports">
    <tag k="addr:city" v="Guelph"/>
    <tag k="addr:flats" v="B"/>
    <tag k="addr:housenumber" v="8"/>
    <tag k="addr:postcode" v="N1G 3G9"/>
    <tag k="addr:street" v="Mason Court"/>
  </node>
  <node id="13251106174" lat="43.5193178" lon="-80.2481820" version="3" timestamp="2026-09-30T04:07:09Z" changeset="189754813" uid="24088502" user="skfd imports">
    <tag k="addr:city" v="Guelph"/>
    <tag k="addr:flats" v="B"/>
    <tag k="addr:housenumber" v="6"/>
    <tag k="addr:postcode" v="N1G 3G9"/>
    <tag k="addr:street" v="Mason Court"/>
  </node>
  <node id="13251106187" lat="43.5191035" lon="-80.2475636" version="3" timestamp="2026-09-30T04:07:09Z" changeset="189754813" uid="24088502" user="skfd imports">
    <tag k="addr:city" v="Guelph"/>
    <tag k="addr:flats" v="B"/>
    <tag k="addr:housenumber" v="41"/>
    <tag k="addr:postcode" v="N1G 2L4"/>
    <tag k="addr:street" v="Janefield Avenue"/>
  </node>
  <node id="13251106188" lat="43.5192553" lon="-80.2477821" version="3" timestamp="2026-09-30T04:07:09Z" changeset="189754813" uid="24088502" user="skfd imports">
    <tag k="addr:city" v="Guelph"/>
    <tag k="addr:flats" v="B;C"/>
    <tag k="addr:housenumber" v="35"/>
    <tag k="addr:postcode" v="N1G 2L4"/>
    <tag k="addr:street" v="Janefield Avenue"/>
  </node>
  <node id="13251106189" lat="43.5194039" lon="-80.2480189" version="3" timestamp="2026-09-30T04:07:09Z" changeset="189754813" uid="24088502" user="skfd imports">
    <tag k="addr:city" v="Guelph"/>
    <tag k="addr:flats" v="B"/>
    <tag k="addr:housenumber" v="27"/>
    <tag k="addr:postcode" v="N1G 2L4"/>
    <tag k="addr:street" v="Janefield Avenue"/>
  </node>
  <way id="123242060" version="8" timestamp="2026-09-30T04:06:54Z" changeset="189754807" uid="24088502" user="skfd imports">
    <center lat="43.5482344" lon="-80.2537642"/>
    <nd ref="1374999250"/>
    <nd ref="1374999247"/>
    <nd ref="12312431205"/>
    <nd ref="12312431204"/>
    <nd ref="12312431203"/>
    <nd ref="1374999248"/>
    <nd ref="1374999241"/>
    <nd ref="1374999254"/>
    <nd ref="1374999256"/>
    <nd ref="1374999258"/>
    <nd ref="1374999252"/>
    <nd ref="12485098079"/>
    <nd ref="1374999250"/>
    <tag k="addr:city" v="Guelph"/>
    <tag k="addr:flats" v="101-103;201-204"/>
    <tag k="addr:housenumber" v="200"/>
    <tag k="addr:postcode" v="N1H 3V7"/>
    <tag k="addr:street" v="Woolwich Street"/>
    <tag k="building" v="yes"/>
  </way>
  <way id="123418400" version="5" timestamp="2026-09-30T04:06:54Z" changeset="189754807" uid="24088502" user="skfd imports">
    <center lat="43.5483062" lon="-80.2540724"/>
    <nd ref="1376397171"/>
    <nd ref="12312449031"/>
    <nd ref="1376397169"/>
    <nd ref="1376397160"/>
    <nd ref="1376397176"/>
    <nd ref="1376397166"/>
    <nd ref="1376397143"/>
    <nd ref="1376397132"/>
    <nd ref="1376397171"/>
    <tag k="addr:city" v="Guelph"/>
    <tag k="addr:flats" v="A;B;C"/>
    <tag k="addr:housenumber" v="210"/>
    <tag k="addr:postcode" v="N1H 3V7"/>
    <tag k="addr:street" v="Woolwich Street"/>
    <tag k="building" v="yes"/>
  </way>
  <way id="177694773" version="4" timestamp="2026-09-30T04:01:51Z" changeset="189754709" uid="24088502" user="skfd imports">
    <center lat="43.5610626" lon="-80.2064249"/>
    <nd ref="1881178814"/>
    <nd ref="1881178819"/>
    <nd ref="1881178825"/>
    <nd ref="1881178820"/>
    <nd ref="1881178836"/>
    <nd ref="1881178823"/>
    <nd ref="1881178814"/>
    <tag k="addr:city" v="Guelph"/>
    <tag k="addr:flats" v="2;4A;6;8"/>
    <tag k="addr:housenumber" v="2"/>
    <tag k="addr:postcode" v="N1L 1M5"/>
    <tag k="addr:street" v="Taggart Street"/>
    <tag k="building" v="yes"/>
    <tag k="source" v="NRCan-CanVec-10.0"/>
  </way>
  <way id="177695409" version="9" timestamp="2026-09-30T04:04:45Z" changeset="189754754" uid="24088502" user="skfd imports">
    <center lat="43.5428941" lon="-80.2420977"/>
    <nd ref="1881187541"/>
    <nd ref="1881187542"/>
    <nd ref="1881187540"/>
    <nd ref="1881187539"/>
    <nd ref="1881187541"/>
    <tag k="addr:city" v="Guelph"/>
    <tag k="addr:flats" v="101-112;201-212;301-312;401-412;501-512;601-612;701-712;801-812;901-912;1001-1012"/>
    <tag k="addr:housenumber" v="60"/>
    <tag k="addr:postcode" v="N1E 7H7"/>
    <tag k="addr:street" v="Wyndham Street South"/>
    <tag k="alt_name" v="Wyndham Place"/>
    <tag k="building" v="apartments"/>
    <tag k="building:colour" v="beige"/>
    <tag k="building:levels" v="9"/>
    <tag k="name" v="Wyndham Place On The River Condominiums"/>
    <tag k="source" v="Bing"/>
  </way>
  <way id="177696219" version="9" timestamp="2026-09-30T04:05:47Z" changeset="189754783" uid="24088502" user="skfd imports">
    <center lat="43.5467806" lon="-80.2449680"/>
    <nd ref="1881196086"/>
    <nd ref="1881196082"/>
    <nd ref="3169306270"/>
    <nd ref="3169306271"/>
    <nd ref="12248150402"/>
    <nd ref="12248150403"/>
    <nd ref="1881196083"/>
    <nd ref="1881196085"/>
    <nd ref="1881196084"/>
    <nd ref="1881196087"/>
    <nd ref="12248100996"/>
    <nd ref="12248100997"/>
    <nd ref="12248100998"/>
    <nd ref="12248100999"/>
    <nd ref="12248101000"/>
    <nd ref="12248150401"/>
    <nd ref="1881196086"/>
    <tag k="addr:city" v="Guelph"/>
    <tag k="addr:flats" v="101;301-308;401-406;501-509;601-609;701-709;801-809;901-909;1001-1009;1101-1109;1201-1209;1301-1309;1401-1409;1501-1509;1601-1609;1701-1705;1801-1804"/>
    <tag k="addr:housenumber" v="160"/>
    <tag k="addr:postcode" v="N1H 2Z6"/>
    <tag k="addr:street" v="MacDonell Street"/>
    <tag k="building" v="residential"/>
    <tag k="building:levels" v="18"/>
    <tag k="name" v="RiverHouse Condominiums"/>
    <tag k="roof:shape" v="flat"/>
    <tag k="source" v="Bing;local knowledge"/>
  </way>
  <way id="178085148" version="8" timestamp="2026-09-30T04:08:46Z" changeset="189754845" uid="24088502" user="skfd imports">
    <center lat="43.5636718" lon="-80.2725761"/>
    <nd ref="1884626059"/>
    <nd ref="8820329073"/>
    <nd ref="8820329074"/>
    <nd ref="8820329075"/>
    <nd ref="8820329076"/>
    <nd ref="8820329077"/>
    <nd ref="8820329078"/>
    <nd ref="8820329069"/>
    <nd ref="8820329070"/>
    <nd ref="8820329071"/>
    <nd ref="8820329072"/>
    <nd ref="1884626084"/>
    <nd ref="8820329068"/>
    <nd ref="8820329067"/>
    <nd ref="8820329066"/>
    <nd ref="8820329065"/>
    <nd ref="1884626117"/>
    <nd ref="8820329095"/>
    <nd ref="8820329094"/>
    <nd ref="8820329093"/>
    <nd ref="1884626111"/>
    <nd ref="8820329092"/>
    <nd ref="1884626097"/>
    <nd ref="1884626103"/>
    <nd ref="8820329091"/>
    <nd ref="8820329090"/>
    <nd ref="8820329089"/>
    <nd ref="8820329088"/>
    <nd ref="8820329087"/>
    <nd ref="1884626069"/>
    <nd ref="8820329086"/>
    <nd ref="8820329085"/>
    <nd ref="8820329084"/>
    <nd ref="8820329083"/>
    <nd ref="1884626061"/>
    <nd ref="8820329082"/>
    <nd ref="8820329081"/>
    <nd ref="1884626067"/>
    <nd ref="8820329079"/>
    <nd ref="8820329080"/>
    <nd ref="1884626059"/>
    <tag k="addr:city" v="Guelph"/>
    <tag k="addr:flats" v="103-108;201-208;301-308;401-408;501-508;601-608;701-708;801-808;901-908"/>
    <tag k="addr:housenumber" v="22"/>
    <tag k="addr:postcode" v="N1H 7T1"/>
    <tag k="addr:street" v="Marilyn Drive"/>
    <tag k="building" v="apartments"/>
    <tag k="source" v="NRCan-CanVec-10.0"/>
  </way>
  <way id="178085150" version="8" timestamp="2026-09-30T04:08:46Z" changeset="189754845" uid="24088502" user="skfd imports">
    <center lat="43.5647458" lon="-80.2747653"/>
    <nd ref="1884626136"/>
    <nd ref="8814948260"/>
    <nd ref="8814948261"/>
    <nd ref="1884626145"/>
    <nd ref="8814948262"/>
    <nd ref="8814948263"/>
    <nd ref="8814948264"/>
    <nd ref="1884626147"/>
    <nd ref="8820261923"/>
    <nd ref="1884626163"/>
    <nd ref="8814948265"/>
    <nd ref="8814948266"/>
    <nd ref="8814948267"/>
    <nd ref="1884626162"/>
    <nd ref="8814948268"/>
    <nd ref="8814948274"/>
    <nd ref="8814948275"/>
    <nd ref="8814948278"/>
    <nd ref="8814948279"/>
    <nd ref="8814948280"/>
    <nd ref="8814948277"/>
    <nd ref="8814948276"/>
    <nd ref="8814948273"/>
    <nd ref="8814948272"/>
    <nd ref="8814948271"/>
    <nd ref="8814948270"/>
    <nd ref="8814948269"/>
    <nd ref="1884626179"/>
    <nd ref="1884626186"/>
    <nd ref="8820261937"/>
    <nd ref="1884626188"/>
    <nd ref="1884626184"/>
    <nd ref="8814948249"/>
    <nd ref="8814948250"/>
    <nd ref="8814948251"/>
    <nd ref="8814948248"/>
    <nd ref="8814948247"/>
    <nd ref="1884626183"/>
    <nd ref="1884626168"/>
    <nd ref="8814948253"/>
    <nd ref="8814948252"/>
    <nd ref="1884626169"/>
    <nd ref="1884626150"/>
    <nd ref="8814948254"/>
    <nd ref="8814948255"/>
    <nd ref="8814948256"/>
    <nd ref="8814948257"/>
    <nd ref="8814948258"/>
    <nd ref="8814948259"/>
    <nd ref="1884626138"/>
    <nd ref="8820261924"/>
    <nd ref="1884626136"/>
    <tag k="addr:city" v="Guelph"/>
    <tag k="addr:flats" v="101-115;201-216;301-316;401-416;501-516;601-616;701-716;801-816;901-915"/>
    <tag k="addr:housenumber" v="19"/>
    <tag k="addr:postcode" v="N1H 7B1"/>
    <tag k="addr:street" v="Woodlawn Road East"/>
    <tag k="building" v="apartments"/>
    <tag k="source" v="NRCan-CanVec-10.0"/>
  </way>
  <way id="178085151" version="7" timestamp="2026-09-30T04:08:46Z" changeset="189754845" uid="24088502" user="skfd imports">
    <center lat="43.5646050" lon="-80.2730821"/>
    <nd ref="1884626132"/>
    <nd ref="8814972685"/>
    <nd ref="8814972684"/>
    <nd ref="8814972683"/>
    <nd ref="8814972682"/>
    <nd ref="8814972678"/>
    <nd ref="8814972679"/>
    <nd ref="8814972680"/>
    <nd ref="8814972681"/>
    <nd ref="1884626143"/>
    <nd ref="8814972677"/>
    <nd ref="8814972676"/>
    <nd ref="8814972675"/>
    <nd ref="8814972674"/>
    <nd ref="8814972673"/>
    <nd ref="8814972672"/>
    <nd ref="8814972671"/>
    <nd ref="1884626152"/>
    <nd ref="8814972670"/>
    <nd ref="8814972669"/>
    <nd ref="8814972666"/>
    <nd ref="8814972667"/>
    <nd ref="8814972668"/>
    <nd ref="1884626149"/>
    <nd ref="8814972657"/>
    <nd ref="8814972658"/>
    <nd ref="8814972656"/>
    <nd ref="8814972655"/>
    <nd ref="1884626165"/>
    <nd ref="8814972659"/>
    <nd ref="8814972660"/>
    <nd ref="8814972661"/>
    <nd ref="8814972662"/>
    <nd ref="8814972665"/>
    <nd ref="8814972664"/>
    <nd ref="8814972663"/>
    <nd ref="1884626166"/>
    <nd ref="8814972653"/>
    <nd ref="8814972654"/>
    <nd ref="1884626173"/>
    <nd ref="8814972648"/>
    <nd ref="8814972649"/>
    <nd ref="8814972650"/>
    <nd ref="8814972651"/>
    <nd ref="1884626175"/>
    <nd ref="8814972647"/>
    <nd ref="8814972646"/>
    <nd ref="8814972645"/>
    <nd ref="8814972644"/>
    <nd ref="1884626164"/>
    <nd ref="8814972643"/>
    <nd ref="8814972642"/>
    <nd ref="8814972641"/>
    <nd ref="8814972637"/>
    <nd ref="8814972638"/>
    <nd ref="8814972639"/>
    <nd ref="8814972640"/>
    <nd ref="1884626154"/>
    <nd ref="8814972633"/>
    <nd ref="8814972634"/>
    <nd ref="8814972635"/>
    <nd ref="8814972636"/>
    <nd ref="8814972631"/>
    <nd ref="8814972632"/>
    <nd ref="8814972629"/>
    <nd ref="8814972630"/>
    <nd ref="8814972628"/>
    <nd ref="1884626155"/>
    <nd ref="8814972627"/>
    <nd ref="8814972626"/>
    <nd ref="1884626139"/>
    <nd ref="8814972625"/>
    <nd ref="8814972624"/>
    <nd ref="8814972623"/>
    <nd ref="8814972622"/>
    <nd ref="8814972621"/>
    <nd ref="8814972620"/>
    <nd ref="8814972619"/>
    <nd ref="1884626141"/>
    <nd ref="8814972618"/>
    <nd ref="8814971015"/>
    <nd ref="8814971016"/>
    <nd ref="8814972617"/>
    <nd ref="1884626134"/>
    <nd ref="8814971012"/>
    <nd ref="8814971013"/>
    <nd ref="8814971014"/>
    <nd ref="8814971011"/>
    <nd ref="1884626132"/>
    <tag k="addr:city" v="Guelph"/>
    <tag k="addr:flats" v="101-110;201-212;301-312;401-412;501-512;601-612;701-712;801-812;901-909;911"/>
    <tag k="addr:housenumber" v="23"/>
    <tag k="addr:postcode" v="N1H 7G6"/>
    <tag k="addr:street" v="Woodlawn Road East"/>
    <tag k="building" v="apartments"/>
    <tag k="source" v="NRCan-CanVec-10.0"/>
  </way>
  <way id="178085152" version="9" timestamp="2026-09-30T04:08:46Z" changeset="189754845" uid="24088502" user="skfd imports">
    <center lat="43.5637611" lon="-80.2717469"/>
    <nd ref="1884626071"/>
    <nd ref="8820345502"/>
    <nd ref="8820345503"/>
    <nd ref="8820345504"/>
    <nd ref="8820345505"/>
    <nd ref="1884626080"/>
    <nd ref="1884626081"/>
    <nd ref="1884626107"/>
    <nd ref="8820345506"/>
    <nd ref="8820347922"/>
    <nd ref="8820347921"/>
    <nd ref="1884626088"/>
    <nd ref="8820347920"/>
    <nd ref="8820347919"/>
    <nd ref="8820347918"/>
    <nd ref="1884626083"/>
    <nd ref="8820347917"/>
    <nd ref="1884626109"/>
    <nd ref="8820345516"/>
    <nd ref="1884626126"/>
    <nd ref="8820345515"/>
    <nd ref="8820345514"/>
    <nd ref="1884626121"/>
    <nd ref="8820344677"/>
    <nd ref="1884626128"/>
    <nd ref="8820345513"/>
    <nd ref="8820345512"/>
    <nd ref="1884626124"/>
    <nd ref="1884626130"/>
    <nd ref="1884626123"/>
    <nd ref="1884626113"/>
    <nd ref="1884626115"/>
    <nd ref="1884626095"/>
    <nd ref="8820345511"/>
    <nd ref="8820345510"/>
    <nd ref="8820345509"/>
    <nd ref="8820345508"/>
    <nd ref="1884626090"/>
    <nd ref="8820345507"/>
    <nd ref="1884626073"/>
    <nd ref="1884626071"/>
    <tag k="addr:city" v="Guelph"/>
    <tag k="addr:flats" v="101-103;201-205;301-306;401-406;501-506;601-606;701-706;801-806;901-906;1001-1006"/>
    <tag k="addr:housenumber" v="24"/>
    <tag k="addr:postcode" v="N1H 8E9"/>
    <tag k="addr:street" v="Marilyn Drive"/>
    <tag k="building" v="apartments"/>
    <tag k="source" v="NRCan-CanVec-10.0"/>
  </way>
  <way id="208356564" version="5" timestamp="2026-09-30T04:06:19Z" changeset="189754798" uid="24088502" user="skfd imports">
    <center lat="43.5431134" lon="-80.2677327"/>
    <nd ref="2186555850"/>
    <nd ref="2186555844"/>
    <nd ref="2186555843"/>
    <nd ref="2186555840"/>
    <nd ref="2186555838"/>
    <nd ref="2186555839"/>
    <nd ref="2186555834"/>
    <nd ref="2186555833"/>
    <nd ref="2186555828"/>
    <nd ref="2186555830"/>
    <nd ref="2186555826"/>
    <nd ref="2186555824"/>
    <nd ref="2186555820"/>
    <nd ref="2186555815"/>
    <nd ref="2186555816"/>
    <nd ref="2186555817"/>
    <nd ref="2186555819"/>
    <nd ref="2186555818"/>
    <nd ref="2186555821"/>
    <nd ref="2186555822"/>
    <nd ref="2186555825"/>
    <nd ref="2186555823"/>
    <nd ref="2186555827"/>
    <nd ref="2186555829"/>
    <nd ref="2186555832"/>
    <nd ref="2186555831"/>
    <nd ref="2186555835"/>
    <nd ref="2186555836"/>
    <nd ref="2186555837"/>
    <nd ref="2186555842"/>
    <nd ref="2186555841"/>
    <nd ref="2186555845"/>
    <nd ref="2186555846"/>
    <nd ref="2186555848"/>
    <nd ref="2186555847"/>
    <nd ref="2186555849"/>
    <nd ref="2186555850"/>
    <tag k="addr:city" v="Guelph"/>
    <tag k="addr:flats" v="101-113;201-215;301-315;401-415;B1-B4"/>
    <tag k="addr:housenumber" v="105"/>
    <tag k="addr:postcode" v="N1H 8H4"/>
    <tag k="addr:street" v="Bagot Street"/>
    <tag k="building" v="apartments"/>
    <tag k="source" v="Bing"/>
  </way>
  <way id="208356615" version="6" timestamp="2026-09-30T04:06:19Z" changeset="189754798" uid="24088502" user="skfd imports">
    <center lat="43.5435298" lon="-80.2683301"/>
    <nd ref="2186556912"/>
    <nd ref="2186556915"/>
    <nd ref="2186556913"/>
    <nd ref="2186556917"/>
    <nd ref="2186556918"/>
    <nd ref="2186556922"/>
    <nd ref="2186556921"/>
    <nd ref="2186556925"/>
    <nd ref="2186556927"/>
    <nd ref="2186556930"/>
    <nd ref="2186556929"/>
    <nd ref="2186556931"/>
    <nd ref="2186556932"/>
    <nd ref="2186556934"/>
    <nd ref="2186556936"/>
    <nd ref="2186556933"/>
    <nd ref="2186556935"/>
    <nd ref="2186556939"/>
    <nd ref="2186556940"/>
    <nd ref="2186556937"/>
    <nd ref="2186556938"/>
    <nd ref="2186556941"/>
    <nd ref="2186556942"/>
    <nd ref="2186556928"/>
    <nd ref="2186556923"/>
    <nd ref="2186556926"/>
    <nd ref="9934102140"/>
    <nd ref="2186556924"/>
    <nd ref="9934102139"/>
    <nd ref="9934102138"/>
    <nd ref="2186556920"/>
    <nd ref="2186556919"/>
    <nd ref="2186556916"/>
    <nd ref="2186556911"/>
    <nd ref="2186556908"/>
    <nd ref="2186556909"/>
    <nd ref="2186556907"/>
    <nd ref="2186556912"/>
    <tag k="addr:city" v="Guelph"/>
    <tag k="addr:flats" v="101-113;201-215;301-315;401-415;501-515;601-615"/>
    <tag k="addr:housenumber" v="107"/>
    <tag k="addr:postcode" v="N1H 8H5"/>
    <tag k="addr:street" v="Bagot Street"/>
    <tag k="building" v="apartments"/>
    <tag k="source" v="Bing"/>
  </way>
  <way id="208407926" version="5" timestamp="2026-09-30T04:07:30Z" changeset="189754820" uid="24088502" user="skfd imports">
    <center lat="43.5318980" lon="-80.2144249"/>
    <nd ref="2187028551"/>
    <nd ref="2187028550"/>
    <nd ref="2187028548"/>
    <nd ref="2187028549"/>
    <nd ref="2187028551"/>
    <tag k="addr:city" v="Guelph"/>
    <tag k="addr:flats" v="C101-C109;C201-C209;C301-C309;C401-C409"/>
    <tag k="addr:housenumber" v="65"/>
    <tag k="addr:postcode" v="N1G 4X7"/>
    <tag k="addr:street" v="Bayberry Drive"/>
    <tag k="building" v="yes"/>
  </way>
  <way id="208488067" version="6" timestamp="2026-09-30T04:06:41Z" changeset="189754804" uid="24088502" user="skfd imports">
    <center lat="43.5571418" lon="-80.2483989"/>
    <nd ref="2187759537"/>
    <nd ref="13249783254"/>
    <nd ref="2187759534"/>
    <nd ref="2187759535"/>
    <nd ref="2187759532"/>
    <nd ref="2187759533"/>
    <nd ref="2187759538"/>
    <nd ref="9906854819"/>
    <nd ref="2187759537"/>
    <tag k="addr:city" v="Guelph"/>
    <tag k="addr:flats" v="1-4"/>
    <tag k="addr:housenumber" v="265"/>
    <tag k="addr:postcode" v="N1E 2M7"/>
    <tag k="addr:street" v="Eramosa Road"/>
    <tag k="building" v="yes"/>
  </way>
  <way id="208488213" version="5" timestamp="2026-09-30T04:05:47Z" changeset="189754783" uid="24088502" user="skfd imports">
    <center lat="43.5418861" lon="-80.2513159"/>
    <nd ref="2187760963"/>
    <nd ref="12263057192"/>
    <nd ref="2187760961"/>
    <nd ref="12255459124"/>
    <nd ref="12255459125"/>
    <nd ref="12255459126"/>
    <nd ref="12255459123"/>
    <nd ref="2187760959"/>
    <nd ref="2187760962"/>
    <nd ref="2187760963"/>
    <tag k="addr:city" v="Guelph"/>
    <tag k="addr:flats" v="101-106;201-206;301-306"/>
    <tag k="addr:housenumber" v="40"/>
    <tag k="addr:postcode" v="N1H 3A5"/>
    <tag k="addr:street" v="Northumberland Street"/>
    <tag k="building" v="yes"/>
  </way>
  <way id="208492512" version="5" timestamp="2026-09-30T04:06:19Z" changeset="189754798" uid="24088502" user="skfd imports">
    <center lat="43.5409147" lon="-80.2766934"/>
    <nd ref="2187805883"/>
    <nd ref="2187805881"/>
    <nd ref="2187805880"/>
    <nd ref="2187805882"/>
    <nd ref="2187805883"/>
    <tag k="addr:city" v="Guelph"/>
    <tag k="addr:flats" v="101-104;201-208;301-308"/>
    <tag k="addr:housenumber" v="234"/>
    <tag k="addr:postcode" v="N1H 7C6"/>
    <tag k="addr:street" v="Willow Road"/>
    <tag k="building" v="yes"/>
  </way>
  <way id="208492557" version="5" timestamp="2026-09-30T04:06:19Z" changeset="189754798" uid="24088502" user="skfd imports">
    <center lat="43.5380660" lon="-80.2796627"/>
    <nd ref="2187809766"/>
    <nd ref="2187809762"/>
    <nd ref="2187809759"/>
    <nd ref="2187809764"/>
    <nd ref="2187809766"/>
    <tag k="addr:city" v="Guelph"/>
    <tag k="addr:flats" v="1-2;4-5;7"/>
    <tag k="addr:housenumber" v="106"/>
    <tag k="addr:postcode" v="N1H 7B4"/>
    <tag k="addr:street" v="Silvercreek Parkway North"/>
    <tag k="building" v="yes"/>
  </way>
  <way id="208650114" version="5" timestamp="2026-09-30T04:05:28Z" changeset="189754776" uid="24088502" user="skfd imports">
    <center lat="43.4998559" lon="-80.2140357"/>
    <nd ref="2189226526"/>
    <nd ref="2189226528"/>
    <nd ref="2189226527"/>
    <nd ref="2189226525"/>
    <nd ref="2189226526"/>
    <tag k="addr:city" v="Guelph"/>
    <tag k="addr:flats" v="1-3"/>
    <tag k="addr:housenumber" v="200"/>
    <tag k="addr:postcode" v="N1G 4P5"/>
    <tag k="addr:street" v="Southgate Drive"/>
    <tag k="building" v="yes"/>
  </way>
  <way id="210083020" version="5" timestamp="2026-09-30T04:04:02Z" changeset="189754744" uid="24088502" user="skfd imports">
    <center lat="43.5104683" lon="-80.2544443"/>
    <nd ref="2202090321"/>
    <nd ref="2202090320"/>
    <nd ref="2202090316"/>
    <nd ref="2202090319"/>
    <nd ref="2202090321"/>
    <tag k="addr:city" v="Guelph"/>
    <tag k="addr:flats" v="1-15"/>
    <tag k="addr:housenumber" v="37"/>
    <tag k="addr:postcode" v="N1G 2V5"/>
    <tag k="addr:street" v="Conroy Crescent"/>
    <tag k="building" v="yes"/>
  </way>
  <way id="210083021" version="5" timestamp="2026-09-30T04:04:02Z" changeset="189754744" uid="24088502" user="skfd imports">
    <center lat="43.5092433" lon="-80.2535851"/>
    <nd ref="2202090282"/>
    <nd ref="2202090279"/>
    <nd ref="2202090268"/>
    <nd ref="2202090277"/>
    <nd ref="2202090282"/>
    <tag k="addr:city" v="Guelph"/>
    <tag k="addr:flats" v="1-3;21-24;31-37;41-48;51-58"/>
    <tag k="addr:housenumber" v="63"/>
    <tag k="addr:postcode" v="N1G 2V5"/>
    <tag k="addr:street" v="Conroy Crescent"/>
    <tag k="building" v="yes"/>
  </way>
  <way id="210083022" version="5" timestamp="2026-09-30T04:04:02Z" changeset="189754744" uid="24088502" user="skfd imports">
    <center lat="43.5096871" lon="-80.2535038"/>
    <nd ref="2202090290"/>
    <nd ref="2202090288"/>
    <nd ref="2202090284"/>
    <nd ref="2202090286"/>
    <nd ref="2202090290"/>
    <tag k="addr:city" v="Guelph"/>
    <tag k="addr:flats" v="101-104;201-204;301-304"/>
    <tag k="addr:housenumber" v="57"/>
    <tag k="addr:postcode" v="N1G 2V5"/>
    <tag k="addr:street" v="Conroy Crescent"/>
    <tag k="building" v="yes"/>
  </way>
  <way id="212559741" version="8" timestamp="2026-09-30T04:07:49Z" changeset="189754825" uid="24088502" user="skfd imports">
    <center lat="43.5144528" lon="-80.2389309"/>
    <nd ref="2224036690"/>
    <nd ref="2224036723"/>
    <nd ref="12657292158"/>
    <nd ref="12657292159"/>
    <nd ref="9532780430"/>
    <nd ref="2224036720"/>
    <nd ref="2224036717"/>
    <nd ref="11581390806"/>
    <nd ref="11581390805"/>
    <nd ref="12657292157"/>
    <nd ref="12657292156"/>
    <nd ref="2224036767"/>
    <nd ref="2224036706"/>
    <nd ref="2224036690"/>
    <tag k="addr:city" v="Guelph"/>
    <tag k="addr:flats" v="A;B"/>
    <tag k="addr:housenumber" v="615"/>
    <tag k="addr:postcode" v="N1G 3P4"/>
    <tag k="addr:street" v="Scottsdale Drive"/>
    <tag k="building" v="retail"/>
  </way>
  <way id="212559742" version="8" timestamp="2026-09-30T04:07:49Z" changeset="189754825" uid="24088502" user="skfd imports">
    <center lat="43.5137288" lon="-80.2386876"/>
    <nd ref="2224036687"/>
    <nd ref="11581417702"/>
    <nd ref="11581417703"/>
    <nd ref="11581417704"/>
    <nd ref="11581417696"/>
    <nd ref="11581417705"/>
    <nd ref="11581417697"/>
    <nd ref="11581417706"/>
    <nd ref="11581417707"/>
    <nd ref="11581417698"/>
    <nd ref="11581417708"/>
    <nd ref="11581417709"/>
    <nd ref="11581417699"/>
    <nd ref="11581417710"/>
    <nd ref="11581417711"/>
    <nd ref="11581417700"/>
    <nd ref="11581417701"/>
    <nd ref="2224036709"/>
    <nd ref="2224036770"/>
    <nd ref="2224036769"/>
    <nd ref="2224036684"/>
    <nd ref="11581417693"/>
    <nd ref="11581417694"/>
    <nd ref="11581417695"/>
    <nd ref="2224036687"/>
    <tag k="addr:city" v="Guelph"/>
    <tag k="addr:flats" v="100-101"/>
    <tag k="addr:housenumber" v="649"/>
    <tag k="addr:postcode" v="N1G 4S6"/>
    <tag k="addr:street" v="Scottsdale Drive"/>
    <tag k="building" v="office"/>
  </way>
  <way id="212559745" version="7" timestamp="2026-09-30T04:07:49Z" changeset="189754825" uid="24088502" user="skfd imports">
    <center lat="43.5138781" lon="-80.2380735"/>
    <nd ref="2224036770"/>
    <nd ref="2224036765"/>
    <nd ref="2224036703"/>
    <nd ref="12673492943"/>
    <nd ref="12673492945"/>
    <nd ref="2224036768"/>
    <nd ref="12673492947"/>
    <nd ref="2224036709"/>
    <nd ref="2224036770"/>
    <tag k="addr:city" v="Guelph"/>
    <tag k="addr:flats" v="1-5;2B"/>
    <tag k="addr:housenumber" v="649"/>
    <tag k="addr:postcode" v="N1G 4S6"/>
    <tag k="addr:street" v="Scottsdale Drive"/>
    <tag k="building" v="retail"/>
  </way>
  <way id="212563853" version="7" timestamp="2026-09-30T04:02:35Z" changeset="189754719" uid="24088502" user="skfd imports">
    <center lat="43.5221229" lon="-80.2359976"/>
    <nd ref="2224061241"/>
    <nd ref="2224061280"/>
    <nd ref="2224061238"/>
    <nd ref="2224061244"/>
    <nd ref="2224061241"/>
    <tag k="addr:city" v="Guelph"/>
    <tag k="addr:flats" v="101-108;201-208;301-316"/>
    <tag k="addr:housenumber" v="245"/>
    <tag k="addr:postcode" v="N1G 5J6"/>
    <tag k="addr:street" v="Chancellors Way"/>
    <tag k="building" v="apartments"/>
    <tag k="building:levels" v="3"/>
    <tag k="roof:levels" v="0"/>
  </way>
  <way id="215069449" version="7" timestamp="2026-09-30T04:07:49Z" changeset="189754825" uid="24088502" user="skfd imports">
    <center lat="43.5186816" lon="-80.2332143"/>
    <nd ref="2244890130"/>
    <nd ref="2244890093"/>
    <nd ref="2244890091"/>
    <nd ref="2244890086"/>
    <nd ref="2244890130"/>
    <tag k="addr:city" v="Guelph"/>
    <tag k="addr:flats" v="101-102;101A;201-202"/>
    <tag k="addr:housenumber" v="511"/>
    <tag k="addr:postcode" v="N1G 4S5"/>
    <tag k="addr:street" v="Edinburgh Road South"/>
    <tag k="building" v="commercial"/>
    <tag k="name" v="South City Centre"/>
  </way>
  <way id="215069452" version="17" timestamp="2026-09-30T04:07:49Z" changeset="189754825" uid="24088502" user="skfd imports">
    <center lat="43.5185522" lon="-80.2344827"/>
    <nd ref="2244890098"/>
    <nd ref="2244890096"/>
    <nd ref="13059948216"/>
    <nd ref="13059948217"/>
    <nd ref="13059948218"/>
    <nd ref="13059948219"/>
    <nd ref="2244890117"/>
    <nd ref="13059948220"/>
    <nd ref="13059948221"/>
    <nd ref="13059948222"/>
    <nd ref="2244890132"/>
    <nd ref="13059948211"/>
    <nd ref="13059948212"/>
    <nd ref="13059948214"/>
    <nd ref="13059948215"/>
    <nd ref="13059948213"/>
    <nd ref="2244890098"/>
    <tag k="addr:city" v="Guelph"/>
    <tag k="addr:flats" v="1-4"/>
    <tag k="addr:housenumber" v="304"/>
    <tag k="addr:postcode" v="N1G 3C4"/>
    <tag k="addr:street" v="Stone Road West"/>
    <tag k="building" v="retail"/>
    <tag k="outdoor_seating" v="no"/>
    <tag k="payment:amex" v="no"/>
    <tag k="payment:coins" v="yes"/>
    <tag k="payment:notes" v="yes"/>
    <tag k="toilets:wheelchair" v="yes"/>
    <tag k="website" v="https://www.timhortons.com/"/>
    <tag k="wheelchair" v="yes"/>
  </way>
  <way id="215069453" version="7" timestamp="2026-09-30T04:07:49Z" changeset="189754825" uid="24088502" user="skfd imports">
    <center lat="43.5179677" lon="-80.2342651"/>
    <nd ref="2244890095"/>
    <nd ref="2244890112"/>
    <nd ref="2244890124"/>
    <nd ref="2244890114"/>
    <nd ref="2244890095"/>
    <tag k="addr:city" v="Guelph"/>
    <tag k="addr:flats" v="7-12"/>
    <tag k="addr:housenumber" v="304"/>
    <tag k="addr:postcode" v="N1G 3C4"/>
    <tag k="addr:street" v="Stone Road West"/>
    <tag k="building" v="retail"/>
  </way>
  <way id="240744882" version="8" timestamp="2026-09-30T04:06:41Z" changeset="189754804" uid="24088502" user="skfd imports">
    <center lat="43.5587479" lon="-80.2477607"/>
    <nd ref="2484563016"/>
    <nd ref="2484563017"/>
    <nd ref="2484563018"/>
    <nd ref="2484563020"/>
    <nd ref="9991003616"/>
    <nd ref="9991015917"/>
    <nd ref="9991015918"/>
    <nd ref="9991015919"/>
    <nd ref="9991003598"/>
    <nd ref="9991003597"/>
    <nd ref="2484563019"/>
    <nd ref="2484563016"/>
    <tag k="addr:city" v="Guelph"/>
    <tag k="addr:flats" v="1-2"/>
    <tag k="addr:housenumber" v="297"/>
    <tag k="addr:postcode" v="N1E 2M7"/>
    <tag k="addr:street" v="Eramosa Road"/>
    <tag k="building" v="yes"/>
  </way>
  <way id="242662848" version="7" timestamp="2026-09-30T04:08:46Z" changeset="189754845" uid="24088502" user="skfd imports">
    <center lat="43.5593522" lon="-80.2680053"/>
    <nd ref="2501214479"/>
    <nd ref="2501214482"/>
    <nd ref="2501214478"/>
    <nd ref="2501214475"/>
    <nd ref="2501214480"/>
    <nd ref="2501214474"/>
    <nd ref="2501214477"/>
    <nd ref="2501214481"/>
    <nd ref="2501214479"/>
    <tag k="addr:city" v="Guelph"/>
    <tag k="addr:flats" v="A;B;C;E;G"/>
    <tag k="addr:housenumber" v="8"/>
    <tag k="addr:postcode" v="N1H 1J3"/>
    <tag k="addr:street" v="Speedvale Avenue East"/>
    <tag k="building" v="commercial"/>
    <tag k="building:levels" v="2"/>
    <tag k="roof:levels" v="0"/>
    <tag k="roof:shape" v="flat"/>
  </way>
  <way id="242663900" version="6" timestamp="2026-09-30T04:06:54Z" changeset="189754807" uid="24088502" user="skfd imports">
    <center lat="43.5501068" lon="-80.2544386"/>
    <nd ref="2501220566"/>
    <nd ref="2501220564"/>
    <nd ref="2501220565"/>
    <nd ref="2501220567"/>
    <nd ref="2501220568"/>
    <nd ref="2501220569"/>
    <nd ref="2501220566"/>
    <tag k="addr:city" v="Guelph"/>
    <tag k="addr:flats" v="101-108;201-210"/>
    <tag k="addr:housenumber" v="60"/>
    <tag k="addr:postcode" v="N1H 3Z6"/>
    <tag k="addr:street" v="Cardigan Street"/>
    <tag k="building" v="residential"/>
    <tag k="wikidata" v="Q109771629"/>
  </way>
  <way id="260551704" version="10" timestamp="2026-09-30T04:04:45Z" changeset="189754754" uid="24088502" user="skfd imports">
    <center lat="43.5521497" lon="-80.2261113"/>
    <nd ref="2660558115"/>
    <nd ref="2660558118"/>
    <nd ref="13037936360"/>
    <nd ref="13203122998"/>
    <nd ref="2660558119"/>
    <nd ref="13203122997"/>
    <nd ref="2660558120"/>
    <nd ref="12408507174"/>
    <nd ref="2660558121"/>
    <nd ref="2660558122"/>
    <nd ref="12408507175"/>
    <nd ref="12776711700"/>
    <nd ref="12408507176"/>
    <nd ref="2660558123"/>
    <nd ref="2660558124"/>
    <nd ref="2660558125"/>
    <nd ref="2660558126"/>
    <nd ref="2660558127"/>
    <nd ref="2660558128"/>
    <nd ref="2660558129"/>
    <nd ref="2660558130"/>
    <nd ref="2660558131"/>
    <nd ref="2660558116"/>
    <nd ref="2660558115"/>
    <tag k="addr:city" v="Guelph"/>
    <tag k="addr:flats" v="1-8"/>
    <tag k="addr:housenumber" v="199"/>
    <tag k="addr:street" v="Victoria Road South"/>
    <tag k="building" v="retail"/>
  </way>
  <way id="287908442" version="6" timestamp="2026-09-30T04:03:47Z" changeset="189754738" uid="24088502" user="skfd imports">
    <center lat="43.5043105" lon="-80.1861749"/>
    <nd ref="2914721385"/>
    <nd ref="2914721384"/>
    <nd ref="2914721380"/>
    <nd ref="2914721382"/>
    <nd ref="2914721385"/>
    <tag k="addr:city" v="Guelph"/>
    <tag k="addr:flats" v="101-111;201-212;301-312;401-412"/>
    <tag k="addr:housenumber" v="39"/>
    <tag k="addr:street" v="Goodwin Drive"/>
    <tag k="building" v="residential"/>
    <tag k="building:levels" v="4"/>
  </way>
  <way id="287908444" version="6" timestamp="2026-09-30T04:03:47Z" changeset="189754738" uid="24088502" user="skfd imports">
    <center lat="43.5032228" lon="-80.1856776"/>
    <nd ref="2914721371"/>
    <nd ref="2914721369"/>
    <nd ref="2914721364"/>
    <nd ref="2914721365"/>
    <nd ref="2914721371"/>
    <tag k="addr:city" v="Guelph"/>
    <tag k="addr:flats" v="101-113;201-214;301-314;401-414"/>
    <tag k="addr:housenumber" v="43"/>
    <tag k="addr:postcode" v="N1L 0E8"/>
    <tag k="addr:street" v="Goodwin Drive"/>
    <tag k="building" v="residential"/>
    <tag k="building:levels" v="4"/>
  </way>
  <way id="287908445" version="6" timestamp="2026-09-30T04:03:47Z" changeset="189754738" uid="24088502" user="skfd imports">
    <center lat="43.5029964" lon="-80.1865088"/>
    <nd ref="2914721367"/>
    <nd ref="2914721363"/>
    <nd ref="2914721362"/>
    <nd ref="2914721366"/>
    <nd ref="2914721367"/>
    <tag k="addr:city" v="Guelph"/>
    <tag k="addr:flats" v="101-111;201-212;301-312;401-412"/>
    <tag k="addr:housenumber" v="45"/>
    <tag k="addr:postcode" v="N1L 0G5;N1L 0E9"/>
    <tag k="addr:street" v="Goodwin Drive"/>
    <tag k="building" v="residential"/>
    <tag k="building:levels" v="4"/>
  </way>
  <way id="287908447" version="6" timestamp="2026-09-30T04:03:47Z" changeset="189754738" uid="24088502" user="skfd imports">
    <center lat="43.5039402" lon="-80.1855407"/>
    <nd ref="2914721383"/>
    <nd ref="2914721376"/>
    <nd ref="2914721373"/>
    <nd ref="2914721381"/>
    <nd ref="2914721383"/>
    <tag k="addr:city" v="Guelph"/>
    <tag k="addr:flats" v="101-111;201-212;301-312;401-412"/>
    <tag k="addr:housenumber" v="41"/>
    <tag k="addr:street" v="Goodwin Drive"/>
    <tag k="building" v="residential"/>
    <tag k="building:levels" v="4"/>
  </way>
  <way id="287908449" version="6" timestamp="2026-09-30T04:03:47Z" changeset="189754738" uid="24088502" user="skfd imports">
    <center lat="43.5036855" lon="-80.1868145"/>
    <nd ref="2914721378"/>
    <nd ref="2914721368"/>
    <nd ref="2914721370"/>
    <nd ref="2914721379"/>
    <nd ref="2914721378"/>
    <tag k="addr:city" v="Guelph"/>
    <tag k="addr:flats" v="101-113;201-214;301-314;401-414"/>
    <tag k="addr:housenumber" v="37"/>
    <tag k="addr:street" v="Goodwin Drive"/>
    <tag k="building" v="residential"/>
    <tag k="building:levels" v="4"/>
  </way>
  <way id="287946730" version="6" timestamp="2026-09-30T04:09:44Z" changeset="189754862" uid="24088502" user="skfd imports">
    <center lat="43.5171914" lon="-80.1766449"/>
    <nd ref="2915004573"/>
    <nd ref="2915004564"/>
    <nd ref="2915004563"/>
    <nd ref="2915004567"/>
    <nd ref="2915004573"/>
    <tag k="addr:city" v="Guelph"/>
    <tag k="addr:flats" v="101-112;201-214;301-314;401-414"/>
    <tag k="addr:housenumber" v="60"/>
    <tag k="addr:postcode" v="N1L 0J8"/>
    <tag k="addr:street" v="Lynnmore Street"/>
    <tag k="building" v="apartments"/>
    <tag k="building:levels" v="4"/>
    <tag k="building:material" v="brick"/>
    <tag k="roof:levels" v="0"/>
    <tag k="roof:shape" v="hipped"/>
  </way>
  <way id="287946731" version="5" timestamp="2026-09-30T04:09:44Z" changeset="189754862" uid="24088502" user="skfd imports">
    <center lat="43.5165607" lon="-80.1762762"/>
    <nd ref="2915004562"/>
    <nd ref="2915004561"/>
    <nd ref="2915004557"/>
    <nd ref="2915004558"/>
    <nd ref="2915004562"/>
    <tag k="addr:city" v="Guelph"/>
    <tag k="addr:flats" v="101-112;201-214;301-314;401-414"/>
    <tag k="addr:housenumber" v="43"/>
    <tag k="addr:street" v="Waterford Drive"/>
    <tag k="building" v="yes"/>
  </way>
  <way id="287946734" version="5" timestamp="2026-09-30T04:09:44Z" changeset="189754862" uid="24088502" user="skfd imports">
    <center lat="43.5162561" lon="-80.1753626"/>
    <nd ref="2915004559"/>
    <nd ref="2915004560"/>
    <nd ref="2915004556"/>
    <nd ref="2915004555"/>
    <nd ref="2915004559"/>
    <tag k="addr:city" v="Guelph"/>
    <tag k="addr:flats" v="101-112;201-214;301-314;401-414"/>
    <tag k="addr:housenumber" v="19"/>
    <tag k="addr:street" v="Waterford Drive"/>
    <tag k="building" v="yes"/>
  </way>
  <way id="333632635" version="6" timestamp="2026-09-30T04:10:39Z" changeset="189754874" uid="24088502" user="skfd imports">
    <center lat="43.5663080" lon="-80.2224156"/>
    <nd ref="3407478438"/>
    <nd ref="13006729845"/>
    <nd ref="13006729846"/>
    <nd ref="13006729847"/>
    <nd ref="13006729844"/>
    <nd ref="3407478432"/>
    <nd ref="3407478431"/>
    <nd ref="3407478434"/>
    <nd ref="3407478433"/>
    <nd ref="3407478435"/>
    <nd ref="3407478436"/>
    <nd ref="3407478437"/>
    <nd ref="3407478438"/>
    <tag k="addr:city" v="Guelph"/>
    <tag k="addr:flats" v="101-111;201-213;301-313;401-413"/>
    <tag k="addr:housenumber" v="415"/>
    <tag k="addr:street" v="Grange Road"/>
    <tag k="building" v="yes"/>
  </way>
  <way id="337955594" version="8" timestamp="2026-09-30T04:05:28Z" changeset="189754776" uid="24088502" user="skfd imports">
    <center lat="43.5013793" lon="-80.2147643"/>
    <nd ref="3450306792"/>
    <nd ref="3450306744"/>
    <nd ref="3450297456"/>
    <nd ref="3450297471"/>
    <nd ref="3450306771"/>
    <nd ref="3450306774"/>
    <nd ref="3450297442"/>
    <nd ref="3450297477"/>
    <nd ref="3450306743"/>
    <nd ref="3450306723"/>
    <nd ref="3450306754"/>
    <nd ref="3450306703"/>
    <nd ref="3450306735"/>
    <nd ref="3450306711"/>
    <nd ref="3450306724"/>
    <nd ref="3450297447"/>
    <nd ref="3450297448"/>
    <nd ref="3450306792"/>
    <tag k="addr:city" v="Guelph"/>
    <tag k="addr:flats" v="7-12"/>
    <tag k="addr:housenumber" v="245"/>
    <tag k="addr:postcode" v="N1G 3M5"/>
    <tag k="addr:street" v="Southgate Drive"/>
    <tag k="building" v="industrial"/>
    <tag k="building:levels" v="1"/>
    <tag k="roof:levels" v="0"/>
    <tag k="roof:shape" v="flat"/>
  </way>
  <way id="337955609" version="8" timestamp="2026-09-30T04:05:28Z" changeset="189754776" uid="24088502" user="skfd imports">
    <center lat="43.5011492" lon="-80.2142649"/>
    <nd ref="3450306766"/>
    <nd ref="3450297461"/>
    <nd ref="3450297458"/>
    <nd ref="3450297459"/>
    <nd ref="3450306778"/>
    <nd ref="3450306759"/>
    <nd ref="3450306790"/>
    <nd ref="3450297486"/>
    <nd ref="3450306752"/>
    <nd ref="3450306764"/>
    <nd ref="3450297487"/>
    <nd ref="3450306766"/>
    <tag k="addr:city" v="Guelph"/>
    <tag k="addr:flats" v="1-6"/>
    <tag k="addr:housenumber" v="245"/>
    <tag k="addr:postcode" v="N1G 3M5"/>
    <tag k="addr:street" v="Southgate Drive"/>
    <tag k="building" v="industrial"/>
    <tag k="building:levels" v="1"/>
    <tag k="roof:levels" v="0"/>
    <tag k="roof:shape" v="flat"/>
  </way>
  <way id="344325628" version="8" timestamp="2026-09-30T04:03:37Z" changeset="189754736" uid="24088502" user="skfd imports">
    <center lat="43.5340099" lon="-80.3053158"/>
    <nd ref="3510701225"/>
    <nd ref="3510701226"/>
    <nd ref="3510701227"/>
    <nd ref="3510701228"/>
    <nd ref="8439921892"/>
    <nd ref="3510701229"/>
    <nd ref="3510701230"/>
    <nd ref="3510701231"/>
    <nd ref="3510701232"/>
    <nd ref="3510701233"/>
    <nd ref="3510701234"/>
    <nd ref="3510701235"/>
    <nd ref="3510701236"/>
    <nd ref="3510701237"/>
    <nd ref="8383107068"/>
    <nd ref="3510701238"/>
    <nd ref="3510701239"/>
    <nd ref="3510701240"/>
    <nd ref="3510701241"/>
    <nd ref="3510701242"/>
    <nd ref="3510701225"/>
    <tag k="addr:city" v="Guelph"/>
    <tag k="addr:flats" v="100-140"/>
    <tag k="addr:housenumber" v="355"/>
    <tag k="addr:postcode" v="N1K 1S5"/>
    <tag k="addr:street" v="Elmira Road North"/>
    <tag k="building" v="commercial"/>
    <tag k="building:levels" v="1"/>
    <tag k="name" v="Melran Mall"/>
    <tag k="smoking" v="no"/>
  </way>
  <way id="353492157" version="8" timestamp="2026-09-30T04:02:53Z" changeset="189754722" uid="24088502" user="skfd imports">
    <center lat="43.5699164" lon="-80.2732846"/>
    <nd ref="3592847738"/>
    <nd ref="3592847739"/>
    <nd ref="3592847740"/>
    <nd ref="3592847741"/>
    <nd ref="3592847738"/>
    <tag k="addr:city" v="Guelph"/>
    <tag k="addr:flats" v="101-103;201-207;301-307;401-407;501-507;601-607"/>
    <tag k="addr:housenumber" v="72"/>
    <tag k="addr:postcode" v="N1H 1G7"/>
    <tag k="addr:street" v="Woodlawn Road East"/>
    <tag k="building" v="residential"/>
  </way>
  <way id="356650876" version="8" timestamp="2026-10-03T00:33:53Z" changeset="189905183" uid="205595" user="skfd">
    <center lat="43.5442772" lon="-80.2417484"/>
    <nd ref="3620653917"/>
    <nd ref="3620653918"/>
    <nd ref="2484551512"/>
    <nd ref="3620653919"/>
    <nd ref="3620653920"/>
    <nd ref="14244657083"/>
    <nd ref="3620653917"/>
    <tag k="addr:city" v="Guelph"/>
    <tag k="addr:flats" v="1-7"/>
    <tag k="addr:housenumber" v="83"/>
    <tag k="addr:postcode" v="N1E 5R9"/>
    <tag k="addr:street" v="Neeve Street"/>
    <tag k="building" v="yes"/>
    <tag k="building:levels" v="3"/>
    <tag k="layer" v="1"/>
  </way>
  <way id="358946112" version="6" timestamp="2026-09-30T04:08:32Z" changeset="189754840" uid="24088502" user="skfd imports">
    <center lat="43.5323152" lon="-80.2811486"/>
    <nd ref="3637695734"/>
    <nd ref="3637695735"/>
    <nd ref="3637695736"/>
    <nd ref="3637695737"/>
    <nd ref="12282909093"/>
    <nd ref="3637695738"/>
    <nd ref="3637695739"/>
    <nd ref="12282909097"/>
    <nd ref="3637695734"/>
    <tag k="addr:city" v="Guelph"/>
    <tag k="addr:flats" v="101-109;201-211;301-311;401-411;501-512;601-612"/>
    <tag k="addr:housenumber" v="93"/>
    <tag k="addr:postcode" v="N1H 7J7"/>
    <tag k="addr:street" v="Westwood Road"/>
    <tag k="building" v="yes"/>
  </way>
  <way id="358946113" version="6" timestamp="2026-09-30T04:08:32Z" changeset="189754840" uid="24088502" user="skfd imports">
    <center lat="43.5323940" lon="-80.2804764"/>
    <nd ref="3637695740"/>
    <nd ref="12282909099"/>
    <nd ref="3637695741"/>
    <nd ref="3637695742"/>
    <nd ref="12282909100"/>
    <nd ref="3637695743"/>
    <nd ref="3637695744"/>
    <nd ref="3637695745"/>
    <nd ref="3637695740"/>
    <tag k="addr:city" v="Guelph"/>
    <tag k="addr:flats" v="101-109;201-211;301-311;401-411;501-512;601-612"/>
    <tag k="addr:housenumber" v="89"/>
    <tag k="addr:postcode" v="N1H 7J7"/>
    <tag k="addr:street" v="Westwood Road"/>
    <tag k="building" v="yes"/>
  </way>
  <way id="399149535" version="6" timestamp="2026-09-30T04:03:37Z" changeset="189754736" uid="24088502" user="skfd imports">
    <center lat="43.5365208" lon="-80.3107179"/>
    <nd ref="4018936212"/>
    <nd ref="4018936211"/>
    <nd ref="4018936207"/>
    <nd ref="4018936208"/>
    <nd ref="4018936212"/>
    <tag k="addr:city" v="Guelph"/>
    <tag k="addr:flats" v="1-4"/>
    <tag k="addr:housenumber" v="473"/>
    <tag k="addr:postcode" v="N1K 1C2"/>
    <tag k="addr:street" v="Elmira Road North"/>
    <tag k="building" v="industrial"/>
  </way>
  <way id="399342891" version="5" timestamp="2026-09-30T04:05:28Z" changeset="189754776" uid="24088502" user="skfd imports">
    <center lat="43.5103239" lon="-80.1966743"/>
    <nd ref="4020766897"/>
    <nd ref="4020766893"/>
    <nd ref="4020766895"/>
    <nd ref="4020766894"/>
    <nd ref="4020766896"/>
    <nd ref="4020766900"/>
    <nd ref="4020766898"/>
    <nd ref="4020766899"/>
    <nd ref="4020766897"/>
    <tag k="addr:city" v="Guelph"/>
    <tag k="addr:flats" v="1-3"/>
    <tag k="addr:housenumber" v="1467"/>
    <tag k="addr:postcode" v="N1L 1C9"/>
    <tag k="addr:street" v="Gordon Street"/>
    <tag k="building" v="retail"/>
  </way>
  <way id="409855358" version="6" timestamp="2026-09-30T04:06:54Z" changeset="189754807" uid="24088502" user="skfd imports">
    <center lat="43.5477800" lon="-80.2531389"/>
    <nd ref="4117247435"/>
    <nd ref="4117247434"/>
    <nd ref="4117247437"/>
    <nd ref="4117247433"/>
    <nd ref="4117247436"/>
    <nd ref="1376404177"/>
    <nd ref="1376404173"/>
    <nd ref="4117247435"/>
    <tag k="addr:city" v="Guelph"/>
    <tag k="addr:flats" v="101-104;201-208;301-306"/>
    <tag k="addr:housenumber" v="86"/>
    <tag k="addr:postcode" v="N1H 3V6"/>
    <tag k="addr:street" v="Yarmouth Street"/>
    <tag k="building" v="apartments"/>
    <tag k="building:flats" v="18"/>
    <tag k="building:levels" v="3"/>
    <tag k="roof:shape" v="flat"/>
  </way>
  <way id="413380308" version="7" timestamp="2026-09-30T04:08:32Z" changeset="189754840" uid="24088502" user="skfd imports">
    <center lat="43.5416715" lon="-80.2901652"/>
    <nd ref="4147137876"/>
    <nd ref="9177406141"/>
    <nd ref="9177406139"/>
    <nd ref="9177406138"/>
    <nd ref="9177406140"/>
    <nd ref="4147137877"/>
    <nd ref="9177406130"/>
    <nd ref="9177406129"/>
    <nd ref="9177406128"/>
    <nd ref="9177406131"/>
    <nd ref="9177406124"/>
    <nd ref="9177406125"/>
    <nd ref="9177406133"/>
    <nd ref="9177406132"/>
    <nd ref="9177406126"/>
    <nd ref="9177406127"/>
    <nd ref="9177406136"/>
    <nd ref="9177406135"/>
    <nd ref="9177406134"/>
    <nd ref="9177406137"/>
    <nd ref="4147137876"/>
    <tag k="addr:city" v="Guelph"/>
    <tag k="addr:flats" v="1-12"/>
    <tag k="addr:housenumber" v="350"/>
    <tag k="addr:postcode" v="N1H 7M7"/>
    <tag k="addr:street" v="Speedvale Avenue West"/>
    <tag k="building" v="yes"/>
  </way>
  <way id="413398803" version="9" timestamp="2026-09-30T04:05:47Z" changeset="189754783" uid="24088502" user="skfd imports">
    <center lat="43.5413672" lon="-80.2471270"/>
    <nd ref="4147305203"/>
    <nd ref="4147305204"/>
    <nd ref="8573579856"/>
    <nd ref="8573579857"/>
    <nd ref="4147305205"/>
    <nd ref="4147305206"/>
    <nd ref="12281728793"/>
    <nd ref="12281728792"/>
    <nd ref="4147305207"/>
    <nd ref="4147305208"/>
    <nd ref="4147305203"/>
    <tag k="addr:city" v="Guelph"/>
    <tag k="addr:flats" v="1-12;1A;2B;14-20;A2;A14"/>
    <tag k="addr:housenumber" v="31"/>
    <tag k="addr:postcode" v="N1H 4G9"/>
    <tag k="addr:street" v="Gordon Street"/>
    <tag k="building" v="apartments"/>
    <tag k="building:levels" v="3"/>
    <tag k="name" v="ADEGBOHUN HOUSE"/>
  </way>
  <way id="413943417" version="6" timestamp="2026-09-30T04:08:11Z" changeset="189754830" uid="24088502" user="skfd imports">
    <center lat="43.5269939" lon="-80.2853990"/>
    <nd ref="4151466528"/>
    <nd ref="4151466526"/>
    <nd ref="4151466527"/>
    <nd ref="4151466524"/>
    <nd ref="4151466522"/>
    <nd ref="4151466520"/>
    <nd ref="4151466517"/>
    <nd ref="4151466519"/>
    <nd ref="4151466518"/>
    <nd ref="4151466521"/>
    <nd ref="4151466523"/>
    <nd ref="4151466525"/>
    <nd ref="4151466528"/>
    <tag k="addr:city" v="Guelph"/>
    <tag k="addr:flats" v="101-107;201-209;301-309;401-409"/>
    <tag k="addr:housenumber" v="901"/>
    <tag k="addr:street" v="Paisley Road"/>
    <tag k="building" v="apartments"/>
    <tag k="name" v="Gramercy Park"/>
  </way>
  <way id="475631431" version="5" timestamp="2026-09-30T04:02:53Z" changeset="189754722" uid="24088502" user="skfd imports">
    <center lat="43.5552925" lon="-80.2937710"/>
    <nd ref="4693597103"/>
    <nd ref="4693597102"/>
    <nd ref="4693597101"/>
    <nd ref="4693597100"/>
    <nd ref="4693597099"/>
    <nd ref="4693597098"/>
    <nd ref="4693597103"/>
    <tag k="addr:city" v="Guelph"/>
    <tag k="addr:flats" v="1-11"/>
    <tag k="addr:housenumber" v="31"/>
    <tag k="addr:street" v="Arrow Road"/>
    <tag k="building" v="yes"/>
  </way>
  <way id="493155848" version="5" timestamp="2026-09-30T04:05:47Z" changeset="189754783" uid="24088502" user="skfd imports">
    <center lat="43.5425630" lon="-80.2446713"/>
    <nd ref="13159082374"/>
    <nd ref="4850924896"/>
    <nd ref="4850924895"/>
    <nd ref="4850924894"/>
    <nd ref="4850924893"/>
    <nd ref="4850924906"/>
    <nd ref="4850924905"/>
    <nd ref="4850924904"/>
    <nd ref="4850924903"/>
    <nd ref="13159082375"/>
    <nd ref="13159082374"/>
    <tag k="addr:city" v="Guelph"/>
    <tag k="addr:flats" v="11;21-22;23A;23B;23C;31-32;33A;33B;33C"/>
    <tag k="addr:housenumber" v="49"/>
    <tag k="addr:postcode" v="N1H 3P6"/>
    <tag k="addr:street" v="Surrey Street East"/>
    <tag k="building" v="yes"/>
  </way>
  <way id="499045964" version="7" timestamp="2026-09-30T04:07:30Z" changeset="189754820" uid="24088502" user="skfd imports">
    <center lat="43.5155145" lon="-80.2010461"/>
    <nd ref="4903680538"/>
    <nd ref="4903680537"/>
    <nd ref="4903680536"/>
    <nd ref="4903680535"/>
    <nd ref="11908350659"/>
    <nd ref="4903680534"/>
    <nd ref="4903680533"/>
    <nd ref="4903680532"/>
    <nd ref="4903680531"/>
    <nd ref="4903680530"/>
    <nd ref="4903680529"/>
    <nd ref="4903680528"/>
    <nd ref="4903680527"/>
    <nd ref="11908350656"/>
    <nd ref="4903680526"/>
    <nd ref="11908350649"/>
    <nd ref="4903680525"/>
    <nd ref="4903680524"/>
    <nd ref="4903680523"/>
    <nd ref="4903680522"/>
    <nd ref="11908350648"/>
    <nd ref="4903680521"/>
    <nd ref="4903680538"/>
    <tag k="addr:city" v="Guelph"/>
    <tag k="addr:flats" v="101-118;201-219;301-319;401-419"/>
    <tag k="addr:housenumber" v="1280"/>
    <tag k="addr:postcode" v="N1L 0N6;N1L 1H3;N1H 4H6"/>
    <tag k="addr:street" v="Gordon Street"/>
    <tag k="building" v="apartments"/>
    <tag k="building:levels" v="5"/>
  </way>
  <way id="499046190" version="11" timestamp="2026-09-30T04:05:16Z" changeset="189754772" uid="24088502" user="skfd imports">
    <center lat="43.5140268" lon="-80.2005614"/>
    <nd ref="4903681176"/>
    <nd ref="4903681175"/>
    <nd ref="13149101572"/>
    <nd ref="13149101575"/>
    <nd ref="4903681174"/>
    <nd ref="4903681173"/>
    <nd ref="13149101576"/>
    <nd ref="13149101573"/>
    <nd ref="4903681172"/>
    <nd ref="4903681171"/>
    <nd ref="4903681176"/>
    <tag k="addr:city" v="Guelph"/>
    <tag k="addr:flats" v="101-125;201-227;301-327;401-427;501-527;601-627"/>
    <tag k="addr:housenumber" v="1291"/>
    <tag k="addr:postcode" v="N1L 0M5"/>
    <tag k="addr:street" v="Gordon Street"/>
    <tag k="building" v="apartments"/>
    <tag k="building:levels" v="7"/>
    <tag k="description" v="Condominium complex in Guelph, Ontario"/>
    <tag k="name" v="Solstice 1"/>
    <tag k="website" v="https://www.rentsolstice.ca/"/>
  </way>
  <way id="499049867" version="7" timestamp="2026-09-30T04:07:30Z" changeset="189754820" uid="24088502" user="skfd imports">
    <center lat="43.5164106" lon="-80.2000494"/>
    <nd ref="4903712725"/>
    <nd ref="4903712724"/>
    <nd ref="4903712723"/>
    <nd ref="4903712722"/>
    <nd ref="4903712721"/>
    <nd ref="4903711220"/>
    <nd ref="4903711219"/>
    <nd ref="4903711218"/>
    <nd ref="4903711217"/>
    <nd ref="4903711216"/>
    <nd ref="4903711215"/>
    <nd ref="4903711214"/>
    <nd ref="4903711213"/>
    <nd ref="4903711212"/>
    <nd ref="4903711211"/>
    <nd ref="4903711210"/>
    <nd ref="4903711209"/>
    <nd ref="4903711208"/>
    <nd ref="4903711207"/>
    <nd ref="4903711206"/>
    <nd ref="4903711205"/>
    <nd ref="4903711204"/>
    <nd ref="4903711203"/>
    <nd ref="4903711202"/>
    <nd ref="4903711201"/>
    <nd ref="4903711200"/>
    <nd ref="4903711199"/>
    <nd ref="4903711198"/>
    <nd ref="4903711197"/>
    <nd ref="4903711196"/>
    <nd ref="4903711195"/>
    <nd ref="4903711194"/>
    <nd ref="4903711193"/>
    <nd ref="4903711192"/>
    <nd ref="4903711191"/>
    <nd ref="4903711190"/>
    <nd ref="4903711189"/>
    <nd ref="4903711188"/>
    <nd ref="4903711187"/>
    <nd ref="4903711186"/>
    <nd ref="4903711185"/>
    <nd ref="11908350635"/>
    <nd ref="4903711184"/>
    <nd ref="4903711183"/>
    <nd ref="4903711182"/>
    <nd ref="4903711181"/>
    <nd ref="4903711180"/>
    <nd ref="11908350642"/>
    <nd ref="4903711179"/>
    <nd ref="11908350633"/>
    <nd ref="4903711178"/>
    <nd ref="4903711177"/>
    <nd ref="4903711176"/>
    <nd ref="4903711175"/>
    <nd ref="4903711174"/>
    <nd ref="4903711173"/>
    <nd ref="4903711172"/>
    <nd ref="4903711171"/>
    <nd ref="4903711170"/>
    <nd ref="4903712725"/>
    <tag k="addr:city" v="Guelph"/>
    <tag k="addr:flats" v="101-131;201-231;301-331;401-431"/>
    <tag k="addr:housenumber" v="1284"/>
    <tag k="addr:postcode" v="N1L 1H3"/>
    <tag k="addr:street" v="Gordon Street"/>
    <tag k="building" v="apartments"/>
  </way>
  <way id="502064544" version="6" timestamp="2026-09-30T04:06:19Z" changeset="189754798" uid="24088502" user="skfd imports">
    <center lat="43.5360872" lon="-80.2741951"/>
    <nd ref="4926553478"/>
    <nd ref="4926553477"/>
    <nd ref="4926553476"/>
    <nd ref="4926553475"/>
    <nd ref="4926553474"/>
    <nd ref="4926553473"/>
    <nd ref="4926553472"/>
    <nd ref="4926553471"/>
    <nd ref="4926553470"/>
    <nd ref="4926553469"/>
    <nd ref="4926553468"/>
    <nd ref="4926553467"/>
    <nd ref="4926553466"/>
    <nd ref="4926553463"/>
    <nd ref="4926553462"/>
    <nd ref="4926553461"/>
    <nd ref="4926553460"/>
    <nd ref="4926553459"/>
    <nd ref="4926553458"/>
    <nd ref="4926553457"/>
    <nd ref="4926553456"/>
    <nd ref="4926553455"/>
    <nd ref="12282603529"/>
    <nd ref="12282603530"/>
    <nd ref="12282603531"/>
    <nd ref="12282603528"/>
    <nd ref="4926553454"/>
    <nd ref="4926553453"/>
    <nd ref="4926553452"/>
    <nd ref="4926553451"/>
    <nd ref="4926553450"/>
    <nd ref="4926553449"/>
    <nd ref="4926553448"/>
    <nd ref="4926553447"/>
    <nd ref="4926553446"/>
    <nd ref="4926553445"/>
    <nd ref="4926553444"/>
    <nd ref="4926553443"/>
    <nd ref="4926553442"/>
    <nd ref="4926553441"/>
    <nd ref="4926553478"/>
    <tag k="addr:city" v="Guelph"/>
    <tag k="addr:flats" v="101-109;201-210;301-311;401-410"/>
    <tag k="addr:housenumber" v="65"/>
    <tag k="addr:postcode" v="N1H 7R9"/>
    <tag k="addr:street" v="Silvercreek Parkway North"/>
    <tag k="building" v="apartments"/>
  </way>
  <way id="502064545" version="5" timestamp="2026-09-30T04:06:19Z" changeset="189754798" uid="24088502" user="skfd imports">
    <center lat="43.5365159" lon="-80.2747068"/>
    <nd ref="4926553510"/>
    <nd ref="4926553509"/>
    <nd ref="4926553508"/>
    <nd ref="4926553507"/>
    <nd ref="4926553506"/>
    <nd ref="4926553505"/>
    <nd ref="4926553504"/>
    <nd ref="4926553503"/>
    <nd ref="4926553502"/>
    <nd ref="4926553501"/>
    <nd ref="4926553500"/>
    <nd ref="4926553499"/>
    <nd ref="4926553498"/>
    <nd ref="4926553497"/>
    <nd ref="4926553496"/>
    <nd ref="4926553495"/>
    <nd ref="4926553494"/>
    <nd ref="4926553493"/>
    <nd ref="4926553492"/>
    <nd ref="4926553491"/>
    <nd ref="4926553490"/>
    <nd ref="4926553489"/>
    <nd ref="4926553488"/>
    <nd ref="4926553487"/>
    <nd ref="4926553486"/>
    <nd ref="4926553485"/>
    <nd ref="4926553484"/>
    <nd ref="4926553483"/>
    <nd ref="4926553482"/>
    <nd ref="4926553481"/>
    <nd ref="4926553480"/>
    <nd ref="4926553479"/>
    <nd ref="4926553510"/>
    <tag k="addr:city" v="Guelph"/>
    <tag k="addr:flats" v="101-107;201-208;301-308;401-408"/>
    <tag k="addr:housenumber" v="75"/>
    <tag k="addr:postcode" v="N1H 7R9"/>
    <tag k="addr:street" v="Silvercreek Parkway North"/>
    <tag k="building" v="apartments"/>
  </way>
  <way id="502064546" version="6" timestamp="2026-09-30T04:06:19Z" changeset="189754798" uid="24088502" user="skfd imports">
    <center lat="43.5368326" lon="-80.2752124"/>
    <nd ref="4926552951"/>
    <nd ref="4926552950"/>
    <nd ref="4926553840"/>
    <nd ref="4926553839"/>
    <nd ref="4926553838"/>
    <nd ref="4926553837"/>
    <nd ref="4926553836"/>
    <nd ref="4926553835"/>
    <nd ref="4926553834"/>
    <nd ref="4926553833"/>
    <nd ref="4926553832"/>
    <nd ref="4926553831"/>
    <nd ref="4926553830"/>
    <nd ref="4926553829"/>
    <nd ref="4926553828"/>
    <nd ref="4926553827"/>
    <nd ref="4926553826"/>
    <nd ref="4926553825"/>
    <nd ref="12282642221"/>
    <nd ref="12282642220"/>
    <nd ref="12282642219"/>
    <nd ref="12282642218"/>
    <nd ref="4926553824"/>
    <nd ref="4926553821"/>
    <nd ref="4926553520"/>
    <nd ref="4926553519"/>
    <nd ref="4926553518"/>
    <nd ref="4926553517"/>
    <nd ref="4926553516"/>
    <nd ref="4926553515"/>
    <nd ref="4926553514"/>
    <nd ref="4926553511"/>
    <nd ref="12282642217"/>
    <nd ref="12282642216"/>
    <nd ref="12282642215"/>
    <nd ref="12282642214"/>
    <nd ref="4926552951"/>
    <tag k="addr:city" v="Guelph"/>
    <tag k="addr:flats" v="101-108;201-209;301-309;401-409"/>
    <tag k="addr:housenumber" v="10"/>
    <tag k="addr:postcode" v="N1H 7N6"/>
    <tag k="addr:street" v="Ajax Street"/>
    <tag k="building" v="apartments"/>
  </way>
  <way id="502064547" version="5" timestamp="2026-09-30T04:06:19Z" changeset="189754798" uid="24088502" user="skfd imports">
    <center lat="43.5372349" lon="-80.2757271"/>
    <nd ref="4926552977"/>
    <nd ref="4926552976"/>
    <nd ref="4926552975"/>
    <nd ref="4926552974"/>
    <nd ref="4926552973"/>
    <nd ref="4926552972"/>
    <nd ref="4926552971"/>
    <nd ref="4926552970"/>
    <nd ref="4926552969"/>
    <nd ref="4926552968"/>
    <nd ref="4926552967"/>
    <nd ref="4926552966"/>
    <nd ref="4926552965"/>
    <nd ref="4926552964"/>
    <nd ref="4926552963"/>
    <nd ref="4926552962"/>
    <nd ref="4926552961"/>
    <nd ref="4926552960"/>
    <nd ref="4926552959"/>
    <nd ref="4926552958"/>
    <nd ref="4926552957"/>
    <nd ref="4926552956"/>
    <nd ref="4926552955"/>
    <nd ref="4926552954"/>
    <nd ref="4926552953"/>
    <nd ref="4926552952"/>
    <nd ref="4926552977"/>
    <tag k="addr:city" v="Guelph"/>
    <tag k="addr:flats" v="104-108;205-210;306-311;406-411"/>
    <tag k="addr:housenumber" v="7"/>
    <tag k="addr:postcode" v="N1H 2A9"/>
    <tag k="addr:street" v="Ajax Street"/>
    <tag k="building" v="apartments"/>
  </way>
  <way id="502064548" version="5" timestamp="2026-09-30T04:06:19Z" changeset="189754798" uid="24088502" user="skfd imports">
    <center lat="43.5374673" lon="-80.2760209"/>
    <nd ref="4926552987"/>
    <nd ref="4926552986"/>
    <nd ref="4926552985"/>
    <nd ref="4926552984"/>
    <nd ref="4926552983"/>
    <nd ref="4926552982"/>
    <nd ref="4926552981"/>
    <nd ref="4926552980"/>
    <nd ref="4926552987"/>
    <tag k="addr:city" v="Guelph"/>
    <tag k="addr:flats" v="101-103;201-204;301-305;401-405;501-505"/>
    <tag k="addr:housenumber" v="9"/>
    <tag k="addr:postcode" v="N1H 2A9"/>
    <tag k="addr:street" v="Ajax Street"/>
    <tag k="building" v="apartments"/>
  </way>
  <way id="557515399" version="7" timestamp="2026-09-30T04:08:32Z" changeset="189754840" uid="24088502" user="skfd imports">
    <center lat="43.5356659" lon="-80.2970058"/>
    <nd ref="5376922920"/>
    <nd ref="5376922921"/>
    <nd ref="5376922922"/>
    <nd ref="5376922923"/>
    <nd ref="5376922920"/>
    <tag k="addr:city" v="Guelph"/>
    <tag k="addr:flats" v="101-108;201-208;301-308;401-408"/>
    <tag k="addr:housenumber" v="150"/>
    <tag k="addr:postcode" v="N1H 8J9"/>
    <tag k="addr:street" v="Imperial Road North"/>
    <tag k="building" v="apartments"/>
  </way>
  <way id="557515432" version="7" timestamp="2026-09-30T04:08:32Z" changeset="189754840" uid="24088502" user="skfd imports">
    <center lat="43.5360411" lon="-80.2967138"/>
    <nd ref="5376922924"/>
    <nd ref="5376922925"/>
    <nd ref="5376922926"/>
    <nd ref="5376922927"/>
    <nd ref="5376922924"/>
    <tag k="addr:city" v="Guelph"/>
    <tag k="addr:flats" v="101-108;201-208;301-308;401-408"/>
    <tag k="addr:housenumber" v="146"/>
    <tag k="addr:postcode" v="N1H 8J9"/>
    <tag k="addr:street" v="Imperial Road North"/>
    <tag k="building" v="apartments"/>
  </way>
  <way id="557515464" version="7" timestamp="2026-09-30T04:08:32Z" changeset="189754840" uid="24088502" user="skfd imports">
    <center lat="43.5362541" lon="-80.2961993"/>
    <nd ref="5376923592"/>
    <nd ref="5376923593"/>
    <nd ref="5376923594"/>
    <nd ref="5376923595"/>
    <nd ref="5376923592"/>
    <tag k="addr:city" v="Guelph"/>
    <tag k="addr:flats" v="101-108;201-208;301-308;401-408"/>
    <tag k="addr:housenumber" v="142"/>
    <tag k="addr:postcode" v="N1H 8J9"/>
    <tag k="addr:street" v="Imperial Road North"/>
    <tag k="building" v="apartments"/>
  </way>
  <way id="632319013" version="6" timestamp="2026-09-30T04:03:37Z" changeset="189754736" uid="24088502" user="skfd imports">
    <center lat="43.5554531" lon="-80.2823508"/>
    <nd ref="5970507915"/>
    <nd ref="13204169085"/>
    <nd ref="13204169084"/>
    <nd ref="5970507914"/>
    <nd ref="5970507915"/>
    <tag k="addr:city" v="Guelph"/>
    <tag k="addr:flats" v="19-20"/>
    <tag k="addr:housenumber" v="80"/>
    <tag k="addr:postcode" v="N1H 6V9"/>
    <tag k="addr:street" v="Burns Drive"/>
    <tag k="building" v="apartments"/>
  </way>
  <way id="632319014" version="6" timestamp="2026-09-30T04:03:37Z" changeset="189754736" uid="24088502" user="skfd imports">
    <center lat="43.5556853" lon="-80.2826265"/>
    <nd ref="5970507919"/>
    <nd ref="13204169093"/>
    <nd ref="13204169092"/>
    <nd ref="5970507918"/>
    <nd ref="5970507919"/>
    <tag k="addr:city" v="Guelph"/>
    <tag k="addr:flats" v="9-10"/>
    <tag k="addr:housenumber" v="86"/>
    <tag k="addr:postcode" v="N1H 6V9"/>
    <tag k="addr:street" v="Burns Drive"/>
    <tag k="building" v="apartments"/>
  </way>
  <way id="659406271" version="7" timestamp="2026-09-30T04:05:16Z" changeset="189754772" uid="24088502" user="skfd imports">
    <center lat="43.5164240" lon="-80.2037502"/>
    <nd ref="6173739474"/>
    <nd ref="6173739475"/>
    <nd ref="6173739476"/>
    <nd ref="6173739477"/>
    <nd ref="6173739478"/>
    <nd ref="6173739479"/>
    <nd ref="6173739474"/>
    <tag k="addr:city" v="Guelph"/>
    <tag k="addr:flats" v="101-108;201-211;301-315;401-415;501-515;601-613;A;B;C"/>
    <tag k="addr:housenumber" v="1219"/>
    <tag k="addr:postcode" v="N1L 0M9;N1L 1H2"/>
    <tag k="addr:street" v="Gordon Street"/>
    <tag k="building" v="apartments"/>
    <tag k="building:levels" v="5"/>
    <tag k="name" v="Solstice 2"/>
  </way>
  <way id="675436618" version="10" timestamp="2026-09-30T04:05:47Z" changeset="189754783" uid="24088502" user="skfd imports">
    <center lat="43.5460165" lon="-80.2436987"/>
    <nd ref="6325430684"/>
    <nd ref="6325430663"/>
    <nd ref="13232884000"/>
    <nd ref="13232916801"/>
    <nd ref="6325430683"/>
    <nd ref="13232916825"/>
    <nd ref="13232916826"/>
    <nd ref="13232916827"/>
    <nd ref="13232916828"/>
    <nd ref="13232916829"/>
    <nd ref="13232916830"/>
    <nd ref="6325430682"/>
    <nd ref="13232916831"/>
    <nd ref="13232916824"/>
    <nd ref="13232916823"/>
    <nd ref="13232916822"/>
    <nd ref="6325430681"/>
    <nd ref="6325430680"/>
    <nd ref="6325430679"/>
    <nd ref="13232916821"/>
    <nd ref="13232916820"/>
    <nd ref="6325430678"/>
    <nd ref="13232916819"/>
    <nd ref="13232916818"/>
    <nd ref="6325430677"/>
    <nd ref="13232916817"/>
    <nd ref="13232916816"/>
    <nd ref="13232916815"/>
    <nd ref="13232916814"/>
    <nd ref="6325430684"/>
    <tag k="addr:city" v="Guelph"/>
    <tag k="addr:flats" v="101-104;301-314;401-414;501-514;601-614;701-707;801-808;901-908;1001-1008;1101-1108;1201-1208;1301-1308;1401-1408;1501-1508;1601-1606;1701-1704;1801-1802"/>
    <tag k="addr:housenumber" v="150"/>
    <tag k="addr:postcode" v="N1H 7P5"/>
    <tag k="addr:street" v="Wellington Street East"/>
    <tag k="building" v="apartments"/>
    <tag k="building:levels" v="18"/>
    <tag k="note" v="building:levels estimated from OpenStreetCam"/>
    <tag k="roof:shape" v="flat"/>
  </way>
  <way id="741807532" version="7" timestamp="2026-09-30T04:03:47Z" changeset="189754738" uid="24088502" user="skfd imports">
    <center lat="43.5049452" lon="-80.1816846"/>
    <nd ref="6944307333"/>
    <nd ref="6944307334"/>
    <nd ref="6944307335"/>
    <nd ref="6944307336"/>
    <nd ref="6944307337"/>
    <nd ref="6944307338"/>
    <nd ref="6944307348"/>
    <nd ref="6944307349"/>
    <nd ref="6944307350"/>
    <nd ref="6944307347"/>
    <nd ref="6944307339"/>
    <nd ref="6944307340"/>
    <nd ref="6944307341"/>
    <nd ref="6944307342"/>
    <nd ref="6944307343"/>
    <nd ref="6944307344"/>
    <nd ref="6944307345"/>
    <nd ref="6944307346"/>
    <nd ref="6944307333"/>
    <tag k="addr:city" v="Guelph"/>
    <tag k="addr:flats" v="101-113;201-215;301-315;401-415;501-515;601-615;LL01-LL06"/>
    <tag k="addr:housenumber" v="7"/>
    <tag k="addr:street" v="Kay Crescent"/>
    <tag k="building" v="residential"/>
    <tag k="building:levels" v="6"/>
  </way>
  <way id="743421918" version="6" timestamp="2026-09-30T04:07:49Z" changeset="189754825" uid="24088502" user="skfd imports">
    <center lat="43.5244345" lon="-80.2198978"/>
    <nd ref="6958581977"/>
    <nd ref="6958581978"/>
    <nd ref="6958581979"/>
    <nd ref="6958581980"/>
    <nd ref="6958581977"/>
    <tag k="addr:city" v="Guelph"/>
    <tag k="addr:flats" v="1-12"/>
    <tag k="addr:housenumber" v="807"/>
    <tag k="addr:postcode" v="N1G 1Y8"/>
    <tag k="addr:street" v="Gordon Street"/>
    <tag k="building" v="apartments"/>
  </way>
  <way id="743421919" version="6" timestamp="2026-09-30T04:07:49Z" changeset="189754825" uid="24088502" user="skfd imports">
    <center lat="43.5246813" lon="-80.2195637"/>
    <nd ref="6958581981"/>
    <nd ref="6958581982"/>
    <nd ref="6958581983"/>
    <nd ref="6958581984"/>
    <nd ref="6958581981"/>
    <tag k="addr:city" v="Guelph"/>
    <tag k="addr:flats" v="1-15"/>
    <tag k="addr:housenumber" v="803"/>
    <tag k="addr:postcode" v="N1G 1Y8"/>
    <tag k="addr:street" v="Gordon Street"/>
    <tag k="building" v="apartments"/>
  </way>
  <way id="761343575" version="5" timestamp="2026-09-30T04:08:46Z" changeset="189754845" uid="24088502" user="skfd imports">
    <center lat="43.5719579" lon="-80.2684691"/>
    <nd ref="7113126637"/>
    <nd ref="7113126638"/>
    <nd ref="7113126639"/>
    <nd ref="7113126640"/>
    <nd ref="7113126641"/>
    <nd ref="7113126642"/>
    <nd ref="7113126643"/>
    <nd ref="7113126644"/>
    <nd ref="7113126645"/>
    <nd ref="7113126646"/>
    <nd ref="7113126647"/>
    <nd ref="7113126648"/>
    <nd ref="7113126649"/>
    <nd ref="7113126650"/>
    <nd ref="7113126651"/>
    <nd ref="7113126652"/>
    <nd ref="7113126637"/>
    <tag k="addr:city" v="Guelph"/>
    <tag k="addr:flats" v="11-12;14-33"/>
    <tag k="addr:housenumber" v="120"/>
    <tag k="addr:postcode" v="N1E 3K7"/>
    <tag k="addr:street" v="Country Club Drive"/>
    <tag k="building" v="terrace"/>
  </way>
  <way id="761343576" version="5" timestamp="2026-09-30T04:08:46Z" changeset="189754845" uid="24088502" user="skfd imports">
    <center lat="43.5722327" lon="-80.2688069"/>
    <nd ref="7113126654"/>
    <nd ref="7113126655"/>
    <nd ref="7113126656"/>
    <nd ref="7113126657"/>
    <nd ref="7113126658"/>
    <nd ref="7113126659"/>
    <nd ref="7113126660"/>
    <nd ref="7113126661"/>
    <nd ref="7113126662"/>
    <nd ref="7113126663"/>
    <nd ref="7113126664"/>
    <nd ref="7113126653"/>
    <nd ref="7113126654"/>
    <tag k="addr:city" v="Guelph"/>
    <tag k="addr:flats" v="1-10"/>
    <tag k="addr:housenumber" v="120"/>
    <tag k="addr:postcode" v="N1E 3K7"/>
    <tag k="addr:street" v="Country Club Drive"/>
    <tag k="building" v="terrace"/>
  </way>
  <way id="761343584" version="5" timestamp="2026-09-30T04:08:46Z" changeset="189754845" uid="24088502" user="skfd imports">
    <center lat="43.5724514" lon="-80.2693504"/>
    <nd ref="7113133907"/>
    <nd ref="7113133908"/>
    <nd ref="7113133909"/>
    <nd ref="7113133910"/>
    <nd ref="7113133907"/>
    <tag k="addr:city" v="Guelph"/>
    <tag k="addr:flats" v="58-61"/>
    <tag k="addr:housenumber" v="120"/>
    <tag k="addr:postcode" v="N1E 3K7"/>
    <tag k="addr:street" v="Country Club Drive"/>
    <tag k="building" v="terrace"/>
  </way>
  <way id="794182120" version="6" timestamp="2026-09-30T04:04:19Z" changeset="189754746" uid="24088502" user="skfd imports">
    <center lat="43.4934238" lon="-80.2188198"/>
    <nd ref="7427806571"/>
    <nd ref="7427837835"/>
    <nd ref="7427837830"/>
    <nd ref="7427837867"/>
    <nd ref="7427806571"/>
    <tag k="addr:city" v="Guelph"/>
    <tag k="addr:flats" v="1-5"/>
    <tag k="addr:housenumber" v="275"/>
    <tag k="addr:postcode" v="N1C 0A1"/>
    <tag k="addr:street" v="Hanlon Creek Boulevard"/>
    <tag k="building" v="yes"/>
    <tag k="source" v="microsoft/BuildingFootprints"/>
  </way>
  <way id="794182126" version="6" timestamp="2026-09-30T04:04:19Z" changeset="189754746" uid="24088502" user="skfd imports">
    <center lat="43.4931710" lon="-80.2193862"/>
    <nd ref="7427837800"/>
    <nd ref="7427837859"/>
    <nd ref="7427837811"/>
    <nd ref="7427806581"/>
    <nd ref="7427837800"/>
    <tag k="addr:city" v="Guelph"/>
    <tag k="addr:flats" v="1;3-5;9"/>
    <tag k="addr:housenumber" v="265"/>
    <tag k="addr:street" v="Hanlon Creek Boulevard"/>
    <tag k="building" v="yes"/>
    <tag k="source" v="microsoft/BuildingFootprints"/>
  </way>
  <way id="800638895" version="5" timestamp="2026-09-30T04:07:49Z" changeset="189754825" uid="24088502" user="skfd imports">
    <center lat="43.5214463" lon="-80.2139035"/>
    <nd ref="7488386148"/>
    <nd ref="7488386149"/>
    <nd ref="7488386150"/>
    <nd ref="7488386151"/>
    <nd ref="7488386152"/>
    <nd ref="7488386153"/>
    <nd ref="7488386154"/>
    <nd ref="7488386155"/>
    <nd ref="7488386156"/>
    <nd ref="7488386157"/>
    <nd ref="7488386158"/>
    <nd ref="7488386159"/>
    <nd ref="7488386148"/>
    <tag k="addr:city" v="Guelph"/>
    <tag k="addr:flats" v="65-68"/>
    <tag k="addr:housenumber" v="941"/>
    <tag k="addr:postcode" v="N1G 4R9"/>
    <tag k="addr:street" v="Gordon Street"/>
    <tag k="building" v="apartments"/>
  </way>
  <way id="800638896" version="5" timestamp="2026-09-30T04:07:49Z" changeset="189754825" uid="24088502" user="skfd imports">
    <center lat="43.5215773" lon="-80.2140995"/>
    <nd ref="7488386160"/>
    <nd ref="7488386161"/>
    <nd ref="7488386162"/>
    <nd ref="7488386163"/>
    <nd ref="7488386164"/>
    <nd ref="7488386165"/>
    <nd ref="7488386166"/>
    <nd ref="7488386167"/>
    <nd ref="7488386168"/>
    <nd ref="7488386169"/>
    <nd ref="7488386170"/>
    <nd ref="7488386171"/>
    <nd ref="7488386160"/>
    <tag k="addr:city" v="Guelph"/>
    <tag k="addr:flats" v="61-64"/>
    <tag k="addr:housenumber" v="941"/>
    <tag k="addr:postcode" v="N1G 4R9"/>
    <tag k="addr:street" v="Gordon Street"/>
    <tag k="building" v="apartments"/>
  </way>
  <way id="800638897" version="5" timestamp="2026-09-30T04:07:49Z" changeset="189754825" uid="24088502" user="skfd imports">
    <center lat="43.5216884" lon="-80.2143123"/>
    <nd ref="7488386172"/>
    <nd ref="7488386173"/>
    <nd ref="7488386174"/>
    <nd ref="7488386175"/>
    <nd ref="7488386176"/>
    <nd ref="7488386177"/>
    <nd ref="7488386178"/>
    <nd ref="7488386179"/>
    <nd ref="7488386180"/>
    <nd ref="7488386181"/>
    <nd ref="7488386182"/>
    <nd ref="7488386183"/>
    <nd ref="7488386172"/>
    <tag k="addr:city" v="Guelph"/>
    <tag k="addr:flats" v="57-60"/>
    <tag k="addr:housenumber" v="941"/>
    <tag k="addr:postcode" v="N1G 4R9"/>
    <tag k="addr:street" v="Gordon Street"/>
    <tag k="building" v="apartments"/>
  </way>
  <way id="800638898" version="5" timestamp="2026-09-30T04:07:49Z" changeset="189754825" uid="24088502" user="skfd imports">
    <center lat="43.5217909" lon="-80.2145366"/>
    <nd ref="7488386184"/>
    <nd ref="7488395285"/>
    <nd ref="7488395286"/>
    <nd ref="7488395287"/>
    <nd ref="7488395288"/>
    <nd ref="7488395289"/>
    <nd ref="7488395290"/>
    <nd ref="7488395291"/>
    <nd ref="7488395292"/>
    <nd ref="7488395293"/>
    <nd ref="7488395294"/>
    <nd ref="7488395295"/>
    <nd ref="7488386184"/>
    <tag k="addr:city" v="Guelph"/>
    <tag k="addr:flats" v="53-56"/>
    <tag k="addr:housenumber" v="941"/>
    <tag k="addr:postcode" v="N1G 4R9"/>
    <tag k="addr:street" v="Gordon Street"/>
    <tag k="building" v="apartments"/>
  </way>
  <way id="800638899" version="5" timestamp="2026-09-30T04:07:49Z" changeset="189754825" uid="24088502" user="skfd imports">
    <center lat="43.5218689" lon="-80.2147908"/>
    <nd ref="7488395296"/>
    <nd ref="7488395297"/>
    <nd ref="7488395298"/>
    <nd ref="7488395299"/>
    <nd ref="7488395300"/>
    <nd ref="7488395301"/>
    <nd ref="7488395302"/>
    <nd ref="7488395303"/>
    <nd ref="7488395304"/>
    <nd ref="7488395305"/>
    <nd ref="7488395306"/>
    <nd ref="7488395307"/>
    <nd ref="7488395296"/>
    <tag k="addr:city" v="Guelph"/>
    <tag k="addr:flats" v="49-52"/>
    <tag k="addr:housenumber" v="941"/>
    <tag k="addr:postcode" v="N1G 4R9"/>
    <tag k="addr:street" v="Gordon Street"/>
    <tag k="building" v="apartments"/>
  </way>
  <way id="800638900" version="5" timestamp="2026-09-30T04:07:49Z" changeset="189754825" uid="24088502" user="skfd imports">
    <center lat="43.5219794" lon="-80.2150299"/>
    <nd ref="7488395308"/>
    <nd ref="7488395309"/>
    <nd ref="7488395310"/>
    <nd ref="7488395311"/>
    <nd ref="7488395312"/>
    <nd ref="7488395313"/>
    <nd ref="7488395314"/>
    <nd ref="7488395315"/>
    <nd ref="7488395316"/>
    <nd ref="7488395317"/>
    <nd ref="7488395318"/>
    <nd ref="7488395319"/>
    <nd ref="7488395320"/>
    <nd ref="7488395321"/>
    <nd ref="7488395308"/>
    <tag k="addr:city" v="Guelph"/>
    <tag k="addr:flats" v="45-48"/>
    <tag k="addr:housenumber" v="941"/>
    <tag k="addr:postcode" v="N1G 4R9"/>
    <tag k="addr:street" v="Gordon Street"/>
    <tag k="building" v="apartments"/>
  </way>
  <way id="800638901" version="5" timestamp="2026-09-30T04:07:49Z" changeset="189754825" uid="24088502" user="skfd imports">
    <center lat="43.5220887" lon="-80.2152764"/>
    <nd ref="7488395322"/>
    <nd ref="7488395323"/>
    <nd ref="7488395324"/>
    <nd ref="7488395325"/>
    <nd ref="7488395326"/>
    <nd ref="7488395327"/>
    <nd ref="7488395328"/>
    <nd ref="7488395329"/>
    <nd ref="7488395330"/>
    <nd ref="7488395331"/>
    <nd ref="7488395332"/>
    <nd ref="7488395333"/>
    <nd ref="7488395334"/>
    <nd ref="7488395335"/>
    <nd ref="7488395322"/>
    <tag k="addr:city" v="Guelph"/>
    <tag k="addr:flats" v="41-44"/>
    <tag k="addr:housenumber" v="941"/>
    <tag k="addr:postcode" v="N1G 4R9"/>
    <tag k="addr:street" v="Gordon Street"/>
    <tag k="building" v="apartments"/>
  </way>
  <way id="800638902" version="5" timestamp="2026-09-30T04:07:49Z" changeset="189754825" uid="24088502" user="skfd imports">
    <center lat="43.5222019" lon="-80.2155087"/>
    <nd ref="7488395336"/>
    <nd ref="7488395337"/>
    <nd ref="7488395338"/>
    <nd ref="7488395339"/>
    <nd ref="7488395340"/>
    <nd ref="7488395341"/>
    <nd ref="7488395342"/>
    <nd ref="7488395343"/>
    <nd ref="7488395344"/>
    <nd ref="7488395345"/>
    <nd ref="7488395346"/>
    <nd ref="7488395347"/>
    <nd ref="7488395336"/>
    <tag k="addr:city" v="Guelph"/>
    <tag k="addr:flats" v="37-40"/>
    <tag k="addr:housenumber" v="941"/>
    <tag k="addr:postcode" v="N1G 4R9"/>
    <tag k="addr:street" v="Gordon Street"/>
    <tag k="building" v="apartments"/>
  </way>
  <way id="800638903" version="5" timestamp="2026-09-30T04:07:49Z" changeset="189754825" uid="24088502" user="skfd imports">
    <center lat="43.5219164" lon="-80.2158563"/>
    <nd ref="7488395348"/>
    <nd ref="7488395349"/>
    <nd ref="7488395350"/>
    <nd ref="7488395351"/>
    <nd ref="7488395352"/>
    <nd ref="7488395353"/>
    <nd ref="7488395354"/>
    <nd ref="7488395355"/>
    <nd ref="7488395356"/>
    <nd ref="7488395357"/>
    <nd ref="7488395358"/>
    <nd ref="7488395359"/>
    <nd ref="7488395348"/>
    <tag k="addr:city" v="Guelph"/>
    <tag k="addr:flats" v="21-24"/>
    <tag k="addr:housenumber" v="941"/>
    <tag k="addr:postcode" v="N1G 4R9"/>
    <tag k="addr:street" v="Gordon Street"/>
    <tag k="building" v="apartments"/>
  </way>
  <way id="800638904" version="5" timestamp="2026-09-30T04:07:49Z" changeset="189754825" uid="24088502" user="skfd imports">
    <center lat="43.5220122" lon="-80.2162014"/>
    <nd ref="7488395360"/>
    <nd ref="7488395361"/>
    <nd ref="7488395362"/>
    <nd ref="7488395363"/>
    <nd ref="7488395364"/>
    <nd ref="7488395365"/>
    <nd ref="7488395366"/>
    <nd ref="7488395367"/>
    <nd ref="7488395368"/>
    <nd ref="7488395369"/>
    <nd ref="7488395360"/>
    <tag k="addr:city" v="Guelph"/>
    <tag k="addr:flats" v="17-20"/>
    <tag k="addr:housenumber" v="941"/>
    <tag k="addr:postcode" v="N1G 4R9"/>
    <tag k="addr:street" v="Gordon Street"/>
    <tag k="building" v="apartments"/>
  </way>
  <way id="800638905" version="5" timestamp="2026-09-30T04:07:49Z" changeset="189754825" uid="24088502" user="skfd imports">
    <center lat="43.5225245" lon="-80.2157289"/>
    <nd ref="7488395370"/>
    <nd ref="7488395371"/>
    <nd ref="7488395372"/>
    <nd ref="7488395373"/>
    <nd ref="7488395374"/>
    <nd ref="7488395375"/>
    <nd ref="7488395376"/>
    <nd ref="7488395377"/>
    <nd ref="7488395378"/>
    <nd ref="7488395379"/>
    <nd ref="7488395380"/>
    <nd ref="7488395381"/>
    <nd ref="7488395370"/>
    <tag k="addr:city" v="Guelph"/>
    <tag k="addr:flats" v="13-16"/>
    <tag k="addr:housenumber" v="941"/>
    <tag k="addr:postcode" v="N1G 4R9"/>
    <tag k="addr:street" v="Gordon Street"/>
    <tag k="building" v="apartments"/>
  </way>
  <way id="800638906" version="5" timestamp="2026-09-30T04:07:49Z" changeset="189754825" uid="24088502" user="skfd imports">
    <center lat="43.5226798" lon="-80.2155581"/>
    <nd ref="7488395382"/>
    <nd ref="7488395383"/>
    <nd ref="7488395384"/>
    <nd ref="7488395385"/>
    <nd ref="7488395386"/>
    <nd ref="7488395387"/>
    <nd ref="7488395388"/>
    <nd ref="7488395389"/>
    <nd ref="7488395390"/>
    <nd ref="7488395391"/>
    <nd ref="7488395392"/>
    <nd ref="7488395393"/>
    <nd ref="7488395382"/>
    <tag k="addr:city" v="Guelph"/>
    <tag k="addr:flats" v="9-12"/>
    <tag k="addr:housenumber" v="941"/>
    <tag k="addr:postcode" v="N1G 4R9"/>
    <tag k="addr:street" v="Gordon Street"/>
    <tag k="building" v="apartments"/>
  </way>
  <way id="800638907" version="5" timestamp="2026-09-30T04:07:49Z" changeset="189754825" uid="24088502" user="skfd imports">
    <center lat="43.5228197" lon="-80.2153680"/>
    <nd ref="7488395394"/>
    <nd ref="7488395395"/>
    <nd ref="7488395396"/>
    <nd ref="7488395397"/>
    <nd ref="7488395398"/>
    <nd ref="7488395399"/>
    <nd ref="7488395400"/>
    <nd ref="7488395401"/>
    <nd ref="7488395402"/>
    <nd ref="7488395403"/>
    <nd ref="7488395404"/>
    <nd ref="7488395405"/>
    <nd ref="7488395394"/>
    <tag k="addr:city" v="Guelph"/>
    <tag k="addr:flats" v="5-8"/>
    <tag k="addr:housenumber" v="941"/>
    <tag k="addr:postcode" v="N1G 4R9"/>
    <tag k="addr:street" v="Gordon Street"/>
    <tag k="building" v="apartments"/>
  </way>
  <way id="800638908" version="5" timestamp="2026-09-30T04:07:49Z" changeset="189754825" uid="24088502" user="skfd imports">
    <center lat="43.5229633" lon="-80.2151697"/>
    <nd ref="7488395406"/>
    <nd ref="7488395407"/>
    <nd ref="7488395408"/>
    <nd ref="7488395409"/>
    <nd ref="7488395406"/>
    <tag k="addr:city" v="Guelph"/>
    <tag k="addr:flats" v="1-4"/>
    <tag k="addr:housenumber" v="941"/>
    <tag k="addr:postcode" v="N1G 4R9"/>
    <tag k="addr:street" v="Gordon Street"/>
    <tag k="building" v="apartments"/>
  </way>
  <way id="800638909" version="5" timestamp="2026-09-30T04:07:49Z" changeset="189754825" uid="24088502" user="skfd imports">
    <center lat="43.5227393" lon="-80.2146925"/>
    <nd ref="7488395410"/>
    <nd ref="7488395411"/>
    <nd ref="7488395412"/>
    <nd ref="7488395413"/>
    <nd ref="7488395414"/>
    <nd ref="7488395415"/>
    <nd ref="7488395416"/>
    <nd ref="7488395417"/>
    <nd ref="7488395418"/>
    <nd ref="7488395419"/>
    <nd ref="7488395420"/>
    <nd ref="7488395421"/>
    <nd ref="7488395410"/>
    <tag k="addr:city" v="Guelph"/>
    <tag k="addr:flats" v="33-36"/>
    <tag k="addr:housenumber" v="941"/>
    <tag k="addr:postcode" v="N1G 4R9"/>
    <tag k="addr:street" v="Gordon Street"/>
    <tag k="building" v="apartments"/>
  </way>
  <way id="800638910" version="5" timestamp="2026-09-30T04:07:49Z" changeset="189754825" uid="24088502" user="skfd imports">
    <center lat="43.5225923" lon="-80.2149017"/>
    <nd ref="7488395422"/>
    <nd ref="7488395423"/>
    <nd ref="7488395424"/>
    <nd ref="7488395425"/>
    <nd ref="7488395426"/>
    <nd ref="7488395427"/>
    <nd ref="7488395428"/>
    <nd ref="7488395429"/>
    <nd ref="7488395430"/>
    <nd ref="7488395431"/>
    <nd ref="7488395432"/>
    <nd ref="7488395433"/>
    <nd ref="7488395422"/>
    <tag k="addr:city" v="Guelph"/>
    <tag k="addr:flats" v="29-32"/>
    <tag k="addr:housenumber" v="941"/>
    <tag k="addr:postcode" v="N1G 4R9"/>
    <tag k="addr:street" v="Gordon Street"/>
    <tag k="building" v="apartments"/>
  </way>
  <way id="800638911" version="5" timestamp="2026-09-30T04:07:49Z" changeset="189754825" uid="24088502" user="skfd imports">
    <center lat="43.5224535" lon="-80.2150875"/>
    <nd ref="7488395434"/>
    <nd ref="7488395435"/>
    <nd ref="7488395436"/>
    <nd ref="7488395437"/>
    <nd ref="7488395438"/>
    <nd ref="7488395439"/>
    <nd ref="7488395440"/>
    <nd ref="7488395441"/>
    <nd ref="7488395442"/>
    <nd ref="7488395443"/>
    <nd ref="7488395444"/>
    <nd ref="7488395445"/>
    <nd ref="7488395434"/>
    <tag k="addr:city" v="Guelph"/>
    <tag k="addr:flats" v="25-28"/>
    <tag k="addr:housenumber" v="941"/>
    <tag k="addr:postcode" v="N1G 4R9"/>
    <tag k="addr:street" v="Gordon Street"/>
    <tag k="building" v="apartments"/>
  </way>
  <way id="800638912" version="5" timestamp="2026-09-30T04:07:49Z" changeset="189754825" uid="24088502" user="skfd imports">
    <center lat="43.5222906" lon="-80.2146652"/>
    <nd ref="7488395446"/>
    <nd ref="7488395447"/>
    <nd ref="7488395448"/>
    <nd ref="7488395449"/>
    <nd ref="7488395450"/>
    <nd ref="7488395451"/>
    <nd ref="7488395452"/>
    <nd ref="7488395453"/>
    <nd ref="7488395454"/>
    <nd ref="7488395455"/>
    <nd ref="7488395446"/>
    <tag k="addr:city" v="Guelph"/>
    <tag k="addr:flats" v="69-72"/>
    <tag k="addr:housenumber" v="941"/>
    <tag k="addr:postcode" v="N1G 4R9"/>
    <tag k="addr:street" v="Gordon Street"/>
    <tag k="building" v="apartments"/>
  </way>
  <way id="801555970" version="7" timestamp="2026-09-30T04:05:16Z" changeset="189754772" uid="24088502" user="skfd imports">
    <center lat="43.5198204" lon="-80.2087261"/>
    <nd ref="7497161045"/>
    <nd ref="10751970627"/>
    <nd ref="10751970626"/>
    <nd ref="10751970625"/>
    <nd ref="10751970624"/>
    <nd ref="10751970621"/>
    <nd ref="10751970622"/>
    <nd ref="10751970623"/>
    <nd ref="10751970620"/>
    <nd ref="7497161046"/>
    <nd ref="10751970640"/>
    <nd ref="10751970642"/>
    <nd ref="10751970643"/>
    <nd ref="10751970641"/>
    <nd ref="7497161047"/>
    <nd ref="10751970639"/>
    <nd ref="10751970638"/>
    <nd ref="10751970637"/>
    <nd ref="10751970636"/>
    <nd ref="10751970635"/>
    <nd ref="10751970634"/>
    <nd ref="10751970633"/>
    <nd ref="10751970632"/>
    <nd ref="7497161048"/>
    <nd ref="10751970631"/>
    <nd ref="10751970630"/>
    <nd ref="10751970629"/>
    <nd ref="10751970628"/>
    <nd ref="7497161045"/>
    <tag k="addr:city" v="Guelph"/>
    <tag k="addr:flats" v="101-111;201-211;301-311;401-411"/>
    <tag k="addr:housenumber" v="1083"/>
    <tag k="addr:postcode" v="N1L 1H2;N1G 0E3;N1G 0E8"/>
    <tag k="addr:street" v="Gordon Street"/>
    <tag k="building" v="apartments"/>
    <tag k="building:levels" v="4"/>
    <tag k="source" v="microsoft/BuildingFootprints"/>
  </way>
  <way id="801555971" version="6" timestamp="2026-09-30T04:05:16Z" changeset="189754772" uid="24088502" user="skfd imports">
    <center lat="43.5192262" lon="-80.2094783"/>
    <nd ref="7497161049"/>
    <nd ref="7497161050"/>
    <nd ref="7497161051"/>
    <nd ref="7497161052"/>
    <nd ref="7497161053"/>
    <nd ref="7497161054"/>
    <nd ref="7497161049"/>
    <tag k="addr:city" v="Guelph"/>
    <tag k="addr:flats" v="112-142;212-242;312-342;412-442"/>
    <tag k="addr:housenumber" v="1077"/>
    <tag k="addr:street" v="Gordon Street"/>
    <tag k="building" v="apartments"/>
    <tag k="building:levels" v="4"/>
    <tag k="source" v="microsoft/BuildingFootprints"/>
  </way>
  <way id="801566989" version="5" timestamp="2026-09-30T04:07:09Z" changeset="189754813" uid="24088502" user="skfd imports">
    <center lat="43.5176548" lon="-80.2438118"/>
    <nd ref="7497285433"/>
    <nd ref="7497285434"/>
    <nd ref="12481287881"/>
    <nd ref="7497285435"/>
    <nd ref="7497285436"/>
    <nd ref="12481287883"/>
    <nd ref="7497285433"/>
    <tag k="addr:city" v="Guelph"/>
    <tag k="addr:flats" v="344;354"/>
    <tag k="addr:housenumber" v="224"/>
    <tag k="addr:postcode" v="N1G 2L6"/>
    <tag k="addr:street" v="Janefield Avenue"/>
    <tag k="building" v="house"/>
    <tag k="source" v="microsoft/BuildingFootprints"/>
  </way>
  <way id="801566997" version="7" timestamp="2026-09-30T04:07:09Z" changeset="189754813" uid="24088502" user="skfd imports">
    <center lat="43.5171053" lon="-80.2425901"/>
    <nd ref="12480956159"/>
    <nd ref="12480956160"/>
    <nd ref="12480956155"/>
    <nd ref="12480956154"/>
    <nd ref="7497285466"/>
    <nd ref="12480968403"/>
    <nd ref="12480968404"/>
    <nd ref="12480968405"/>
    <nd ref="12480968402"/>
    <nd ref="7497285465"/>
    <nd ref="12480956169"/>
    <nd ref="12480956170"/>
    <nd ref="12480956171"/>
    <nd ref="12480956172"/>
    <nd ref="12480956173"/>
    <nd ref="12480956174"/>
    <nd ref="12480956167"/>
    <nd ref="12480956168"/>
    <nd ref="12480956162"/>
    <nd ref="12480956161"/>
    <nd ref="12480956159"/>
    <tag k="addr:city" v="Guelph"/>
    <tag k="addr:flats" v="109-118;209-218"/>
    <tag k="addr:housenumber" v="456"/>
    <tag k="addr:postcode" v="N1G 4R8"/>
    <tag k="addr:street" v="Janefield Avenue"/>
    <tag k="building" v="apartments"/>
    <tag k="source" v="microsoft/BuildingFootprints"/>
  </way>
  <way id="801567001" version="5" timestamp="2026-09-30T04:07:09Z" changeset="189754813" uid="24088502" user="skfd imports">
    <center lat="43.5166691" lon="-80.2422769"/>
    <nd ref="7497285487"/>
    <nd ref="7497285488"/>
    <nd ref="7497285489"/>
    <nd ref="7497285490"/>
    <nd ref="7497285487"/>
    <tag k="addr:city" v="Guelph"/>
    <tag k="addr:flats" v="127-134;227-234"/>
    <tag k="addr:housenumber" v="460"/>
    <tag k="addr:postcode" v="N1G 4R8"/>
    <tag k="addr:street" v="Janefield Avenue"/>
    <tag k="building" v="terrace"/>
    <tag k="source" v="microsoft/BuildingFootprints"/>
  </way>
  <way id="801612614" version="8" timestamp="2026-09-30T04:07:49Z" changeset="189754825" uid="24088502" user="skfd imports">
    <center lat="43.5111395" lon="-80.2392453"/>
    <nd ref="7497798583"/>
    <nd ref="12673643355"/>
    <nd ref="12673643354"/>
    <nd ref="12673643353"/>
    <nd ref="12673643352"/>
    <nd ref="7497798584"/>
    <nd ref="12673661536"/>
    <nd ref="7497809485"/>
    <nd ref="7497809486"/>
    <nd ref="12673643367"/>
    <nd ref="12673643366"/>
    <nd ref="7497809487"/>
    <nd ref="12673643365"/>
    <nd ref="12673643364"/>
    <nd ref="12673643363"/>
    <nd ref="12673643362"/>
    <nd ref="12673643361"/>
    <nd ref="12673643360"/>
    <nd ref="7497809488"/>
    <nd ref="12673643359"/>
    <nd ref="12673643358"/>
    <nd ref="12673643357"/>
    <nd ref="12673643356"/>
    <nd ref="7497798583"/>
    <tag k="addr:city" v="Guelph"/>
    <tag k="addr:flats" v="101-107;201-207;301-308;401-408;501-508;601-608;701-708"/>
    <tag k="addr:housenumber" v="8"/>
    <tag k="addr:postcode" v="N1G 4N7"/>
    <tag k="addr:street" v="Christopher Court"/>
    <tag k="building" v="apartments"/>
    <tag k="building:levels" v="7"/>
    <tag k="source" v="microsoft/BuildingFootprints"/>
  </way>
  <way id="801652218" version="6" timestamp="2026-09-30T04:07:30Z" changeset="189754820" uid="24088502" user="skfd imports">
    <center lat="43.5321538" lon="-80.2137970"/>
    <nd ref="13997967627"/>
    <nd ref="13997967626"/>
    <nd ref="13997967625"/>
    <nd ref="13997967624"/>
    <nd ref="13997967623"/>
    <nd ref="7498170949"/>
    <nd ref="13997967632"/>
    <nd ref="7498170948"/>
    <nd ref="7498170941"/>
    <nd ref="13997967633"/>
    <nd ref="13997967621"/>
    <nd ref="13997967622"/>
    <nd ref="7498170947"/>
    <nd ref="7498170946"/>
    <nd ref="7498170942"/>
    <nd ref="7498170943"/>
    <nd ref="7498170944"/>
    <nd ref="7498170945"/>
    <nd ref="13997967627"/>
    <tag k="addr:city" v="Guelph"/>
    <tag k="addr:flats" v="D101-D112;D201-D212;D301-D312;D401-D409"/>
    <tag k="addr:housenumber" v="71"/>
    <tag k="addr:postcode" v="N1G 4X7"/>
    <tag k="addr:street" v="Bayberry Drive"/>
    <tag k="building" v="yes"/>
    <tag k="source" v="microsoft/BuildingFootprints"/>
  </way>
  <way id="801657260" version="5" timestamp="2026-09-30T04:09:44Z" changeset="189754862" uid="24088502" user="skfd imports">
    <center lat="43.5113039" lon="-80.1959021"/>
    <nd ref="7498219803"/>
    <nd ref="7498219804"/>
    <nd ref="7498219805"/>
    <nd ref="7498219806"/>
    <nd ref="7498219807"/>
    <nd ref="7498219808"/>
    <nd ref="7498219809"/>
    <nd ref="7498219810"/>
    <nd ref="7498219811"/>
    <nd ref="7498219812"/>
    <nd ref="7498219803"/>
    <tag k="addr:city" v="Guelph"/>
    <tag k="addr:flats" v="101-122;201-223;301-323;401-423"/>
    <tag k="addr:housenumber" v="1440"/>
    <tag k="addr:street" v="Gordon Street"/>
    <tag k="building" v="yes"/>
  </way>
  <way id="802121047" version="5" timestamp="2026-09-30T04:03:37Z" changeset="189754736" uid="24088502" user="skfd imports">
    <center lat="43.5488775" lon="-80.3055030"/>
    <nd ref="7502870428"/>
    <nd ref="7502870429"/>
    <nd ref="7502870430"/>
    <nd ref="7502870431"/>
    <nd ref="7502870428"/>
    <tag k="addr:city" v="Guelph"/>
    <tag k="addr:flats" v="1-6"/>
    <tag k="addr:housenumber" v="27"/>
    <tag k="addr:postcode" v="N1K 1N4"/>
    <tag k="addr:street" v="Monarch Road"/>
    <tag k="building" v="yes"/>
    <tag k="source" v="microsoft/BuildingFootprints"/>
  </way>
  <way id="802123324" version="5" timestamp="2026-09-30T04:02:53Z" changeset="189754722" uid="24088502" user="skfd imports">
    <center lat="43.5578411" lon="-80.2814531"/>
    <nd ref="13204173606"/>
    <nd ref="7502894220"/>
    <nd ref="7502894221"/>
    <nd ref="7502894217"/>
    <nd ref="13204173607"/>
    <nd ref="13204173606"/>
    <tag k="addr:city" v="Guelph"/>
    <tag k="addr:flats" v="45-48"/>
    <tag k="addr:housenumber" v="19"/>
    <tag k="addr:postcode" v="N1H 7C3"/>
    <tag k="addr:street" v="Burns Drive"/>
    <tag k="building" v="yes"/>
    <tag k="source" v="microsoft/BuildingFootprints"/>
  </way>
  <way id="802123325" version="5" timestamp="2026-09-30T04:02:53Z" changeset="189754722" uid="24088502" user="skfd imports">
    <center lat="43.5581935" lon="-80.2811607"/>
    <nd ref="7502894228"/>
    <nd ref="13204173611"/>
    <nd ref="13204173610"/>
    <nd ref="7502894227"/>
    <nd ref="7502894228"/>
    <tag k="addr:city" v="Guelph"/>
    <tag k="addr:flats" v="29-34"/>
    <tag k="addr:housenumber" v="17"/>
    <tag k="addr:postcode" v="N1H 7C3"/>
    <tag k="addr:street" v="Burns Drive"/>
    <tag k="building" v="yes"/>
    <tag k="source" v="microsoft/BuildingFootprints"/>
  </way>
  <way id="802123326" version="5" timestamp="2026-09-30T04:02:53Z" changeset="189754722" uid="24088502" user="skfd imports">
    <center lat="43.5583115" lon="-80.2809998"/>
    <nd ref="7502894229"/>
    <nd ref="13204173609"/>
    <nd ref="13204173608"/>
    <nd ref="7502894232"/>
    <nd ref="7502894229"/>
    <tag k="addr:city" v="Guelph"/>
    <tag k="addr:flats" v="25-28"/>
    <tag k="addr:housenumber" v="15"/>
    <tag k="addr:postcode" v="N1H 7C3"/>
    <tag k="addr:street" v="Burns Drive"/>
    <tag k="building" v="yes"/>
    <tag k="source" v="microsoft/BuildingFootprints"/>
  </way>
  <way id="802123327" version="5" timestamp="2026-09-30T04:02:53Z" changeset="189754722" uid="24088502" user="skfd imports">
    <center lat="43.5581717" lon="-80.2806615"/>
    <nd ref="7502894236"/>
    <nd ref="13204173605"/>
    <nd ref="13204173604"/>
    <nd ref="7502894235"/>
    <nd ref="7502894236"/>
    <tag k="addr:city" v="Guelph"/>
    <tag k="addr:flats" v="65-70"/>
    <tag k="addr:housenumber" v="9"/>
    <tag k="addr:postcode" v="N1H 7C3"/>
    <tag k="addr:street" v="Burns Drive"/>
    <tag k="building" v="yes"/>
    <tag k="source" v="microsoft/BuildingFootprints"/>
  </way>
  <way id="802123328" version="5" timestamp="2026-09-30T04:02:53Z" changeset="189754722" uid="24088502" user="skfd imports">
    <center lat="43.5583572" lon="-80.2804451"/>
    <nd ref="7502894240"/>
    <nd ref="13204169099"/>
    <nd ref="13204169098"/>
    <nd ref="7502894239"/>
    <nd ref="7502894240"/>
    <tag k="addr:city" v="Guelph"/>
    <tag k="addr:flats" v="9-12"/>
    <tag k="addr:housenumber" v="3"/>
    <tag k="addr:postcode" v="N1H 7C3"/>
    <tag k="addr:street" v="Burns Drive"/>
    <tag k="building" v="yes"/>
    <tag k="source" v="microsoft/BuildingFootprints"/>
  </way>
  <way id="802123329" version="5" timestamp="2026-09-30T04:02:53Z" changeset="189754722" uid="24088502" user="skfd imports">
    <center lat="43.5585305" lon="-80.2806787"/>
    <nd ref="7502894244"/>
    <nd ref="13204173601"/>
    <nd ref="13204169100"/>
    <nd ref="7502894243"/>
    <nd ref="7502894244"/>
    <tag k="addr:city" v="Guelph"/>
    <tag k="addr:flats" v="17-20"/>
    <tag k="addr:housenumber" v="11"/>
    <tag k="addr:postcode" v="N1H 7C3"/>
    <tag k="addr:street" v="Burns Drive"/>
    <tag k="building" v="yes"/>
    <tag k="source" v="microsoft/BuildingFootprints"/>
  </way>
  <way id="802123351" version="7" timestamp="2026-09-30T04:05:47Z" changeset="189754783" uid="24088502" user="skfd imports">
    <center lat="43.5322689" lon="-80.2580948"/>
    <nd ref="7502894346"/>
    <nd ref="10809292461"/>
    <nd ref="10809292460"/>
    <nd ref="10809292459"/>
    <nd ref="10809292458"/>
    <nd ref="7502894347"/>
    <nd ref="10809292457"/>
    <nd ref="7502894348"/>
    <nd ref="7502894349"/>
    <nd ref="12306942652"/>
    <nd ref="7502894350"/>
    <nd ref="10809292456"/>
    <nd ref="7502894351"/>
    <nd ref="7502894352"/>
    <nd ref="10809292455"/>
    <nd ref="10809292454"/>
    <nd ref="10809292453"/>
    <nd ref="10809292452"/>
    <nd ref="10809292451"/>
    <nd ref="10809292450"/>
    <nd ref="10809292449"/>
    <nd ref="10809292448"/>
    <nd ref="7502894353"/>
    <nd ref="10809292465"/>
    <nd ref="10809292467"/>
    <nd ref="10809292466"/>
    <nd ref="10809292464"/>
    <nd ref="10809292463"/>
    <nd ref="10809292462"/>
    <nd ref="7502894346"/>
    <tag k="addr:city" v="Guelph"/>
    <tag k="addr:flats" v="201-206;301-306;401-406;501-506;601-604"/>
    <tag k="addr:housenumber" v="283"/>
    <tag k="addr:postcode" v="N1H 3M5"/>
    <tag k="addr:street" v="Bristol Street"/>
    <tag k="building" v="apartments"/>
    <tag k="building:flats" v="28"/>
    <tag k="building:levels" v="6"/>
    <tag k="name" v="Bristol Apartments"/>
    <tag k="source" v="microsoft/BuildingFootprints"/>
    <tag k="start_date" v="1999"/>
  </way>
  <way id="802123352" version="7" timestamp="2026-09-30T04:05:47Z" changeset="189754783" uid="24088502" user="skfd imports">
    <center lat="43.5325462" lon="-80.2577838"/>
    <nd ref="7502894354"/>
    <nd ref="10809292483"/>
    <nd ref="10809292482"/>
    <nd ref="7502894355"/>
    <nd ref="10809292487"/>
    <nd ref="10809292486"/>
    <nd ref="7502894356"/>
    <nd ref="7502894357"/>
    <nd ref="10809292488"/>
    <nd ref="10809292489"/>
    <nd ref="10809292490"/>
    <nd ref="10809292493"/>
    <nd ref="7502894358"/>
    <nd ref="7502894359"/>
    <nd ref="10809292496"/>
    <nd ref="10809292497"/>
    <nd ref="10809292498"/>
    <nd ref="10809292499"/>
    <nd ref="12306997475"/>
    <nd ref="10809292500"/>
    <nd ref="10809292501"/>
    <nd ref="10809292502"/>
    <nd ref="10809292503"/>
    <nd ref="10809292504"/>
    <nd ref="10809334705"/>
    <nd ref="10809292495"/>
    <nd ref="10809292494"/>
    <nd ref="10809292485"/>
    <nd ref="10809292484"/>
    <nd ref="7502894354"/>
    <tag k="addr:city" v="Guelph"/>
    <tag k="addr:flats" v="201-204;301-304;401-404;501-504;601-604;701-704;801-804"/>
    <tag k="addr:housenumber" v="281"/>
    <tag k="addr:postcode" v="N1H 8J3"/>
    <tag k="addr:street" v="Bristol Street"/>
    <tag k="building" v="apartments"/>
    <tag k="building:flats" v="32"/>
    <tag k="building:levels" v="8"/>
    <tag k="name" v="Parkview Terrace"/>
    <tag k="source" v="microsoft/BuildingFootprints"/>
    <tag k="start_date" v="1993"/>
  </way>
  <way id="802124534" version="6" timestamp="2026-09-30T04:08:46Z" changeset="189754845" uid="24088502" user="skfd imports">
    <center lat="43.5631700" lon="-80.2720172"/>
    <nd ref="7502909493"/>
    <nd ref="7502909494"/>
    <nd ref="7502909495"/>
    <nd ref="7502909496"/>
    <nd ref="7502909493"/>
    <tag k="addr:city" v="Guelph"/>
    <tag k="addr:flats" v="101-105;201-206;301-306"/>
    <tag k="addr:housenumber" v="16"/>
    <tag k="addr:street" v="Marilyn Drive"/>
    <tag k="building" v="apartments"/>
    <tag k="source" v="microsoft/BuildingFootprints"/>
  </way>
  <way id="802125026" version="5" timestamp="2026-09-30T04:08:46Z" changeset="189754845" uid="24088502" user="skfd imports">
    <center lat="43.5594569" lon="-80.2582917"/>
    <nd ref="7502909355"/>
    <nd ref="7502909356"/>
    <nd ref="7502909357"/>
    <nd ref="7502909358"/>
    <nd ref="7502909355"/>
    <tag k="addr:city" v="Guelph"/>
    <tag k="addr:flats" v="1-8"/>
    <tag k="addr:housenumber" v="2"/>
    <tag k="addr:postcode" v="N1E 1W2"/>
    <tag k="addr:street" v="Sunnylea Crescent"/>
    <tag k="building" v="yes"/>
    <tag k="source" v="microsoft/BuildingFootprints"/>
  </way>
  <way id="802125027" version="5" timestamp="2026-09-30T04:08:46Z" changeset="189754845" uid="24088502" user="skfd imports">
    <center lat="43.5595720" lon="-80.2578750"/>
    <nd ref="7502909359"/>
    <nd ref="7502909360"/>
    <nd ref="7502909361"/>
    <nd ref="7502909362"/>
    <nd ref="7502909359"/>
    <tag k="addr:city" v="Guelph"/>
    <tag k="addr:flats" v="1-8"/>
    <tag k="addr:housenumber" v="4"/>
    <tag k="addr:postcode" v="N1E 1W2"/>
    <tag k="addr:street" v="Sunnylea Crescent"/>
    <tag k="building" v="yes"/>
    <tag k="source" v="microsoft/BuildingFootprints"/>
  </way>
  <way id="802125028" version="5" timestamp="2026-09-30T04:08:46Z" changeset="189754845" uid="24088502" user="skfd imports">
    <center lat="43.5596898" lon="-80.2586256"/>
    <nd ref="7502909363"/>
    <nd ref="7502909364"/>
    <nd ref="7502909365"/>
    <nd ref="7502909366"/>
    <nd ref="7502909363"/>
    <tag k="addr:city" v="Guelph"/>
    <tag k="addr:flats" v="1-8"/>
    <tag k="addr:housenumber" v="1"/>
    <tag k="addr:postcode" v="N1E 1W1"/>
    <tag k="addr:street" v="Sunnylea Crescent"/>
    <tag k="building" v="yes"/>
    <tag k="source" v="microsoft/BuildingFootprints"/>
  </way>
  <way id="802125029" version="5" timestamp="2026-09-30T04:08:46Z" changeset="189754845" uid="24088502" user="skfd imports">
    <center lat="43.5599974" lon="-80.2584658"/>
    <nd ref="7502909367"/>
    <nd ref="7502909368"/>
    <nd ref="7502909369"/>
    <nd ref="7502909370"/>
    <nd ref="7502909367"/>
    <tag k="addr:city" v="Guelph"/>
    <tag k="addr:flats" v="1-8"/>
    <tag k="addr:housenumber" v="3"/>
    <tag k="addr:postcode" v="N1E 1W1"/>
    <tag k="addr:street" v="Sunnylea Crescent"/>
    <tag k="building" v="yes"/>
    <tag k="source" v="microsoft/BuildingFootprints"/>
  </way>
  <way id="802528770" version="5" timestamp="2026-09-30T04:04:02Z" changeset="189754744" uid="24088502" user="skfd imports">
    <center lat="43.5098440" lon="-80.2537620"/>
    <nd ref="7506896633"/>
    <nd ref="7506896634"/>
    <nd ref="7506896635"/>
    <nd ref="7506896636"/>
    <nd ref="7506896637"/>
    <nd ref="7506896638"/>
    <nd ref="7506896639"/>
    <nd ref="7506896640"/>
    <nd ref="7506896641"/>
    <nd ref="7506896642"/>
    <nd ref="7506896643"/>
    <nd ref="7506896644"/>
    <nd ref="7506896633"/>
    <tag k="addr:city" v="Guelph"/>
    <tag k="addr:flats" v="101-107;201-208;301-308"/>
    <tag k="addr:housenumber" v="53"/>
    <tag k="addr:postcode" v="N1G 2V5"/>
    <tag k="addr:street" v="Conroy Crescent"/>
    <tag k="building" v="yes"/>
    <tag k="source" v="microsoft/BuildingFootprints"/>
  </way>
  <way id="802528771" version="5" timestamp="2026-09-30T04:04:02Z" changeset="189754744" uid="24088502" user="skfd imports">
    <center lat="43.5090048" lon="-80.2516229"/>
    <nd ref="7506896645"/>
    <nd ref="7506896646"/>
    <nd ref="7506896647"/>
    <nd ref="7506896648"/>
    <nd ref="7506896649"/>
    <nd ref="7506896650"/>
    <nd ref="7506896651"/>
    <nd ref="7506896652"/>
    <nd ref="7506896653"/>
    <nd ref="7506896654"/>
    <nd ref="7506896655"/>
    <nd ref="7506896656"/>
    <nd ref="7506896657"/>
    <nd ref="7506896658"/>
    <nd ref="7506896659"/>
    <nd ref="7506896660"/>
    <nd ref="7506896661"/>
    <nd ref="7506896662"/>
    <nd ref="7506896663"/>
    <nd ref="7506896664"/>
    <nd ref="7506896645"/>
    <tag k="addr:city" v="Guelph"/>
    <tag k="addr:flats" v="102-106;201-206;301-312;401-412;501-512"/>
    <tag k="addr:housenumber" v="91"/>
    <tag k="addr:postcode" v="N1G 2V5"/>
    <tag k="addr:street" v="Conroy Crescent"/>
    <tag k="building" v="yes"/>
    <tag k="source" v="microsoft/BuildingFootprints"/>
  </way>
  <way id="802528772" version="5" timestamp="2026-09-30T04:04:02Z" changeset="189754744" uid="24088502" user="skfd imports">
    <center lat="43.5092142" lon="-80.2509084"/>
    <nd ref="7506896665"/>
    <nd ref="7506896666"/>
    <nd ref="7506896667"/>
    <nd ref="7506896668"/>
    <nd ref="7506896669"/>
    <nd ref="7506896670"/>
    <nd ref="7506896671"/>
    <nd ref="7506896672"/>
    <nd ref="7506896673"/>
    <nd ref="7506896674"/>
    <nd ref="7506896675"/>
    <nd ref="7506896676"/>
    <nd ref="7506896677"/>
    <nd ref="7506896678"/>
    <nd ref="7506896679"/>
    <nd ref="7506896680"/>
    <nd ref="7506896681"/>
    <nd ref="7506896682"/>
    <nd ref="7506896665"/>
    <tag k="addr:city" v="Guelph"/>
    <tag k="addr:flats" v="102-106;201-206;301-312;401-412;501-512"/>
    <tag k="addr:housenumber" v="105"/>
    <tag k="addr:postcode" v="N1G 2V5"/>
    <tag k="addr:street" v="Conroy Crescent"/>
    <tag k="building" v="yes"/>
    <tag k="source" v="microsoft/BuildingFootprints"/>
  </way>
  <way id="802540386" version="6" timestamp="2026-09-30T04:03:47Z" changeset="189754738" uid="24088502" user="skfd imports">
    <center lat="43.5035890" lon="-80.1821957"/>
    <nd ref="7507008214"/>
    <nd ref="7507008217"/>
    <nd ref="7507008218"/>
    <nd ref="7507008219"/>
    <nd ref="7507008214"/>
    <tag k="addr:city" v="Guelph"/>
    <tag k="addr:flats" v="12-21"/>
    <tag k="addr:housenumber" v="39"/>
    <tag k="addr:postcode" v="N1L 0N5"/>
    <tag k="addr:street" v="Kay Crescent"/>
    <tag k="building" v="residential"/>
    <tag k="source" v="microsoft/BuildingFootprints"/>
  </way>
  <way id="802540388" version="6" timestamp="2026-09-30T04:03:47Z" changeset="189754738" uid="24088502" user="skfd imports">
    <center lat="43.5036553" lon="-80.1813928"/>
    <nd ref="7507008229"/>
    <nd ref="13241232995"/>
    <nd ref="13241232994"/>
    <nd ref="7507008228"/>
    <nd ref="7507008229"/>
    <tag k="addr:city" v="Guelph"/>
    <tag k="addr:flats" v="38-39"/>
    <tag k="addr:housenumber" v="39"/>
    <tag k="addr:street" v="Kay Crescent"/>
    <tag k="building" v="residential"/>
    <tag k="source" v="microsoft/BuildingFootprints"/>
  </way>
  <way id="802540389" version="6" timestamp="2026-09-30T04:03:47Z" changeset="189754738" uid="24088502" user="skfd imports">
    <center lat="43.5033073" lon="-80.1812682"/>
    <nd ref="7507008230"/>
    <nd ref="13241233001"/>
    <nd ref="13241233000"/>
    <nd ref="7507008233"/>
    <nd ref="7507008230"/>
    <tag k="addr:city" v="Guelph"/>
    <tag k="addr:flats" v="40-41"/>
    <tag k="addr:housenumber" v="39"/>
    <tag k="addr:street" v="Kay Crescent"/>
    <tag k="building" v="house"/>
    <tag k="source" v="microsoft/BuildingFootprints"/>
  </way>
  <way id="802540405" version="5" timestamp="2026-09-30T04:09:44Z" changeset="189754862" uid="24088502" user="skfd imports">
    <center lat="43.5143993" lon="-80.1728190"/>
    <nd ref="7507008334"/>
    <nd ref="7507008335"/>
    <nd ref="7507008336"/>
    <nd ref="7507008337"/>
    <nd ref="7507008334"/>
    <tag k="addr:city" v="Guelph"/>
    <tag k="addr:flats" v="101-112;201-214;301-314;401-414"/>
    <tag k="addr:housenumber" v="45"/>
    <tag k="addr:postcode" v="N1L 0L2"/>
    <tag k="addr:street" v="Kingsbury Square"/>
    <tag k="building" v="yes"/>
    <tag k="source" v="microsoft/BuildingFootprints"/>
  </way>
  <way id="802540406" version="5" timestamp="2026-09-30T04:09:44Z" changeset="189754862" uid="24088502" user="skfd imports">
    <center lat="43.5149464" lon="-80.1735475"/>
    <nd ref="7507008338"/>
    <nd ref="7507008339"/>
    <nd ref="7507008340"/>
    <nd ref="7507008341"/>
    <nd ref="7507008338"/>
    <tag k="addr:city" v="Guelph"/>
    <tag k="addr:flats" v="101-112;201-214;301-314;401-414"/>
    <tag k="addr:housenumber" v="67"/>
    <tag k="addr:street" v="Kingsbury Square"/>
    <tag k="building" v="yes"/>
    <tag k="source" v="microsoft/BuildingFootprints"/>
  </way>
  <way id="802540407" version="5" timestamp="2026-09-30T04:09:44Z" changeset="189754862" uid="24088502" user="skfd imports">
    <center lat="43.5156765" lon="-80.1749494"/>
    <nd ref="7507008342"/>
    <nd ref="7507008343"/>
    <nd ref="7507008344"/>
    <nd ref="7507008345"/>
    <nd ref="7507008346"/>
    <nd ref="7507008347"/>
    <nd ref="7507008348"/>
    <nd ref="7507008349"/>
    <nd ref="7507008350"/>
    <nd ref="7507008351"/>
    <nd ref="7507008352"/>
    <nd ref="7507008353"/>
    <nd ref="7507008354"/>
    <nd ref="7507008355"/>
    <nd ref="7507008356"/>
    <nd ref="7507008357"/>
    <nd ref="7507008342"/>
    <tag k="addr:city" v="Guelph"/>
    <tag k="addr:flats" v="1-16"/>
    <tag k="addr:housenumber" v="100"/>
    <tag k="addr:street" v="Frederick Drive"/>
    <tag k="building" v="yes"/>
    <tag k="source" v="microsoft/BuildingFootprints"/>
  </way>
  <way id="802540408" version="7" timestamp="2026-09-30T04:09:44Z" changeset="189754862" uid="24088502" user="skfd imports">
    <center lat="43.5151880" lon="-80.1755232"/>
    <nd ref="7507008358"/>
    <nd ref="7507008359"/>
    <nd ref="7507008360"/>
    <nd ref="7507008361"/>
    <nd ref="8796856678"/>
    <nd ref="8796856677"/>
    <nd ref="7507008362"/>
    <nd ref="7507008363"/>
    <nd ref="7507008358"/>
    <tag k="addr:city" v="Guelph"/>
    <tag k="addr:flats" v="101-104;201-204;301-304;401-404"/>
    <tag k="addr:housenumber" v="64"/>
    <tag k="addr:postcode" v="N1L 0P3"/>
    <tag k="addr:street" v="Frederick Drive"/>
    <tag k="building" v="yes"/>
    <tag k="building:levels" v="4"/>
    <tag k="source" v="microsoft/BuildingFootprints"/>
  </way>
  <way id="802540411" version="5" timestamp="2026-09-30T04:09:44Z" changeset="189754862" uid="24088502" user="skfd imports">
    <center lat="43.5152437" lon="-80.1743175"/>
    <nd ref="7507008372"/>
    <nd ref="7507008373"/>
    <nd ref="7507008374"/>
    <nd ref="7507008375"/>
    <nd ref="7507008376"/>
    <nd ref="7507008377"/>
    <nd ref="7507008378"/>
    <nd ref="7507008379"/>
    <nd ref="7507008380"/>
    <nd ref="7507008381"/>
    <nd ref="7507008382"/>
    <nd ref="7507008383"/>
    <nd ref="7507008384"/>
    <nd ref="7507008385"/>
    <nd ref="7507008386"/>
    <nd ref="7507008387"/>
    <nd ref="7507008372"/>
    <tag k="addr:city" v="Guelph"/>
    <tag k="addr:flats" v="1-16"/>
    <tag k="addr:housenumber" v="101"/>
    <tag k="addr:street" v="Frederick Drive"/>
    <tag k="building" v="yes"/>
    <tag k="source" v="microsoft/BuildingFootprints"/>
  </way>
  <way id="802544817" version="6" timestamp="2026-09-30T04:01:51Z" changeset="189754709" uid="24088502" user="skfd imports">
    <center lat="43.5601791" lon="-80.2047960"/>
    <nd ref="7507042056"/>
    <nd ref="7507042057"/>
    <nd ref="7507042058"/>
    <nd ref="7507042059"/>
    <nd ref="7507042060"/>
    <nd ref="7507042061"/>
    <nd ref="7507042062"/>
    <nd ref="7507042063"/>
    <nd ref="7507042064"/>
    <nd ref="8730100615"/>
    <nd ref="8730100616"/>
    <nd ref="7507042065"/>
    <nd ref="7507042056"/>
    <tag k="addr:city" v="Guelph"/>
    <tag k="addr:flats" v="1-8"/>
    <tag k="addr:housenumber" v="70"/>
    <tag k="addr:street" v="Watson Parkway South"/>
    <tag k="building" v="yes"/>
    <tag k="source" v="microsoft/BuildingFootprints"/>
  </way>
  <way id="802544822" version="4" timestamp="2026-09-30T04:10:39Z" changeset="189754874" uid="24088502" user="skfd imports">
    <center lat="43.5630795" lon="-80.2002635"/>
    <nd ref="7507042119"/>
    <nd ref="7507042120"/>
    <nd ref="7507042121"/>
    <nd ref="7507042122"/>
    <nd ref="7507042119"/>
    <tag k="addr:city" v="Guelph"/>
    <tag k="addr:flats" v="1;3"/>
    <tag k="addr:housenumber" v="35"/>
    <tag k="addr:postcode" v="N1L 1C1"/>
    <tag k="addr:street" v="Airpark Place"/>
    <tag k="building" v="yes"/>
    <tag k="source" v="microsoft/BuildingFootprints"/>
  </way>
  <way id="802544823" version="5" timestamp="2026-09-30T04:10:39Z" changeset="189754874" uid="24088502" user="skfd imports">
    <center lat="43.5632865" lon="-80.1998505"/>
    <nd ref="7507042123"/>
    <nd ref="7507042124"/>
    <nd ref="7507042125"/>
    <nd ref="7507042126"/>
    <nd ref="7507042123"/>
    <tag k="addr:city" v="Guelph"/>
    <tag k="addr:flats" v="1-8"/>
    <tag k="addr:housenumber" v="45"/>
    <tag k="addr:postcode" v="N1L 1C1"/>
    <tag k="addr:street" v="Airpark Place"/>
    <tag k="building" v="yes"/>
    <tag k="source" v="microsoft/BuildingFootprints"/>
  </way>
  <way id="802544833" version="5" timestamp="2026-09-30T04:01:51Z" changeset="189754709" uid="24088502" user="skfd imports">
    <center lat="43.5642730" lon="-80.2061825"/>
    <nd ref="7507042185"/>
    <nd ref="7507042186"/>
    <nd ref="7507042187"/>
    <nd ref="7507042188"/>
    <nd ref="7507042189"/>
    <nd ref="7507042190"/>
    <nd ref="7507042191"/>
    <nd ref="7507042192"/>
    <nd ref="7507042185"/>
    <tag k="addr:city" v="Guelph"/>
    <tag k="addr:flats" v="1-3;8"/>
    <tag k="addr:housenumber" v="3"/>
    <tag k="addr:postcode" v="N1L 1E3"/>
    <tag k="addr:street" v="Watson Road South"/>
    <tag k="building" v="yes"/>
    <tag k="source" v="microsoft/BuildingFootprints"/>
  </way>
  <way id="802811015" version="7" timestamp="2026-09-30T04:07:09Z" changeset="189754813" uid="24088502" user="skfd imports">
    <center lat="43.5312607" lon="-80.2535297"/>
    <nd ref="7509670553"/>
    <nd ref="7509670554"/>
    <nd ref="7509670555"/>
    <nd ref="7509670556"/>
    <nd ref="7509670557"/>
    <nd ref="12492674422"/>
    <nd ref="12492674423"/>
    <nd ref="7509670558"/>
    <nd ref="7509670553"/>
    <tag k="addr:city" v="Guelph"/>
    <tag k="addr:flats" v="13-15"/>
    <tag k="addr:housenumber" v="25"/>
    <tag k="addr:postcode" v="N1G 1A2"/>
    <tag k="addr:street" v="Manor Park Crescent"/>
    <tag k="building" v="residential"/>
    <tag k="source" v="microsoft/BuildingFootprints"/>
  </way>
  <way id="802815631" version="6" timestamp="2026-09-30T04:07:09Z" changeset="189754813" uid="24088502" user="skfd imports">
    <center lat="43.5358798" lon="-80.2459870"/>
    <nd ref="7509715149"/>
    <nd ref="7509715150"/>
    <nd ref="7509715151"/>
    <nd ref="7509715154"/>
    <nd ref="7509715149"/>
    <tag k="addr:city" v="Guelph"/>
    <tag k="addr:flats" v="101-104;201-204"/>
    <tag k="addr:housenumber" v="119"/>
    <tag k="addr:postcode" v="N1G 1A8"/>
    <tag k="addr:street" v="Water Street"/>
    <tag k="building" v="yes"/>
    <tag k="source" v="microsoft/BuildingFootprints"/>
  </way>
  <way id="802817805" version="6" timestamp="2026-09-30T04:02:35Z" changeset="189754719" uid="24088502" user="skfd imports">
    <center lat="43.5376459" lon="-80.2399991"/>
    <nd ref="7509732837"/>
    <nd ref="7509732838"/>
    <nd ref="7509732839"/>
    <nd ref="7509732840"/>
    <nd ref="7509732841"/>
    <nd ref="8289892998"/>
    <nd ref="8289892997"/>
    <nd ref="7509732842"/>
    <nd ref="7509732837"/>
    <tag k="addr:city" v="Guelph"/>
    <tag k="addr:flats" v="11-12;14-17;21-26;31-36"/>
    <tag k="addr:housenumber" v="220"/>
    <tag k="addr:postcode" v="N1G 1C9"/>
    <tag k="addr:street" v="Gordon Street"/>
    <tag k="building" v="apartments"/>
    <tag k="building:levels" v="3"/>
    <tag k="building:material" v="brick"/>
    <tag k="source" v="microsoft/BuildingFootprints"/>
  </way>
  <way id="802839119" version="5" timestamp="2026-09-30T04:04:19Z" changeset="189754746" uid="24088502" user="skfd imports">
    <center lat="43.4982061" lon="-80.2319426"/>
    <nd ref="7509893768"/>
    <nd ref="7509893769"/>
    <nd ref="7509893770"/>
    <nd ref="7509893771"/>
    <nd ref="7509893768"/>
    <tag k="addr:city" v="Guelph"/>
    <tag k="addr:flats" v="23A;23B"/>
    <tag k="addr:housenumber" v="146"/>
    <tag k="addr:postcode" v="N1C 1A3"/>
    <tag k="addr:street" v="Downey Road"/>
    <tag k="building" v="house"/>
    <tag k="house" v="terraced"/>
    <tag k="source" v="microsoft/BuildingFootprints"/>
  </way>
  <way id="803260905" version="4" timestamp="2026-09-30T04:06:41Z" changeset="189754804" uid="24088502" user="skfd imports">
    <center lat="43.5608255" lon="-80.2417900"/>
    <nd ref="7513832318"/>
    <nd ref="7513832319"/>
    <nd ref="7513832320"/>
    <nd ref="7513832321"/>
    <nd ref="7513832318"/>
    <tag k="addr:city" v="Guelph"/>
    <tag k="addr:flats" v="B"/>
    <tag k="addr:housenumber" v="37"/>
    <tag k="addr:postcode" v="N1E 2A5"/>
    <tag k="addr:street" v="Ottawa Crescent"/>
    <tag k="building" v="yes"/>
    <tag k="source" v="microsoft/BuildingFootprints"/>
  </way>
  <way id="803276519" version="5" timestamp="2026-09-30T04:08:32Z" changeset="189754840" uid="24088502" user="skfd imports">
    <center lat="43.5362180" lon="-80.2798060"/>
    <nd ref="7513953677"/>
    <nd ref="13227900087"/>
    <nd ref="13227900086"/>
    <nd ref="7513953676"/>
    <nd ref="7513953677"/>
    <tag k="addr:city" v="Guelph"/>
    <tag k="addr:flats" v="112-113"/>
    <tag k="addr:housenumber" v="49"/>
    <tag k="addr:postcode" v="N1H 7A4"/>
    <tag k="addr:street" v="Rhonda Road"/>
    <tag k="building" v="yes"/>
    <tag k="source" v="microsoft/BuildingFootprints"/>
  </way>
  <way id="803276525" version="5" timestamp="2026-09-30T04:08:32Z" changeset="189754840" uid="24088502" user="skfd imports">
    <center lat="43.5355548" lon="-80.2803335"/>
    <nd ref="13227900160"/>
    <nd ref="7513976899"/>
    <nd ref="7513976900"/>
    <nd ref="13227900189"/>
    <nd ref="13227900173"/>
    <nd ref="13227900161"/>
    <nd ref="13227900184"/>
    <nd ref="13227900185"/>
    <nd ref="13227900181"/>
    <nd ref="13227900159"/>
    <nd ref="13227900160"/>
    <tag k="addr:city" v="Guelph"/>
    <tag k="addr:flats" v="120-121"/>
    <tag k="addr:housenumber" v="49"/>
    <tag k="addr:postcode" v="N1H 7A4"/>
    <tag k="addr:street" v="Rhonda Road"/>
    <tag k="building" v="yes"/>
  </way>
  <way id="803276526" version="5" timestamp="2026-09-30T04:08:32Z" changeset="189754840" uid="24088502" user="skfd imports">
    <center lat="43.5356616" lon="-80.2797623"/>
    <nd ref="7513976924"/>
    <nd ref="7513976925"/>
    <nd ref="7513976926"/>
    <nd ref="7513976942"/>
    <nd ref="7513976943"/>
    <nd ref="7513976944"/>
    <nd ref="7513976924"/>
    <tag k="addr:city" v="Guelph"/>
    <tag k="addr:flats" v="86-87"/>
    <tag k="addr:housenumber" v="49"/>
    <tag k="addr:postcode" v="N1H 7A4"/>
    <tag k="addr:street" v="Rhonda Road"/>
    <tag k="building" v="yes"/>
  </way>
  <way id="803279310" version="5" timestamp="2026-09-30T04:08:32Z" changeset="189754840" uid="24088502" user="skfd imports">
    <center lat="43.5321780" lon="-80.2859447"/>
    <nd ref="13227900362"/>
    <nd ref="9406585323"/>
    <nd ref="9406585145"/>
    <nd ref="9406585134"/>
    <nd ref="9406585320"/>
    <nd ref="9406585321"/>
    <nd ref="9406585135"/>
    <nd ref="7513999053"/>
    <nd ref="7513999052"/>
    <nd ref="9406585142"/>
    <nd ref="9406585335"/>
    <nd ref="9406585140"/>
    <nd ref="9406585333"/>
    <nd ref="9406585332"/>
    <nd ref="9406585141"/>
    <nd ref="9406585334"/>
    <nd ref="9406585143"/>
    <nd ref="9406585164"/>
    <nd ref="9406585329"/>
    <nd ref="9406585162"/>
    <nd ref="9406585331"/>
    <nd ref="13227900361"/>
    <nd ref="13227900362"/>
    <tag k="addr:city" v="Guelph"/>
    <tag k="addr:flats" v="17A;17B;17C;17D"/>
    <tag k="addr:housenumber" v="240"/>
    <tag k="addr:postcode" v="N1H 7W9"/>
    <tag k="addr:street" v="Westwood Road"/>
    <tag k="building" v="yes"/>
    <tag k="source" v="microsoft/BuildingFootprints"/>
  </way>
  <way id="803279312" version="5" timestamp="2026-09-30T04:08:32Z" changeset="189754840" uid="24088502" user="skfd imports">
    <center lat="43.5321974" lon="-80.2854530"/>
    <nd ref="13227900364"/>
    <nd ref="9406585375"/>
    <nd ref="9406585394"/>
    <nd ref="9406585384"/>
    <nd ref="9406585397"/>
    <nd ref="9406585396"/>
    <nd ref="9406585385"/>
    <nd ref="9406585395"/>
    <nd ref="9406585378"/>
    <nd ref="7513999068"/>
    <nd ref="7513999067"/>
    <nd ref="7513999066"/>
    <nd ref="7513999077"/>
    <nd ref="9406585379"/>
    <nd ref="9406585398"/>
    <nd ref="9406585399"/>
    <nd ref="9406585380"/>
    <nd ref="7513999076"/>
    <nd ref="7513999075"/>
    <nd ref="13227900363"/>
    <nd ref="13227900364"/>
    <tag k="addr:city" v="Guelph"/>
    <tag k="addr:flats" v="18A;18B;18C;18D"/>
    <tag k="addr:housenumber" v="240"/>
    <tag k="addr:postcode" v="N1H 7W9"/>
    <tag k="addr:street" v="Westwood Road"/>
    <tag k="building" v="yes"/>
    <tag k="source" v="microsoft/BuildingFootprints"/>
  </way>
  <way id="803279313" version="5" timestamp="2026-09-30T04:08:32Z" changeset="189754840" uid="24088502" user="skfd imports">
    <center lat="43.5324547" lon="-80.2857721"/>
    <nd ref="9406585133"/>
    <nd ref="9406585407"/>
    <nd ref="9406585408"/>
    <nd ref="7513999078"/>
    <nd ref="7513999081"/>
    <nd ref="9406585130"/>
    <nd ref="9406585402"/>
    <nd ref="9406585166"/>
    <nd ref="9406585400"/>
    <nd ref="9406585401"/>
    <nd ref="9406585167"/>
    <nd ref="9406585403"/>
    <nd ref="9406585131"/>
    <nd ref="7513999080"/>
    <nd ref="7513999079"/>
    <nd ref="9406585409"/>
    <nd ref="9406585406"/>
    <nd ref="9406585132"/>
    <nd ref="9406585405"/>
    <nd ref="9406585404"/>
    <nd ref="9406585133"/>
    <tag k="addr:city" v="Guelph"/>
    <tag k="addr:flats" v="19A;19B;19C;19D"/>
    <tag k="addr:housenumber" v="240"/>
    <tag k="addr:postcode" v="N1H 7W9"/>
    <tag k="addr:street" v="Westwood Road"/>
    <tag k="building" v="yes"/>
    <tag k="source" v="microsoft/BuildingFootprints"/>
  </way>
  <way id="803279314" version="5" timestamp="2026-09-30T04:08:32Z" changeset="189754840" uid="24088502" user="skfd imports">
    <center lat="43.5324878" lon="-80.2860831"/>
    <nd ref="13227900351"/>
    <nd ref="9406585416"/>
    <nd ref="9406585423"/>
    <nd ref="9406585422"/>
    <nd ref="9406585417"/>
    <nd ref="9406585427"/>
    <nd ref="9406585428"/>
    <nd ref="7513999083"/>
    <nd ref="7513999082"/>
    <nd ref="9406585436"/>
    <nd ref="9406585434"/>
    <nd ref="9406585412"/>
    <nd ref="9406585420"/>
    <nd ref="9406585421"/>
    <nd ref="9406585413"/>
    <nd ref="9406585433"/>
    <nd ref="9406585430"/>
    <nd ref="13227900352"/>
    <nd ref="13227900351"/>
    <tag k="addr:city" v="Guelph"/>
    <tag k="addr:flats" v="3A;3B;3C"/>
    <tag k="addr:housenumber" v="240"/>
    <tag k="addr:postcode" v="N1H 7W9"/>
    <tag k="addr:street" v="Westwood Road"/>
    <tag k="building" v="yes"/>
    <tag k="source" v="microsoft/BuildingFootprints"/>
  </way>
  <way id="803279315" version="5" timestamp="2026-09-30T04:08:32Z" changeset="189754840" uid="24088502" user="skfd imports">
    <center lat="43.5322148" lon="-80.2863455"/>
    <nd ref="13227900354"/>
    <nd ref="9406585314"/>
    <nd ref="9406585297"/>
    <nd ref="9406585292"/>
    <nd ref="9406585313"/>
    <nd ref="9406585312"/>
    <nd ref="9406585293"/>
    <nd ref="9406585286"/>
    <nd ref="9406585311"/>
    <nd ref="9406585310"/>
    <nd ref="7514003586"/>
    <nd ref="9406585290"/>
    <nd ref="9406585300"/>
    <nd ref="9406585288"/>
    <nd ref="9406585298"/>
    <nd ref="9406585299"/>
    <nd ref="9406585289"/>
    <nd ref="9406585301"/>
    <nd ref="9406585291"/>
    <nd ref="13227900353"/>
    <nd ref="13227900354"/>
    <tag k="addr:city" v="Guelph"/>
    <tag k="addr:flats" v="4A;4B;4C;4D"/>
    <tag k="addr:housenumber" v="240"/>
    <tag k="addr:postcode" v="N1H 7W9"/>
    <tag k="addr:street" v="Westwood Road"/>
    <tag k="building" v="yes"/>
    <tag k="source" v="microsoft/BuildingFootprints"/>
  </way>
  <way id="803279319" version="5" timestamp="2026-09-30T04:08:32Z" changeset="189754840" uid="24088502" user="skfd imports">
    <center lat="43.5314955" lon="-80.2861178"/>
    <nd ref="13227900368"/>
    <nd ref="9406585153"/>
    <nd ref="9406585174"/>
    <nd ref="9406585175"/>
    <nd ref="9406585154"/>
    <nd ref="9406585171"/>
    <nd ref="9406585161"/>
    <nd ref="7514003613"/>
    <nd ref="7514003612"/>
    <nd ref="9406585180"/>
    <nd ref="9406585183"/>
    <nd ref="9406585159"/>
    <nd ref="9406585179"/>
    <nd ref="9406585178"/>
    <nd ref="9406585160"/>
    <nd ref="13227900367"/>
    <nd ref="13227900368"/>
    <tag k="addr:city" v="Guelph"/>
    <tag k="addr:flats" v="11A;11B;11C"/>
    <tag k="addr:housenumber" v="240"/>
    <tag k="addr:postcode" v="N1H 7W9"/>
    <tag k="addr:street" v="Westwood Road"/>
    <tag k="building" v="yes"/>
    <tag k="source" v="microsoft/BuildingFootprints"/>
  </way>
  <way id="803281467" version="7" timestamp="2026-09-30T04:08:46Z" changeset="189754845" uid="24088502" user="skfd imports">
    <center lat="43.5711271" lon="-80.2698329"/>
    <nd ref="7514014780"/>
    <nd ref="7514014781"/>
    <nd ref="7514014782"/>
    <nd ref="7514014783"/>
    <nd ref="7514014780"/>
    <tag k="addr:city" v="Guelph"/>
    <tag k="addr:flats" v="5-6"/>
    <tag k="addr:housenumber" v="100"/>
    <tag k="addr:postcode" v="N1E 1B7"/>
    <tag k="addr:street" v="Woodlawn Road East"/>
    <tag k="building" v="house"/>
    <tag k="source" v="microsoft/BuildingFootprints"/>
  </way>
  <way id="803281468" version="7" timestamp="2026-09-30T04:08:46Z" changeset="189754845" uid="24088502" user="skfd imports">
    <center lat="43.5712564" lon="-80.2696562"/>
    <nd ref="7514014784"/>
    <nd ref="7514031985"/>
    <nd ref="7514031986"/>
    <nd ref="7514031987"/>
    <nd ref="7514014784"/>
    <tag k="addr:city" v="Guelph"/>
    <tag k="addr:flats" v="1-2"/>
    <tag k="addr:housenumber" v="100"/>
    <tag k="addr:postcode" v="N1E 1B7"/>
    <tag k="addr:street" v="Woodlawn Road East"/>
    <tag k="building" v="house"/>
    <tag k="source" v="microsoft/BuildingFootprints"/>
  </way>
  <way id="803283639" version="6" timestamp="2026-09-30T04:05:03Z" changeset="189754763" uid="24088502" user="skfd imports">
    <center lat="43.5823618" lon="-80.2553553"/>
    <nd ref="7514057848"/>
    <nd ref="7514057849"/>
    <nd ref="7514057850"/>
    <nd ref="7514057851"/>
    <nd ref="7514057848"/>
    <tag k="addr:city" v="Guelph"/>
    <tag k="addr:flats" v="28A;28B"/>
    <tag k="addr:housenumber" v="15"/>
    <tag k="addr:postcode" v="N1E 0K4"/>
    <tag k="addr:street" v="Carere Crescent"/>
    <tag k="building" v="house"/>
    <tag k="house" v="terraced"/>
    <tag k="source" v="microsoft/BuildingFootprints"/>
  </way>
  <way id="803283640" version="6" timestamp="2026-09-30T04:10:39Z" changeset="189754874" uid="24088502" user="skfd imports">
    <center lat="43.5660986" lon="-80.2327170"/>
    <nd ref="7514057852"/>
    <nd ref="7514057853"/>
    <nd ref="7514057854"/>
    <nd ref="7514057855"/>
    <nd ref="7514057852"/>
    <tag k="addr:city" v="Guelph"/>
    <tag k="addr:flats" v="29-39"/>
    <tag k="addr:housenumber" v="394"/>
    <tag k="addr:postcode" v="N1E 6Z6"/>
    <tag k="addr:street" v="Auden Road"/>
    <tag k="building" v="yes"/>
    <tag k="source" v="microsoft/BuildingFootprints"/>
  </way>
  <way id="803283643" version="6" timestamp="2026-09-30T04:10:39Z" changeset="189754874" uid="24088502" user="skfd imports">
    <center lat="43.5665086" lon="-80.2318249"/>
    <nd ref="7514057868"/>
    <nd ref="7514057869"/>
    <nd ref="7514057870"/>
    <nd ref="7514057871"/>
    <nd ref="7514057868"/>
    <tag k="addr:city" v="Guelph"/>
    <tag k="addr:flats" v="11-19"/>
    <tag k="addr:housenumber" v="394"/>
    <tag k="addr:postcode" v="N1E 6Z6"/>
    <tag k="addr:street" v="Auden Road"/>
    <tag k="building" v="yes"/>
    <tag k="source" v="microsoft/BuildingFootprints"/>
  </way>
  <way id="803283648" version="5" timestamp="2026-09-30T04:10:39Z" changeset="189754874" uid="24088502" user="skfd imports">
    <center lat="43.5653481" lon="-80.2333161"/>
    <nd ref="7514057902"/>
    <nd ref="7514057903"/>
    <nd ref="7514057904"/>
    <nd ref="7514057905"/>
    <nd ref="7514057902"/>
    <tag k="addr:city" v="Guelph"/>
    <tag k="addr:flats" v="17-32"/>
    <tag k="addr:housenumber" v="35"/>
    <tag k="addr:postcode" v="N1E 0G6"/>
    <tag k="addr:street" v="Mountford Drive"/>
    <tag k="building" v="yes"/>
    <tag k="source" v="microsoft/BuildingFootprints"/>
  </way>
  <way id="803283649" version="5" timestamp="2026-09-30T04:10:39Z" changeset="189754874" uid="24088502" user="skfd imports">
    <center lat="43.5652056" lon="-80.2318860"/>
    <nd ref="7514057906"/>
    <nd ref="7514057907"/>
    <nd ref="7514057908"/>
    <nd ref="7514057909"/>
    <nd ref="7514057906"/>
    <tag k="addr:city" v="Guelph"/>
    <tag k="addr:flats" v="65-88"/>
    <tag k="addr:housenumber" v="35"/>
    <tag k="addr:postcode" v="N1E 0G6"/>
    <tag k="addr:street" v="Mountford Drive"/>
    <tag k="building" v="yes"/>
    <tag k="source" v="microsoft/BuildingFootprints"/>
  </way>
  <way id="803283669" version="5" timestamp="2026-09-30T04:10:39Z" changeset="189754874" uid="24088502" user="skfd imports">
    <center lat="43.5724130" lon="-80.2322999"/>
    <nd ref="7514057988"/>
    <nd ref="7514057989"/>
    <nd ref="7514057990"/>
    <nd ref="7514057991"/>
    <nd ref="7514057988"/>
    <tag k="addr:city" v="Guelph"/>
    <tag k="addr:flats" v="101-112;201-212;301-312;401-412;LL01-LL04"/>
    <tag k="addr:housenumber" v="108"/>
    <tag k="addr:postcode" v="N1E 0P8"/>
    <tag k="addr:street" v="Summit Ridge Drive"/>
    <tag k="building" v="yes"/>
  </way>
  <way id="803283670" version="5" timestamp="2026-09-30T04:10:39Z" changeset="189754874" uid="24088502" user="skfd imports">
    <center lat="43.5729630" lon="-80.2318640"/>
    <nd ref="7514057992"/>
    <nd ref="7514057993"/>
    <nd ref="7514057994"/>
    <nd ref="7514057995"/>
    <nd ref="7514057992"/>
    <tag k="addr:city" v="Guelph"/>
    <tag k="addr:flats" v="101-112;201-212;301-312;401-412"/>
    <tag k="addr:housenumber" v="104"/>
    <tag k="addr:street" v="Summit Ridge Drive"/>
    <tag k="building" v="yes"/>
  </way>
  <way id="803283699" version="5" timestamp="2026-09-30T04:10:39Z" changeset="189754874" uid="24088502" user="skfd imports">
    <center lat="43.5690951" lon="-80.2375679"/>
    <nd ref="7514058114"/>
    <nd ref="7514058115"/>
    <nd ref="7514058116"/>
    <nd ref="7514058117"/>
    <nd ref="7514058114"/>
    <tag k="addr:city" v="Guelph"/>
    <tag k="addr:flats" v="7-11"/>
    <tag k="addr:housenumber" v="66"/>
    <tag k="addr:street" v="Eastview Road"/>
    <tag k="building" v="yes"/>
    <tag k="source" v="microsoft/BuildingFootprints"/>
  </way>
  <way id="819734214" version="6" timestamp="2026-09-30T04:05:47Z" changeset="189754783" uid="24088502" user="skfd imports">
    <center lat="43.5313168" lon="-80.2598001"/>
    <nd ref="7655223822"/>
    <nd ref="12303054087"/>
    <nd ref="7655223823"/>
    <nd ref="7655223824"/>
    <nd ref="7655223825"/>
    <nd ref="7655223822"/>
    <tag k="addr:city" v="Guelph"/>
    <tag k="addr:flats" v="107-108;209-212"/>
    <tag k="addr:housenumber" v="360"/>
    <tag k="addr:postcode" v="N1H 7Y3"/>
    <tag k="addr:street" v="Waterloo Avenue"/>
    <tag k="building" v="yes"/>
  </way>
  <way id="819734215" version="9" timestamp="2026-09-30T04:05:47Z" changeset="189754783" uid="24088502" user="skfd imports">
    <center lat="43.5315232" lon="-80.2597199"/>
    <nd ref="7655223826"/>
    <nd ref="12302895744"/>
    <nd ref="7655223822"/>
    <nd ref="7655223825"/>
    <nd ref="7655223828"/>
    <nd ref="7655223829"/>
    <nd ref="7655223826"/>
    <tag k="addr:city" v="Guelph"/>
    <tag k="addr:flats" v="101-106;201-208;301-308;401-408;501-508;601-608;701-708;801-808;901-908;1001-1008;1101-1108"/>
    <tag k="addr:housenumber" v="358"/>
    <tag k="addr:postcode" v="N1H 7Y3"/>
    <tag k="addr:street" v="Waterloo Avenue"/>
    <tag k="building" v="apartments"/>
    <tag k="building:flats" v="86"/>
    <tag k="building:levels" v="11"/>
    <tag k="check_date" v="2024-01-03"/>
    <tag k="image" v="https://www.guelphcondominiums.ca/images-profiles/358-waterloo-avenue-silver-brook/358-waterloo-avenue-silver-brook-main.jpg"/>
    <tag k="name" v="Silver Brook Condominiums"/>
    <tag k="operator" v="MF PROPERTY MANAGEMENT LTD."/>
    <tag k="roof:shape" v="flat"/>
    <tag k="smoking" v="no"/>
    <tag k="start_date" v="1988"/>
    <tag k="website" v="https://wcc38.shiftsuite.com/"/>
  </way>
  <way id="819734257" version="7" timestamp="2026-09-30T04:05:47Z" changeset="189754783" uid="24088502" user="skfd imports">
    <center lat="43.5354392" lon="-80.2558332"/>
    <nd ref="7655239018"/>
    <nd ref="7655239019"/>
    <nd ref="7655239020"/>
    <nd ref="12307013853"/>
    <nd ref="12307013854"/>
    <nd ref="7655239021"/>
    <nd ref="7655239018"/>
    <tag k="addr:city" v="Guelph"/>
    <tag k="addr:flats" v="A;B"/>
    <tag k="addr:housenumber" v="210"/>
    <tag k="addr:postcode" v="N1H 3J5"/>
    <tag k="addr:street" v="Waterloo Avenue"/>
    <tag k="building" v="detached"/>
  </way>
  <way id="837634910" version="6" timestamp="2026-09-30T04:09:44Z" changeset="189754862" uid="24088502" user="skfd imports">
    <center lat="43.5135015" lon="-80.1721391"/>
    <nd ref="7817824429"/>
    <nd ref="8796865823"/>
    <nd ref="8796865821"/>
    <nd ref="8796865820"/>
    <nd ref="8796865822"/>
    <nd ref="7817824430"/>
    <nd ref="8796853316"/>
    <nd ref="8796853315"/>
    <nd ref="8796853314"/>
    <nd ref="7817824431"/>
    <nd ref="8796865828"/>
    <nd ref="8796865829"/>
    <nd ref="7817824432"/>
    <nd ref="8796865830"/>
    <nd ref="8796865831"/>
    <nd ref="7817824433"/>
    <nd ref="8796853313"/>
    <nd ref="8796853311"/>
    <nd ref="8796853310"/>
    <nd ref="8796853312"/>
    <nd ref="7817824434"/>
    <nd ref="8796865835"/>
    <nd ref="8796865834"/>
    <nd ref="8796865833"/>
    <nd ref="8796865832"/>
    <nd ref="7817824435"/>
    <nd ref="8796865819"/>
    <nd ref="8796865818"/>
    <nd ref="8796865817"/>
    <nd ref="8796865825"/>
    <nd ref="8796865824"/>
    <nd ref="8796865826"/>
    <nd ref="8796865827"/>
    <nd ref="7817824429"/>
    <tag k="addr:city" v="Guelph"/>
    <tag k="addr:flats" v="101-109;116-127;201-210;212;214-227;301-327;401-427"/>
    <tag k="addr:housenumber" v="35"/>
    <tag k="addr:postcode" v="N1L 1B3"/>
    <tag k="addr:street" v="Kingsbury Square"/>
    <tag k="building" v="yes"/>
    <tag k="building:levels" v="4"/>
  </way>
  <way id="862511297" version="10" timestamp="2026-09-30T04:03:47Z" changeset="189754738" uid="24088502" user="skfd imports">
    <center lat="43.4985899" lon="-80.1855137"/>
    <nd ref="8035860995"/>
    <nd ref="10270333795"/>
    <nd ref="8035860996"/>
    <nd ref="8035860997"/>
    <nd ref="10270213421"/>
    <nd ref="10270213425"/>
    <nd ref="10270213423"/>
    <nd ref="8035860998"/>
    <nd ref="10270213420"/>
    <nd ref="8035860995"/>
    <tag k="addr:city" v="Guelph"/>
    <tag k="addr:flats" v="101-116;201-215;301-314;401-414;501-514;601-614;701-714;801-814;901-914;1001-1014;1101-1114;1201-1206;1301-1305;1401-1404"/>
    <tag k="addr:housenumber" v="1878"/>
    <tag k="addr:postcode" v="N1L 1L8"/>
    <tag k="addr:street" v="Gordon Street"/>
    <tag k="building" v="apartments"/>
    <tag k="building:levels" v="13"/>
  </way>
  <way id="862511298" version="10" timestamp="2026-09-30T04:03:47Z" changeset="189754738" uid="24088502" user="skfd imports">
    <center lat="43.4993887" lon="-80.1843617"/>
    <nd ref="8035860999"/>
    <nd ref="10270333804"/>
    <nd ref="8035861000"/>
    <nd ref="10270213424"/>
    <nd ref="8035861001"/>
    <nd ref="10270213422"/>
    <nd ref="8035861002"/>
    <nd ref="8035860999"/>
    <tag k="addr:city" v="Guelph"/>
    <tag k="addr:flats" v="101-115;201-215;301-314;401-414;501-514;601-614;701-714;801-814;901-914;1001-1014;1101-1114;1201-1206;1301-1306;1401-1404"/>
    <tag k="addr:housenumber" v="1880"/>
    <tag k="addr:postcode" v="N1L 1L8"/>
    <tag k="addr:street" v="Gordon Street"/>
    <tag k="building" v="apartments"/>
    <tag k="building:levels" v="13"/>
  </way>
  <way id="878035915" version="6" timestamp="2026-09-30T04:09:44Z" changeset="189754862" uid="24088502" user="skfd imports">
    <center lat="43.5220427" lon="-80.1877041"/>
    <nd ref="8169137999"/>
    <nd ref="8169138000"/>
    <nd ref="8169138001"/>
    <nd ref="8169138002"/>
    <nd ref="8169138003"/>
    <nd ref="8169137999"/>
    <tag k="addr:city" v="Guelph"/>
    <tag k="addr:flats" v="101-110;201-211;301-313;401-414"/>
    <tag k="addr:housenumber" v="2"/>
    <tag k="addr:postcode" v="N1L 0K8"/>
    <tag k="addr:street" v="Colonial Drive"/>
    <tag k="building" v="apartments"/>
    <tag k="building:levels" v="4"/>
  </way>
  <way id="878035921" version="7" timestamp="2026-09-30T04:09:44Z" changeset="189754862" uid="24088502" user="skfd imports">
    <center lat="43.5228704" lon="-80.1846680"/>
    <nd ref="8169139829"/>
    <nd ref="8169139830"/>
    <nd ref="8169139831"/>
    <nd ref="8169139832"/>
    <nd ref="8169139833"/>
    <nd ref="8169139834"/>
    <nd ref="8169139835"/>
    <nd ref="8169139836"/>
    <nd ref="12805592389"/>
    <nd ref="8169139829"/>
    <tag k="addr:city" v="Guelph"/>
    <tag k="addr:flats" v="101-114;201-220;301-320;401-418"/>
    <tag k="addr:housenumber" v="106"/>
    <tag k="addr:postcode" v="N1L 0L8"/>
    <tag k="addr:street" v="Bard Boulevard"/>
    <tag k="building" v="apartments"/>
    <tag k="building:levels" v="4"/>
  </way>
  <way id="882913721" version="5" timestamp="2026-09-30T04:06:54Z" changeset="189754807" uid="24088502" user="skfd imports">
    <center lat="43.5557155" lon="-80.2664475"/>
    <nd ref="8210817374"/>
    <nd ref="8210817375"/>
    <nd ref="8210817376"/>
    <nd ref="8210817377"/>
    <nd ref="8210817374"/>
    <tag k="addr:city" v="Guelph"/>
    <tag k="addr:flats" v="A1-A9"/>
    <tag k="addr:housenumber" v="560"/>
    <tag k="addr:postcode" v="N1H 3Y2"/>
    <tag k="addr:street" v="Woolwich Street"/>
    <tag k="building" v="yes"/>
    <tag k="source" v="microsoft/BuildingFootprints"/>
  </way>
  <way id="882913722" version="5" timestamp="2026-09-30T04:06:54Z" changeset="189754807" uid="24088502" user="skfd imports">
    <center lat="43.5559455" lon="-80.2661355"/>
    <nd ref="8210817378"/>
    <nd ref="8210817379"/>
    <nd ref="8210817380"/>
    <nd ref="8210817381"/>
    <nd ref="8210817378"/>
    <tag k="addr:city" v="Guelph"/>
    <tag k="addr:flats" v="B1-B9"/>
    <tag k="addr:housenumber" v="560"/>
    <tag k="addr:postcode" v="N1H 3Y2"/>
    <tag k="addr:street" v="Woolwich Street"/>
    <tag k="building" v="yes"/>
    <tag k="source" v="microsoft/BuildingFootprints"/>
  </way>
  <way id="900493342" version="6" timestamp="2026-09-30T04:03:47Z" changeset="189754738" uid="24088502" user="skfd imports">
    <center lat="43.5039633" lon="-80.1830211"/>
    <nd ref="8365239658"/>
    <nd ref="8365239630"/>
    <nd ref="8365239631"/>
    <nd ref="8365239632"/>
    <nd ref="8365239633"/>
    <nd ref="8365239634"/>
    <nd ref="8365239635"/>
    <nd ref="8365239636"/>
    <nd ref="8365239637"/>
    <nd ref="8365239638"/>
    <nd ref="8365239639"/>
    <nd ref="8365239640"/>
    <nd ref="8365239641"/>
    <nd ref="8365239642"/>
    <nd ref="8365239643"/>
    <nd ref="8365239644"/>
    <nd ref="8365239645"/>
    <nd ref="8365239646"/>
    <nd ref="8365239647"/>
    <nd ref="8365239648"/>
    <nd ref="8365239649"/>
    <nd ref="8365239650"/>
    <nd ref="8365239651"/>
    <nd ref="8365239652"/>
    <nd ref="8365239653"/>
    <nd ref="8365239654"/>
    <nd ref="8365239656"/>
    <nd ref="8365239655"/>
    <nd ref="8365239657"/>
    <nd ref="8365239629"/>
    <nd ref="8365239628"/>
    <nd ref="8365239627"/>
    <nd ref="8365239626"/>
    <nd ref="8365239625"/>
    <nd ref="8365239624"/>
    <nd ref="8365239623"/>
    <nd ref="8365239658"/>
    <tag k="addr:city" v="Guelph"/>
    <tag k="addr:flats" v="101-114;201-214;301-314;401-414;LL02;LL04;LL06;LL08;LL10;LL12;LL14"/>
    <tag k="addr:housenumber" v="25"/>
    <tag k="addr:street" v="Kay Crescent"/>
    <tag k="building" v="residential"/>
    <tag k="building:levels" v="5"/>
  </way>
  <way id="900493343" version="6" timestamp="2026-09-30T04:03:47Z" changeset="189754738" uid="24088502" user="skfd imports">
    <center lat="43.5045171" lon="-80.1828293"/>
    <nd ref="8365239682"/>
    <nd ref="8365239681"/>
    <nd ref="8365239680"/>
    <nd ref="8365239679"/>
    <nd ref="8365239678"/>
    <nd ref="8365239677"/>
    <nd ref="8365239676"/>
    <nd ref="8365239675"/>
    <nd ref="8365239674"/>
    <nd ref="8365239673"/>
    <nd ref="8365239672"/>
    <nd ref="8365239671"/>
    <nd ref="8365239670"/>
    <nd ref="8365239669"/>
    <nd ref="8365239668"/>
    <nd ref="8365239667"/>
    <nd ref="8365239666"/>
    <nd ref="8365239665"/>
    <nd ref="8365239664"/>
    <nd ref="8365239663"/>
    <nd ref="8365239662"/>
    <nd ref="8365239661"/>
    <nd ref="8365239660"/>
    <nd ref="8365239659"/>
    <nd ref="8365239682"/>
    <tag k="addr:city" v="Guelph"/>
    <tag k="addr:flats" v="101-111;201-212;301-312;401-412"/>
    <tag k="addr:housenumber" v="17"/>
    <tag k="addr:postcode" v="N1L 0P1"/>
    <tag k="addr:street" v="Kay Crescent"/>
    <tag k="building" v="residential"/>
    <tag k="building:levels" v="4"/>
  </way>
  <way id="912221550" version="6" timestamp="2026-09-30T04:08:32Z" changeset="189754840" uid="24088502" user="skfd imports">
    <center lat="43.5309338" lon="-80.3027296"/>
    <nd ref="13207984469"/>
    <nd ref="9129919007"/>
    <nd ref="9129941090"/>
    <nd ref="9129941091"/>
    <nd ref="9129919008"/>
    <nd ref="13207984470"/>
    <nd ref="13207984464"/>
    <nd ref="9129941084"/>
    <nd ref="9129919006"/>
    <nd ref="9129941018"/>
    <nd ref="9129941087"/>
    <nd ref="13207984463"/>
    <nd ref="13207984469"/>
    <tag k="addr:city" v="Guelph"/>
    <tag k="addr:flats" v="39-40"/>
    <tag k="addr:housenumber" v="75"/>
    <tag k="addr:postcode" v="N1H 8J8"/>
    <tag k="addr:street" v="Flaherty Drive"/>
    <tag k="building" v="yes"/>
  </way>
  <way id="912221551" version="6" timestamp="2026-09-30T04:08:32Z" changeset="189754840" uid="24088502" user="skfd imports">
    <center lat="43.5311033" lon="-80.3023383"/>
    <nd ref="13207984465"/>
    <nd ref="9129918972"/>
    <nd ref="9129941107"/>
    <nd ref="9129941106"/>
    <nd ref="9129918973"/>
    <nd ref="8474117025"/>
    <nd ref="9129941104"/>
    <nd ref="8474117024"/>
    <nd ref="9129941103"/>
    <nd ref="9129941105"/>
    <nd ref="9129941045"/>
    <nd ref="9129918976"/>
    <nd ref="9129941102"/>
    <nd ref="13207984468"/>
    <nd ref="13207984465"/>
    <tag k="addr:city" v="Guelph"/>
    <tag k="addr:flats" v="43-44"/>
    <tag k="addr:housenumber" v="75"/>
    <tag k="addr:postcode" v="N1H 8J8"/>
    <tag k="addr:street" v="Flaherty Drive"/>
    <tag k="building" v="yes"/>
  </way>
  <way id="912221552" version="6" timestamp="2026-09-30T04:08:32Z" changeset="189754840" uid="24088502" user="skfd imports">
    <center lat="43.5315088" lon="-80.3022265"/>
    <nd ref="13207984466"/>
    <nd ref="9129941114"/>
    <nd ref="9129941112"/>
    <nd ref="9129941113"/>
    <nd ref="9129941115"/>
    <nd ref="8474117029"/>
    <nd ref="8474117028"/>
    <nd ref="9129941058"/>
    <nd ref="9129941110"/>
    <nd ref="9129941111"/>
    <nd ref="9129941059"/>
    <nd ref="13207984467"/>
    <nd ref="13207984466"/>
    <tag k="addr:city" v="Guelph"/>
    <tag k="addr:flats" v="47-48"/>
    <tag k="addr:housenumber" v="75"/>
    <tag k="addr:postcode" v="N1H 8J8"/>
    <tag k="addr:street" v="Flaherty Drive"/>
    <tag k="building" v="yes"/>
  </way>
  <way id="912221553" version="6" timestamp="2026-09-30T04:08:32Z" changeset="189754840" uid="24088502" user="skfd imports">
    <center lat="43.5320925" lon="-80.3022081"/>
    <nd ref="13207984491"/>
    <nd ref="9129941176"/>
    <nd ref="9129941017"/>
    <nd ref="9129918994"/>
    <nd ref="9129941179"/>
    <nd ref="9129941178"/>
    <nd ref="8474117034"/>
    <nd ref="9129941177"/>
    <nd ref="8474117033"/>
    <nd ref="9129918999"/>
    <nd ref="9129941180"/>
    <nd ref="9129941181"/>
    <nd ref="9129919000"/>
    <nd ref="13207984490"/>
    <nd ref="13207984491"/>
    <tag k="addr:city" v="Guelph"/>
    <tag k="addr:flats" v="27-28"/>
    <tag k="addr:housenumber" v="75"/>
    <tag k="addr:postcode" v="N1H 8J8"/>
    <tag k="addr:street" v="Flaherty Drive"/>
    <tag k="building" v="yes"/>
  </way>
  <way id="912221554" version="6" timestamp="2026-09-30T04:08:32Z" changeset="189754840" uid="24088502" user="skfd imports">
    <center lat="43.5315150" lon="-80.3030041"/>
    <nd ref="13207984475"/>
    <nd ref="9129918969"/>
    <nd ref="9129941163"/>
    <nd ref="9129941162"/>
    <nd ref="9129918970"/>
    <nd ref="8474117036"/>
    <nd ref="9129941159"/>
    <nd ref="8474117043"/>
    <nd ref="9129941160"/>
    <nd ref="9129941161"/>
    <nd ref="9129918988"/>
    <nd ref="9129941060"/>
    <nd ref="9129941157"/>
    <nd ref="13207984487"/>
    <nd ref="13207984475"/>
    <tag k="addr:city" v="Guelph"/>
    <tag k="addr:flats" v="15-16"/>
    <tag k="addr:housenumber" v="75"/>
    <tag k="addr:postcode" v="N1H 8J8"/>
    <tag k="addr:street" v="Flaherty Drive"/>
    <tag k="building" v="yes"/>
  </way>
  <way id="912221556" version="6" timestamp="2026-09-30T04:08:32Z" changeset="189754840" uid="24088502" user="skfd imports">
    <center lat="43.5310654" lon="-80.3030880"/>
    <nd ref="13207984461"/>
    <nd ref="9129919014"/>
    <nd ref="9129941120"/>
    <nd ref="9129941119"/>
    <nd ref="9129919015"/>
    <nd ref="9129918986"/>
    <nd ref="9129941118"/>
    <nd ref="9129941117"/>
    <nd ref="8474117051"/>
    <nd ref="9129941116"/>
    <nd ref="8474117050"/>
    <nd ref="9129918984"/>
    <nd ref="9129941129"/>
    <nd ref="9129941130"/>
    <nd ref="9129918985"/>
    <nd ref="9129941047"/>
    <nd ref="9129941127"/>
    <nd ref="13207984473"/>
    <nd ref="13207984461"/>
    <tag k="addr:city" v="Guelph"/>
    <tag k="addr:flats" v="29-30"/>
    <tag k="addr:housenumber" v="75"/>
    <tag k="addr:postcode" v="N1H 8J8"/>
    <tag k="addr:street" v="Flaherty Drive"/>
    <tag k="building" v="yes"/>
  </way>
  <way id="912221557" version="6" timestamp="2026-09-30T04:08:32Z" changeset="189754840" uid="24088502" user="skfd imports">
    <center lat="43.5306738" lon="-80.3033518"/>
    <nd ref="13207984480"/>
    <nd ref="9129941051"/>
    <nd ref="9129941077"/>
    <nd ref="9129941076"/>
    <nd ref="9129941052"/>
    <nd ref="8474117055"/>
    <nd ref="9129941063"/>
    <nd ref="8474117054"/>
    <nd ref="9129941062"/>
    <nd ref="9129941064"/>
    <nd ref="9129918971"/>
    <nd ref="9129918982"/>
    <nd ref="9129941065"/>
    <nd ref="13207984481"/>
    <nd ref="13207984480"/>
    <tag k="addr:city" v="Guelph"/>
    <tag k="addr:flats" v="1-2"/>
    <tag k="addr:housenumber" v="75"/>
    <tag k="addr:postcode" v="N1H 8J8"/>
    <tag k="addr:street" v="Flaherty Drive"/>
    <tag k="building" v="yes"/>
  </way>
  <way id="912221558" version="6" timestamp="2026-09-30T04:08:32Z" changeset="189754840" uid="24088502" user="skfd imports">
    <center lat="43.5310968" lon="-80.3035811"/>
    <nd ref="13207984478"/>
    <nd ref="9129941050"/>
    <nd ref="9129941133"/>
    <nd ref="9129941132"/>
    <nd ref="9129941049"/>
    <nd ref="9129941131"/>
    <nd ref="9129941024"/>
    <nd ref="8474117059"/>
    <nd ref="9129941149"/>
    <nd ref="8474117058"/>
    <nd ref="9129941150"/>
    <nd ref="9129941151"/>
    <nd ref="9129941046"/>
    <nd ref="9129941022"/>
    <nd ref="9129941148"/>
    <nd ref="13207984483"/>
    <nd ref="13207984478"/>
    <tag k="addr:city" v="Guelph"/>
    <tag k="addr:flats" v="7-8"/>
    <tag k="addr:housenumber" v="75"/>
    <tag k="addr:postcode" v="N1H 8J8"/>
    <tag k="addr:street" v="Flaherty Drive"/>
    <tag k="building" v="yes"/>
  </way>
  <way id="921078119" version="5" timestamp="2026-09-30T04:08:11Z" changeset="189754830" uid="24088502" user="skfd imports">
    <center lat="43.5244620" lon="-80.2774218"/>
    <nd ref="8551680974"/>
    <nd ref="8551680971"/>
    <nd ref="8551680972"/>
    <nd ref="8551680969"/>
    <nd ref="8551680970"/>
    <nd ref="8551680973"/>
    <nd ref="8551680974"/>
    <tag k="addr:city" v="Guelph"/>
    <tag k="addr:flats" v="B"/>
    <tag k="addr:housenumber" v="338"/>
    <tag k="addr:postcode" v="N1K 1L8"/>
    <tag k="addr:street" v="Imperial Road South"/>
    <tag k="building" v="yes"/>
  </way>
  <way id="921942596" version="5" timestamp="2026-09-30T04:08:11Z" changeset="189754830" uid="24088502" user="skfd imports">
    <center lat="43.5122717" lon="-80.2772275"/>
    <nd ref="8559200270"/>
    <nd ref="13227899771"/>
    <nd ref="13227899770"/>
    <nd ref="8559200269"/>
    <nd ref="8559200270"/>
    <tag k="addr:city" v="Guelph"/>
    <tag k="addr:flats" v="36-37"/>
    <tag k="addr:housenumber" v="190"/>
    <tag k="addr:postcode" v="N1H 8L4"/>
    <tag k="addr:street" v="Fife Road"/>
    <tag k="building" v="yes"/>
  </way>
  <way id="921942597" version="5" timestamp="2026-09-30T04:08:11Z" changeset="189754830" uid="24088502" user="skfd imports">
    <center lat="43.5120162" lon="-80.2775719"/>
    <nd ref="8559200274"/>
    <nd ref="13227899777"/>
    <nd ref="13227899776"/>
    <nd ref="8559200273"/>
    <nd ref="8559200274"/>
    <tag k="addr:city" v="Guelph"/>
    <tag k="addr:flats" v="28-29"/>
    <tag k="addr:housenumber" v="190"/>
    <tag k="addr:postcode" v="N1H 8L4"/>
    <tag k="addr:street" v="Fife Road"/>
    <tag k="building" v="yes"/>
  </way>
  <way id="921942598" version="5" timestamp="2026-09-30T04:08:11Z" changeset="189754830" uid="24088502" user="skfd imports">
    <center lat="43.5119450" lon="-80.2767714"/>
    <nd ref="8559200278"/>
    <nd ref="13227899791"/>
    <nd ref="13227899790"/>
    <nd ref="8559200275"/>
    <nd ref="8559200278"/>
    <tag k="addr:city" v="Guelph"/>
    <tag k="addr:flats" v="85-86"/>
    <tag k="addr:housenumber" v="190"/>
    <tag k="addr:postcode" v="N1H 8L4"/>
    <tag k="addr:street" v="Fife Road"/>
    <tag k="building" v="yes"/>
  </way>
  <way id="921942599" version="5" timestamp="2026-09-30T04:08:11Z" changeset="189754830" uid="24088502" user="skfd imports">
    <center lat="43.5120814" lon="-80.2765976"/>
    <nd ref="8559200281"/>
    <nd ref="13227899751"/>
    <nd ref="13227899750"/>
    <nd ref="8559200280"/>
    <nd ref="8559200281"/>
    <tag k="addr:city" v="Guelph"/>
    <tag k="addr:flats" v="83-84"/>
    <tag k="addr:housenumber" v="190"/>
    <tag k="addr:postcode" v="N1H 8L4"/>
    <tag k="addr:street" v="Fife Road"/>
    <tag k="building" v="yes"/>
  </way>
  <way id="921942600" version="5" timestamp="2026-09-30T04:08:11Z" changeset="189754830" uid="24088502" user="skfd imports">
    <center lat="43.5123318" lon="-80.2762538"/>
    <nd ref="8559200285"/>
    <nd ref="13227899765"/>
    <nd ref="13227899764"/>
    <nd ref="8559200284"/>
    <nd ref="8559200285"/>
    <tag k="addr:city" v="Guelph"/>
    <tag k="addr:flats" v="75-76"/>
    <tag k="addr:housenumber" v="190"/>
    <tag k="addr:postcode" v="N1H 8L4"/>
    <tag k="addr:street" v="Fife Road"/>
    <tag k="building" v="yes"/>
  </way>
  <way id="921942601" version="5" timestamp="2026-09-30T04:08:11Z" changeset="189754830" uid="24088502" user="skfd imports">
    <center lat="43.5127030" lon="-80.2766473"/>
    <nd ref="8559200290"/>
    <nd ref="13227899745"/>
    <nd ref="13227899744"/>
    <nd ref="8559200289"/>
    <nd ref="8559200290"/>
    <tag k="addr:city" v="Guelph"/>
    <tag k="addr:flats" v="45-46"/>
    <tag k="addr:housenumber" v="190"/>
    <tag k="addr:postcode" v="N1H 8L4"/>
    <tag k="addr:street" v="Fife Road"/>
    <tag k="building" v="yes"/>
  </way>
  <way id="921942602" version="5" timestamp="2026-09-30T04:08:11Z" changeset="189754830" uid="24088502" user="skfd imports">
    <center lat="43.5129585" lon="-80.2763005"/>
    <nd ref="8559200294"/>
    <nd ref="13227899739"/>
    <nd ref="13227899738"/>
    <nd ref="8559200293"/>
    <nd ref="8559200294"/>
    <tag k="addr:city" v="Guelph"/>
    <tag k="addr:flats" v="53-54"/>
    <tag k="addr:housenumber" v="190"/>
    <tag k="addr:postcode" v="N1H 8L4"/>
    <tag k="addr:street" v="Fife Road"/>
    <tag k="building" v="yes"/>
  </way>
  <way id="923609578" version="7" timestamp="2026-09-30T04:05:47Z" changeset="189754783" uid="24088502" user="skfd imports">
    <center lat="43.5381164" lon="-80.2540033"/>
    <nd ref="8573581046"/>
    <nd ref="8573581045"/>
    <nd ref="8573581044"/>
    <nd ref="8573581043"/>
    <nd ref="8573581046"/>
    <tag k="addr:city" v="Guelph"/>
    <tag k="addr:flats" v="101-110"/>
    <tag k="addr:housenumber" v="121"/>
    <tag k="addr:postcode" v="N1H 3H9"/>
    <tag k="addr:street" v="Waterloo Avenue"/>
    <tag k="building" v="apartments"/>
  </way>
  <way id="925437750" version="5" timestamp="2026-09-30T04:06:54Z" changeset="189754807" uid="24088502" user="skfd imports">
    <center lat="43.5449113" lon="-80.2549728"/>
    <nd ref="13148477181"/>
    <nd ref="8588680741"/>
    <nd ref="8588680735"/>
    <nd ref="8588680736"/>
    <nd ref="8588680742"/>
    <nd ref="13148477180"/>
    <nd ref="13148477181"/>
    <tag k="addr:city" v="Guelph"/>
    <tag k="addr:flats" v="A;B"/>
    <tag k="addr:housenumber" v="126"/>
    <tag k="addr:postcode" v="N1H 4N4"/>
    <tag k="addr:street" v="Dublin Street North"/>
    <tag k="building" v="detached"/>
  </way>
  <way id="925746826" version="6" timestamp="2026-09-30T04:06:54Z" changeset="189754807" uid="24088502" user="skfd imports">
    <center lat="43.5466527" lon="-80.2547854"/>
    <nd ref="13148477177"/>
    <nd ref="8591376722"/>
    <nd ref="12473444372"/>
    <nd ref="8591376719"/>
    <nd ref="8591376718"/>
    <nd ref="8591376721"/>
    <nd ref="13148477178"/>
    <nd ref="13148477177"/>
    <tag k="addr:city" v="Guelph"/>
    <tag k="addr:flats" v="A;B;C"/>
    <tag k="addr:housenumber" v="23"/>
    <tag k="addr:postcode" v="N1H 2K8"/>
    <tag k="addr:street" v="Liverpool Street"/>
    <tag k="building" v="detached"/>
  </way>
  <way id="925775122" version="6" timestamp="2026-09-30T04:06:54Z" changeset="189754807" uid="24088502" user="skfd imports">
    <center lat="43.5509342" lon="-80.2554986"/>
    <nd ref="8591567835"/>
    <nd ref="8591567834"/>
    <nd ref="8591567833"/>
    <nd ref="8591567832"/>
    <nd ref="8591567835"/>
    <tag k="addr:city" v="Guelph"/>
    <tag k="addr:flats" v="1-4"/>
    <tag k="addr:housenumber" v="122"/>
    <tag k="addr:postcode" v="N1H 3Z6"/>
    <tag k="addr:street" v="Cardigan Street"/>
    <tag k="building" v="detached"/>
  </way>
  <way id="925775200" version="6" timestamp="2026-09-30T04:06:54Z" changeset="189754807" uid="24088502" user="skfd imports">
    <center lat="43.5467115" lon="-80.2567279"/>
    <nd ref="8591568427"/>
    <nd ref="8591568424"/>
    <nd ref="8591568423"/>
    <nd ref="8591568421"/>
    <nd ref="8591568420"/>
    <nd ref="8591568422"/>
    <nd ref="8591568425"/>
    <nd ref="8591568426"/>
    <nd ref="8591568418"/>
    <nd ref="8591568417"/>
    <nd ref="8591568416"/>
    <nd ref="8591568419"/>
    <nd ref="8591568427"/>
    <tag k="addr:city" v="Guelph"/>
    <tag k="addr:flats" v="101-102;203-204;305-306;407-408;PH"/>
    <tag k="addr:housenumber" v="57"/>
    <tag k="addr:postcode" v="N1H 2J1"/>
    <tag k="addr:street" v="Suffolk Street West"/>
    <tag k="building" v="apartments"/>
  </way>
  <way id="925796246" version="6" timestamp="2026-09-30T04:06:54Z" changeset="189754807" uid="24088502" user="skfd imports">
    <center lat="43.5496279" lon="-80.2588524"/>
    <nd ref="8591769314"/>
    <nd ref="8591769311"/>
    <nd ref="8591769312"/>
    <nd ref="12474275727"/>
    <nd ref="8591769313"/>
    <nd ref="8591769314"/>
    <tag k="addr:city" v="Guelph"/>
    <tag k="addr:flats" v="A;B;C"/>
    <tag k="addr:housenumber" v="42"/>
    <tag k="addr:postcode" v="N1H 2A6"/>
    <tag k="addr:street" v="Mctague Street"/>
    <tag k="building" v="detached"/>
  </way>
  <way id="926071750" version="5" timestamp="2026-09-30T04:06:54Z" changeset="189754807" uid="24088502" user="skfd imports">
    <center lat="43.5535449" lon="-80.2619668"/>
    <nd ref="8594047701"/>
    <nd ref="8594047698"/>
    <nd ref="8594047699"/>
    <nd ref="8594047700"/>
    <nd ref="8594047701"/>
    <tag k="addr:city" v="Guelph"/>
    <tag k="addr:flats" v="B"/>
    <tag k="addr:housenumber" v="448"/>
    <tag k="addr:postcode" v="N1H 3X4"/>
    <tag k="addr:street" v="Woolwich Street"/>
    <tag k="building" v="detached"/>
  </way>
  <way id="926452787" version="5" timestamp="2026-09-30T04:06:54Z" changeset="189754807" uid="24088502" user="skfd imports">
    <center lat="43.5539710" lon="-80.2664756"/>
    <nd ref="8597311208"/>
    <nd ref="8597311196"/>
    <nd ref="8597311194"/>
    <nd ref="8597311193"/>
    <nd ref="8597311195"/>
    <nd ref="8597311192"/>
    <nd ref="8597311190"/>
    <nd ref="8597311189"/>
    <nd ref="8597311191"/>
    <nd ref="8597311207"/>
    <nd ref="8597311206"/>
    <nd ref="8597311203"/>
    <nd ref="8597311204"/>
    <nd ref="8597311202"/>
    <nd ref="8597311201"/>
    <nd ref="8597311200"/>
    <nd ref="8597311198"/>
    <nd ref="8597311197"/>
    <nd ref="8597311199"/>
    <nd ref="8597311205"/>
    <nd ref="8597311208"/>
    <tag k="addr:city" v="Guelph"/>
    <tag k="addr:flats" v="A;B;C;D;E;F;G;H;I;J;K"/>
    <tag k="addr:housenumber" v="253"/>
    <tag k="addr:postcode" v="N1H 4R6"/>
    <tag k="addr:street" v="Exhibition Street"/>
    <tag k="building" v="yes"/>
    <tag k="office" v="yes"/>
  </way>
  <way id="926452788" version="5" timestamp="2026-09-30T04:06:54Z" changeset="189754807" uid="24088502" user="skfd imports">
    <center lat="43.5541884" lon="-80.2667847"/>
    <nd ref="8597316628"/>
    <nd ref="8597316619"/>
    <nd ref="8597316618"/>
    <nd ref="8597316617"/>
    <nd ref="8597316620"/>
    <nd ref="8597316624"/>
    <nd ref="8597316622"/>
    <nd ref="8597316621"/>
    <nd ref="8597316623"/>
    <nd ref="8597316627"/>
    <nd ref="8597316626"/>
    <nd ref="8597311216"/>
    <nd ref="8597311214"/>
    <nd ref="8597311213"/>
    <nd ref="8597311215"/>
    <nd ref="8597311212"/>
    <nd ref="8597311210"/>
    <nd ref="8597311209"/>
    <nd ref="8597311211"/>
    <nd ref="8597316625"/>
    <nd ref="8597316628"/>
    <tag k="addr:city" v="Guelph"/>
    <tag k="addr:flats" v="A;B;C;D;E;F;G;H;I;J;K"/>
    <tag k="addr:housenumber" v="263"/>
    <tag k="addr:postcode" v="N1H 4R6"/>
    <tag k="addr:street" v="Exhibition Street"/>
    <tag k="building" v="yes"/>
    <tag k="office" v="yes"/>
  </way>
  <way id="927975771" version="4" timestamp="2026-09-30T04:04:45Z" changeset="189754754" uid="24088502" user="skfd imports">
    <center lat="43.5489307" lon="-80.2383339"/>
    <nd ref="8608706898"/>
    <nd ref="8608706895"/>
    <nd ref="8608706896"/>
    <nd ref="8608706901"/>
    <nd ref="8608706894"/>
    <nd ref="8608706897"/>
    <nd ref="8608706892"/>
    <nd ref="8608706893"/>
    <nd ref="8608706898"/>
    <tag k="addr:city" v="Guelph"/>
    <tag k="addr:flats" v="A;B"/>
    <tag k="addr:housenumber" v="47"/>
    <tag k="addr:postcode" v="N1E 5L3"/>
    <tag k="addr:street" v="Huron Street"/>
    <tag k="building" v="yes"/>
  </way>
  <way id="927975886" version="4" timestamp="2026-09-30T04:04:45Z" changeset="189754754" uid="24088502" user="skfd imports">
    <center lat="43.5472713" lon="-80.2360276"/>
    <nd ref="8608707702"/>
    <nd ref="8608707699"/>
    <nd ref="8608707698"/>
    <nd ref="8608707697"/>
    <nd ref="8608707700"/>
    <nd ref="8608707701"/>
    <nd ref="8608707702"/>
    <tag k="addr:city" v="Guelph"/>
    <tag k="addr:flats" v="A;B;C"/>
    <tag k="addr:housenumber" v="131"/>
    <tag k="addr:postcode" v="N1E 2Z7"/>
    <tag k="addr:street" v="Huron Street"/>
    <tag k="building" v="yes"/>
  </way>
  <way id="929589622" version="8" timestamp="2026-09-30T04:06:41Z" changeset="189754804" uid="24088502" user="skfd imports">
    <center lat="43.5502312" lon="-80.2446546"/>
    <nd ref="8621042162"/>
    <nd ref="8621042159"/>
    <nd ref="8621042160"/>
    <nd ref="8621042152"/>
    <nd ref="8621042154"/>
    <nd ref="14158044357"/>
    <nd ref="8621042150"/>
    <nd ref="8621042156"/>
    <nd ref="8621042157"/>
    <nd ref="8621042158"/>
    <nd ref="8621042155"/>
    <nd ref="8621042151"/>
    <nd ref="14158044358"/>
    <nd ref="8621042153"/>
    <nd ref="8621042161"/>
    <nd ref="14158077433"/>
    <nd ref="14158077435"/>
    <nd ref="14158077434"/>
    <nd ref="8621042162"/>
    <tag k="addr:city" v="Guelph"/>
    <tag k="addr:flats" v="1-10"/>
    <tag k="addr:housenumber" v="10"/>
    <tag k="addr:postcode" v="N1E 6T4"/>
    <tag k="addr:street" v="Stuart Street"/>
    <tag k="building" v="yes"/>
    <tag k="name" v="Ker Kavan Mews"/>
  </way>
  <way id="931652638" version="4" timestamp="2026-09-30T04:08:46Z" changeset="189754845" uid="24088502" user="skfd imports">
    <center lat="43.5511365" lon="-80.2505995"/>
    <nd ref="8637126308"/>
    <nd ref="8637126304"/>
    <nd ref="8637126303"/>
    <nd ref="8637126305"/>
    <nd ref="8637126301"/>
    <nd ref="8637126302"/>
    <nd ref="8637126306"/>
    <nd ref="8637126307"/>
    <nd ref="8637126308"/>
    <tag k="addr:city" v="Guelph"/>
    <tag k="addr:flats" v="A;B;C"/>
    <tag k="addr:housenumber" v="108"/>
    <tag k="addr:postcode" v="N1E 4P8"/>
    <tag k="addr:street" v="King Street"/>
    <tag k="building" v="yes"/>
  </way>
  <way id="937552909" version="6" timestamp="2026-09-30T04:10:39Z" changeset="189754874" uid="24088502" user="skfd imports">
    <center lat="43.5689388" lon="-80.2359302"/>
    <nd ref="8687075048"/>
    <nd ref="8687075040"/>
    <nd ref="8687075039"/>
    <nd ref="8687075038"/>
    <nd ref="8687075037"/>
    <nd ref="8687075035"/>
    <nd ref="8687075034"/>
    <nd ref="8687075033"/>
    <nd ref="8687075036"/>
    <nd ref="8687075047"/>
    <nd ref="8687075046"/>
    <nd ref="8687075041"/>
    <nd ref="8687075042"/>
    <nd ref="8687075043"/>
    <nd ref="8687075044"/>
    <nd ref="8687075032"/>
    <nd ref="8687075031"/>
    <nd ref="8687075045"/>
    <nd ref="8687075048"/>
    <tag k="addr:city" v="Guelph"/>
    <tag k="addr:flats" v="37-40"/>
    <tag k="addr:housenumber" v="470"/>
    <tag k="addr:postcode" v="N1E 6W4"/>
    <tag k="addr:street" v="Auden Road"/>
    <tag k="building" v="yes"/>
  </way>
  <way id="937552911" version="6" timestamp="2026-09-30T04:10:39Z" changeset="189754874" uid="24088502" user="skfd imports">
    <center lat="43.5687916" lon="-80.2354503"/>
    <nd ref="8687075078"/>
    <nd ref="8687075060"/>
    <nd ref="8687075058"/>
    <nd ref="8687075057"/>
    <nd ref="8687075059"/>
    <nd ref="8687075066"/>
    <nd ref="8687075065"/>
    <nd ref="8687075064"/>
    <nd ref="8687075063"/>
    <nd ref="8687075077"/>
    <nd ref="8687075076"/>
    <nd ref="8687075061"/>
    <nd ref="8687075062"/>
    <nd ref="8687075074"/>
    <nd ref="8687075070"/>
    <nd ref="8687075069"/>
    <nd ref="8687075073"/>
    <nd ref="8687075067"/>
    <nd ref="8687075068"/>
    <nd ref="8687075075"/>
    <nd ref="8687075071"/>
    <nd ref="8687075072"/>
    <nd ref="8687075078"/>
    <tag k="addr:city" v="Guelph"/>
    <tag k="addr:flats" v="32-36"/>
    <tag k="addr:housenumber" v="470"/>
    <tag k="addr:postcode" v="N1E 6W4"/>
    <tag k="addr:street" v="Auden Road"/>
    <tag k="building" v="yes"/>
  </way>
  <way id="937552912" version="6" timestamp="2026-09-30T04:10:39Z" changeset="189754874" uid="24088502" user="skfd imports">
    <center lat="43.5685643" lon="-80.2357873"/>
    <nd ref="8687075100"/>
    <nd ref="8687075090"/>
    <nd ref="8687075089"/>
    <nd ref="8687075088"/>
    <nd ref="8687075087"/>
    <nd ref="8687075097"/>
    <nd ref="8687075085"/>
    <nd ref="8687075086"/>
    <nd ref="8687075096"/>
    <nd ref="8687075092"/>
    <nd ref="8687075091"/>
    <nd ref="8687075095"/>
    <nd ref="8687075093"/>
    <nd ref="8687075094"/>
    <nd ref="8687075098"/>
    <nd ref="8687075082"/>
    <nd ref="8687075081"/>
    <nd ref="8687075099"/>
    <nd ref="8687075080"/>
    <nd ref="8687075079"/>
    <nd ref="8687075083"/>
    <nd ref="8687075084"/>
    <nd ref="8687075100"/>
    <tag k="addr:city" v="Guelph"/>
    <tag k="addr:flats" v="26-31"/>
    <tag k="addr:housenumber" v="470"/>
    <tag k="addr:postcode" v="N1E 6W4"/>
    <tag k="addr:street" v="Auden Road"/>
    <tag k="building" v="yes"/>
  </way>
  <way id="937552913" version="6" timestamp="2026-09-30T04:10:39Z" changeset="189754874" uid="24088502" user="skfd imports">
    <center lat="43.5687854" lon="-80.2361361"/>
    <nd ref="8687075118"/>
    <nd ref="8687075114"/>
    <nd ref="8687075113"/>
    <nd ref="8687075112"/>
    <nd ref="8687075111"/>
    <nd ref="8687075110"/>
    <nd ref="8687075109"/>
    <nd ref="8687075115"/>
    <nd ref="8687075116"/>
    <nd ref="8687075107"/>
    <nd ref="8687075106"/>
    <nd ref="8687075103"/>
    <nd ref="8687075102"/>
    <nd ref="8687075101"/>
    <nd ref="8687075104"/>
    <nd ref="8687075105"/>
    <nd ref="8687075108"/>
    <nd ref="8687075117"/>
    <nd ref="8687075118"/>
    <tag k="addr:city" v="Guelph"/>
    <tag k="addr:flats" v="41-44"/>
    <tag k="addr:housenumber" v="470"/>
    <tag k="addr:postcode" v="N1E 6W4"/>
    <tag k="addr:street" v="Auden Road"/>
    <tag k="building" v="yes"/>
  </way>
  <way id="937552914" version="6" timestamp="2026-09-30T04:10:39Z" changeset="189754874" uid="24088502" user="skfd imports">
    <center lat="43.5685248" lon="-80.2364961"/>
    <nd ref="8687075136"/>
    <nd ref="8687075126"/>
    <nd ref="8687075125"/>
    <nd ref="8687075124"/>
    <nd ref="8687075122"/>
    <nd ref="8687075121"/>
    <nd ref="8687075123"/>
    <nd ref="8687075119"/>
    <nd ref="8687075120"/>
    <nd ref="8687075128"/>
    <nd ref="8687075127"/>
    <nd ref="8687075135"/>
    <nd ref="8687075134"/>
    <nd ref="8687075129"/>
    <nd ref="8687075130"/>
    <nd ref="8687075132"/>
    <nd ref="8687075131"/>
    <nd ref="8687075133"/>
    <nd ref="8687075136"/>
    <tag k="addr:city" v="Guelph"/>
    <tag k="addr:flats" v="45-48"/>
    <tag k="addr:housenumber" v="470"/>
    <tag k="addr:postcode" v="N1E 6W4"/>
    <tag k="addr:street" v="Auden Road"/>
    <tag k="building" v="yes"/>
  </way>
  <way id="937552915" version="6" timestamp="2026-09-30T04:10:39Z" changeset="189754874" uid="24088502" user="skfd imports">
    <center lat="43.5682638" lon="-80.2361413"/>
    <nd ref="13191856594"/>
    <nd ref="8687075148"/>
    <nd ref="8687075140"/>
    <nd ref="8687075139"/>
    <nd ref="8687075146"/>
    <nd ref="8687075152"/>
    <nd ref="8687075138"/>
    <nd ref="13191856594"/>
    <tag k="addr:city" v="Guelph"/>
    <tag k="addr:flats" v="22-23"/>
    <tag k="addr:housenumber" v="470"/>
    <tag k="addr:postcode" v="N1E 6W4"/>
    <tag k="addr:street" v="Auden Road"/>
    <tag k="building" v="yes"/>
  </way>
  <way id="937552916" version="6" timestamp="2026-09-30T04:10:39Z" changeset="189754874" uid="24088502" user="skfd imports">
    <center lat="43.5680724" lon="-80.2357936"/>
    <nd ref="13191856598"/>
    <nd ref="8687075170"/>
    <nd ref="13191856600"/>
    <nd ref="8687075158"/>
    <nd ref="8687075161"/>
    <nd ref="8687075160"/>
    <nd ref="8687075159"/>
    <nd ref="8687075162"/>
    <nd ref="8687075174"/>
    <nd ref="8687075168"/>
    <nd ref="13191856598"/>
    <tag k="addr:city" v="Guelph"/>
    <tag k="addr:flats" v="16-17"/>
    <tag k="addr:housenumber" v="470"/>
    <tag k="addr:postcode" v="N1E 6W4"/>
    <tag k="addr:street" v="Auden Road"/>
    <tag k="building" v="yes"/>
  </way>
  <way id="937552917" version="6" timestamp="2026-09-30T04:10:39Z" changeset="189754874" uid="24088502" user="skfd imports">
    <center lat="43.5683251" lon="-80.2353851"/>
    <nd ref="8687075202"/>
    <nd ref="8687075181"/>
    <nd ref="8687075182"/>
    <nd ref="8687075186"/>
    <nd ref="8687075185"/>
    <nd ref="8687075184"/>
    <nd ref="8687075183"/>
    <nd ref="8687075199"/>
    <nd ref="8687075197"/>
    <nd ref="8687075187"/>
    <nd ref="8687075188"/>
    <nd ref="8687075198"/>
    <nd ref="8687075192"/>
    <nd ref="8687075191"/>
    <nd ref="8687075200"/>
    <nd ref="8687075190"/>
    <nd ref="8687075189"/>
    <nd ref="8687075201"/>
    <nd ref="8687075193"/>
    <nd ref="8687075194"/>
    <nd ref="8687075195"/>
    <nd ref="8687075196"/>
    <nd ref="8687075180"/>
    <nd ref="8687075179"/>
    <nd ref="8687075202"/>
    <tag k="addr:city" v="Guelph"/>
    <tag k="addr:flats" v="7-13"/>
    <tag k="addr:housenumber" v="470"/>
    <tag k="addr:postcode" v="N1E 6W4"/>
    <tag k="addr:street" v="Auden Road"/>
    <tag k="building" v="yes"/>
  </way>
  <way id="937552918" version="6" timestamp="2026-09-30T04:10:39Z" changeset="189754874" uid="24088502" user="skfd imports">
    <center lat="43.5685989" lon="-80.2350149"/>
    <nd ref="8687075220"/>
    <nd ref="8687075177"/>
    <nd ref="8687075176"/>
    <nd ref="8687075175"/>
    <nd ref="8687075178"/>
    <nd ref="8687075216"/>
    <nd ref="8687075215"/>
    <nd ref="8687075214"/>
    <nd ref="8687075213"/>
    <nd ref="8687075219"/>
    <nd ref="8687075218"/>
    <nd ref="8687075211"/>
    <nd ref="8687075212"/>
    <nd ref="8687075210"/>
    <nd ref="8687075204"/>
    <nd ref="8687075203"/>
    <nd ref="8687075209"/>
    <nd ref="8687075217"/>
    <nd ref="8687075205"/>
    <nd ref="8687075206"/>
    <nd ref="8687075207"/>
    <nd ref="8687075208"/>
    <nd ref="8687075220"/>
    <tag k="addr:city" v="Guelph"/>
    <tag k="addr:flats" v="1-6"/>
    <tag k="addr:housenumber" v="470"/>
    <tag k="addr:postcode" v="N1E 6W4"/>
    <tag k="addr:street" v="Auden Road"/>
    <tag k="building" v="yes"/>
  </way>
  <way id="937956322" version="6" timestamp="2026-09-30T04:10:39Z" changeset="189754874" uid="24088502" user="skfd imports">
    <center lat="43.5689743" lon="-80.2339767"/>
    <nd ref="8689751181"/>
    <nd ref="8689751221"/>
    <nd ref="8689751201"/>
    <nd ref="8689751222"/>
    <nd ref="8689751225"/>
    <nd ref="8689751224"/>
    <nd ref="8689751223"/>
    <nd ref="8689751200"/>
    <nd ref="8689751182"/>
    <nd ref="8689751180"/>
    <nd ref="8689751219"/>
    <nd ref="8689751190"/>
    <nd ref="8689751215"/>
    <nd ref="8689751214"/>
    <nd ref="8689751204"/>
    <nd ref="8689751211"/>
    <nd ref="8689751217"/>
    <nd ref="8689751216"/>
    <nd ref="8689751218"/>
    <nd ref="8689751196"/>
    <nd ref="8689751212"/>
    <nd ref="8689751213"/>
    <nd ref="8689751195"/>
    <nd ref="8689751220"/>
    <nd ref="8689751181"/>
    <tag k="addr:city" v="Guelph"/>
    <tag k="addr:flats" v="14-20"/>
    <tag k="addr:housenumber" v="467"/>
    <tag k="addr:postcode" v="N1E 6W5"/>
    <tag k="addr:street" v="Auden Road"/>
    <tag k="building" v="yes"/>
  </way>
  <way id="937956323" version="6" timestamp="2026-09-30T04:10:39Z" changeset="189754874" uid="24088502" user="skfd imports">
    <center lat="43.5693464" lon="-80.2345765"/>
    <nd ref="8689751278"/>
    <nd ref="8689751206"/>
    <nd ref="8689751270"/>
    <nd ref="8689751269"/>
    <nd ref="8689751208"/>
    <nd ref="8689751275"/>
    <nd ref="8689751210"/>
    <nd ref="8689751272"/>
    <nd ref="8689751271"/>
    <nd ref="8689751273"/>
    <nd ref="8689751274"/>
    <nd ref="8689751207"/>
    <nd ref="8689751209"/>
    <nd ref="8689751276"/>
    <nd ref="8689751277"/>
    <nd ref="8689751189"/>
    <nd ref="8689751268"/>
    <nd ref="8689751267"/>
    <nd ref="8689751188"/>
    <nd ref="8689751183"/>
    <nd ref="8689751266"/>
    <nd ref="8689751265"/>
    <nd ref="8689751278"/>
    <tag k="addr:city" v="Guelph"/>
    <tag k="addr:flats" v="39-44"/>
    <tag k="addr:housenumber" v="467"/>
    <tag k="addr:postcode" v="N1E 6W5"/>
    <tag k="addr:street" v="Auden Road"/>
    <tag k="building" v="yes"/>
  </way>
  <way id="937956324" version="6" timestamp="2026-09-30T04:10:39Z" changeset="189754874" uid="24088502" user="skfd imports">
    <center lat="43.5692923" lon="-80.2339513"/>
    <nd ref="8689751197"/>
    <nd ref="8689751234"/>
    <nd ref="8689751194"/>
    <nd ref="8689751229"/>
    <nd ref="8689751228"/>
    <nd ref="8689751193"/>
    <nd ref="8689751187"/>
    <nd ref="8689751227"/>
    <nd ref="8689751226"/>
    <nd ref="8689751233"/>
    <nd ref="8689751178"/>
    <nd ref="8689751230"/>
    <nd ref="8689751202"/>
    <nd ref="8689751232"/>
    <nd ref="8689751231"/>
    <nd ref="8689751203"/>
    <nd ref="8689751235"/>
    <nd ref="8689751199"/>
    <nd ref="8689751239"/>
    <nd ref="8689751240"/>
    <nd ref="8689751238"/>
    <nd ref="8689751236"/>
    <nd ref="8689751237"/>
    <nd ref="8689751198"/>
    <nd ref="8689751197"/>
    <tag k="addr:city" v="Guelph"/>
    <tag k="addr:flats" v="7-13"/>
    <tag k="addr:housenumber" v="467"/>
    <tag k="addr:postcode" v="N1E 6W5"/>
    <tag k="addr:street" v="Auden Road"/>
    <tag k="building" v="yes"/>
  </way>
  <way id="937956325" version="6" timestamp="2026-09-30T04:10:39Z" changeset="189754874" uid="24088502" user="skfd imports">
    <center lat="43.5697911" lon="-80.2346443"/>
    <nd ref="8689751264"/>
    <nd ref="8689751261"/>
    <nd ref="8689751246"/>
    <nd ref="8689751247"/>
    <nd ref="8689751248"/>
    <nd ref="8689751245"/>
    <nd ref="8689751249"/>
    <nd ref="8689751250"/>
    <nd ref="8689751260"/>
    <nd ref="8689751259"/>
    <nd ref="8689751258"/>
    <nd ref="8689751254"/>
    <nd ref="8689751253"/>
    <nd ref="8689751257"/>
    <nd ref="8689751262"/>
    <nd ref="8689751251"/>
    <nd ref="8689751252"/>
    <nd ref="8689751255"/>
    <nd ref="8689751256"/>
    <nd ref="8689751263"/>
    <nd ref="8689751244"/>
    <nd ref="8689751242"/>
    <nd ref="8689751241"/>
    <nd ref="8689751243"/>
    <nd ref="8689751264"/>
    <tag k="addr:city" v="Guelph"/>
    <tag k="addr:flats" v="1-6"/>
    <tag k="addr:housenumber" v="467"/>
    <tag k="addr:postcode" v="N1E 6W5"/>
    <tag k="addr:street" v="Auden Road"/>
    <tag k="building" v="yes"/>
  </way>
  <way id="937956326" version="6" timestamp="2026-09-30T04:10:39Z" changeset="189754874" uid="24088502" user="skfd imports">
    <center lat="43.5695430" lon="-80.2350002"/>
    <nd ref="8689751184"/>
    <nd ref="8689751287"/>
    <nd ref="8689751286"/>
    <nd ref="8689751186"/>
    <nd ref="8689751285"/>
    <nd ref="8689751284"/>
    <nd ref="8689751283"/>
    <nd ref="8689751191"/>
    <nd ref="8689751282"/>
    <nd ref="8689751192"/>
    <nd ref="8689751185"/>
    <nd ref="8689751179"/>
    <nd ref="8689751279"/>
    <nd ref="8689751205"/>
    <nd ref="8689751281"/>
    <nd ref="8689751280"/>
    <nd ref="8689751288"/>
    <nd ref="8689751289"/>
    <nd ref="8689751184"/>
    <tag k="addr:city" v="Guelph"/>
    <tag k="addr:flats" v="33-38"/>
    <tag k="addr:housenumber" v="467"/>
    <tag k="addr:postcode" v="N1E 6W5"/>
    <tag k="addr:street" v="Auden Road"/>
    <tag k="building" v="yes"/>
  </way>
  <way id="937956327" version="6" timestamp="2026-09-30T04:10:39Z" changeset="189754874" uid="24088502" user="skfd imports">
    <center lat="43.5693757" lon="-80.2352522"/>
    <nd ref="8689751307"/>
    <nd ref="8689751301"/>
    <nd ref="8689751297"/>
    <nd ref="8689751296"/>
    <nd ref="8689751300"/>
    <nd ref="8689751298"/>
    <nd ref="8689751299"/>
    <nd ref="8689751295"/>
    <nd ref="8689751293"/>
    <nd ref="8689751292"/>
    <nd ref="8689751294"/>
    <nd ref="8689751291"/>
    <nd ref="8689751290"/>
    <nd ref="8689751304"/>
    <nd ref="8689751305"/>
    <nd ref="8689751306"/>
    <nd ref="8689751302"/>
    <nd ref="8689751303"/>
    <nd ref="8689751307"/>
    <tag k="addr:city" v="Guelph"/>
    <tag k="addr:flats" v="27-32"/>
    <tag k="addr:housenumber" v="467"/>
    <tag k="addr:postcode" v="N1E 6W5"/>
    <tag k="addr:street" v="Auden Road"/>
    <tag k="building" v="yes"/>
  </way>
  <way id="937956329" version="6" timestamp="2026-09-30T04:10:39Z" changeset="189754874" uid="24088502" user="skfd imports">
    <center lat="43.5690758" lon="-80.2346563"/>
    <nd ref="8689751343"/>
    <nd ref="8689751342"/>
    <nd ref="8689751320"/>
    <nd ref="8689751321"/>
    <nd ref="8689751335"/>
    <nd ref="8689751334"/>
    <nd ref="8689751341"/>
    <nd ref="8689751336"/>
    <nd ref="8689751337"/>
    <nd ref="8689751330"/>
    <nd ref="8689751329"/>
    <nd ref="8689751328"/>
    <nd ref="8689751331"/>
    <nd ref="8689751340"/>
    <nd ref="8689751332"/>
    <nd ref="8689751323"/>
    <nd ref="8689751324"/>
    <nd ref="8689751325"/>
    <nd ref="8689751322"/>
    <nd ref="8689751326"/>
    <nd ref="8689751327"/>
    <nd ref="8689751333"/>
    <nd ref="8689751338"/>
    <nd ref="8689751339"/>
    <nd ref="8689751343"/>
    <tag k="addr:city" v="Guelph"/>
    <tag k="addr:flats" v="21-26"/>
    <tag k="addr:housenumber" v="467"/>
    <tag k="addr:postcode" v="N1E 6W5"/>
    <tag k="addr:street" v="Auden Road"/>
    <tag k="building" v="yes"/>
  </way>
  <way id="939208872" version="5" timestamp="2026-09-30T04:10:39Z" changeset="189754874" uid="24088502" user="skfd imports">
    <center lat="43.5590921" lon="-80.2157330"/>
    <nd ref="8700433123"/>
    <nd ref="8700433122"/>
    <nd ref="8700433121"/>
    <nd ref="8700433119"/>
    <nd ref="8700433117"/>
    <nd ref="8700418616"/>
    <nd ref="8700433118"/>
    <nd ref="8700433120"/>
    <nd ref="8700433123"/>
    <tag k="addr:city" v="Guelph"/>
    <tag k="addr:flats" v="101-108"/>
    <tag k="addr:housenumber" v="5"/>
    <tag k="addr:street" v="Cityview Drive South"/>
    <tag k="building" v="yes"/>
  </way>
  <way id="939208873" version="5" timestamp="2026-09-30T04:10:39Z" changeset="189754874" uid="24088502" user="skfd imports">
    <center lat="43.5592288" lon="-80.2153176"/>
    <nd ref="8700433131"/>
    <nd ref="8700433130"/>
    <nd ref="8700433129"/>
    <nd ref="8700433128"/>
    <nd ref="8700433127"/>
    <nd ref="8700433126"/>
    <nd ref="8700433125"/>
    <nd ref="8700433124"/>
    <nd ref="8700433131"/>
    <tag k="addr:city" v="Guelph"/>
    <tag k="addr:flats" v="201-212"/>
    <tag k="addr:housenumber" v="7"/>
    <tag k="addr:postcode" v="N1E 0R1"/>
    <tag k="addr:street" v="Cityview Drive South"/>
    <tag k="building" v="yes"/>
  </way>
  <way id="939208874" version="5" timestamp="2026-09-30T04:10:39Z" changeset="189754874" uid="24088502" user="skfd imports">
    <center lat="43.5594066" lon="-80.2148285"/>
    <nd ref="8700433139"/>
    <nd ref="8700433138"/>
    <nd ref="8700433137"/>
    <nd ref="8700433133"/>
    <nd ref="8700433134"/>
    <nd ref="8700433135"/>
    <nd ref="8700433132"/>
    <nd ref="8700433136"/>
    <nd ref="8700433139"/>
    <tag k="addr:city" v="Guelph"/>
    <tag k="addr:flats" v="301-308"/>
    <tag k="addr:housenumber" v="9"/>
    <tag k="addr:street" v="Cityview Drive South"/>
    <tag k="building" v="yes"/>
  </way>
  <way id="941667226" version="5" timestamp="2026-09-30T04:10:39Z" changeset="189754874" uid="24088502" user="skfd imports">
    <center lat="43.5730958" lon="-80.2182414"/>
    <nd ref="8720340240"/>
    <nd ref="8720340220"/>
    <nd ref="8720340218"/>
    <nd ref="8720340217"/>
    <nd ref="8720340219"/>
    <nd ref="8720304016"/>
    <nd ref="8720304014"/>
    <nd ref="8720304013"/>
    <nd ref="8720304015"/>
    <nd ref="8720340239"/>
    <nd ref="8720304012"/>
    <nd ref="8720304010"/>
    <nd ref="8720304009"/>
    <nd ref="8720304011"/>
    <nd ref="8720340236"/>
    <nd ref="8720340235"/>
    <nd ref="8720340233"/>
    <nd ref="8720340234"/>
    <nd ref="8720304008"/>
    <nd ref="8720304006"/>
    <nd ref="8720304005"/>
    <nd ref="8720304007"/>
    <nd ref="8720304004"/>
    <nd ref="8720304002"/>
    <nd ref="8720304001"/>
    <nd ref="8720304003"/>
    <nd ref="8720340238"/>
    <nd ref="8720303999"/>
    <nd ref="8720303998"/>
    <nd ref="8720303997"/>
    <nd ref="8720304000"/>
    <nd ref="8720340237"/>
    <nd ref="8720340232"/>
    <nd ref="8720340230"/>
    <nd ref="8720340229"/>
    <nd ref="8720340231"/>
    <nd ref="8720340227"/>
    <nd ref="8720340226"/>
    <nd ref="8720340225"/>
    <nd ref="8720340228"/>
    <nd ref="8720340224"/>
    <nd ref="8720340222"/>
    <nd ref="8720340221"/>
    <nd ref="8720340223"/>
    <nd ref="8720340240"/>
    <tag k="addr:city" v="Guelph"/>
    <tag k="addr:flats" v="101-120;201-221;301-321;401-421"/>
    <tag k="addr:housenumber" v="308"/>
    <tag k="addr:postcode" v="N1E 7J2"/>
    <tag k="addr:street" v="Watson Parkway North"/>
    <tag k="building" v="yes"/>
  </way>
  <way id="942414532" version="5" timestamp="2026-09-30T04:10:39Z" changeset="189754874" uid="24088502" user="skfd imports">
    <center lat="43.5760990" lon="-80.2208758"/>
    <nd ref="8726798084"/>
    <nd ref="8726798074"/>
    <nd ref="8726798071"/>
    <nd ref="8726798079"/>
    <nd ref="8726798080"/>
    <nd ref="8726798078"/>
    <nd ref="8726798077"/>
    <nd ref="8726798072"/>
    <nd ref="8726798090"/>
    <nd ref="8726798076"/>
    <nd ref="8726798085"/>
    <nd ref="8726798088"/>
    <nd ref="8726798087"/>
    <nd ref="8726798086"/>
    <nd ref="8726798075"/>
    <nd ref="8726798089"/>
    <nd ref="8726798073"/>
    <nd ref="8726798082"/>
    <nd ref="8726798081"/>
    <nd ref="8726798083"/>
    <nd ref="8726798084"/>
    <tag k="addr:city" v="Guelph"/>
    <tag k="addr:flats" v="44-47"/>
    <tag k="addr:housenumber" v="20"/>
    <tag k="addr:street" v="Shackleton Drive"/>
  </way>
  <way id="949555552" version="4" timestamp="2026-09-30T04:09:44Z" changeset="189754862" uid="24088502" user="skfd imports">
    <center lat="43.5104997" lon="-80.1783732"/>
    <nd ref="8790661579"/>
    <nd ref="8790662271"/>
    <nd ref="8790662272"/>
    <nd ref="8790661580"/>
    <nd ref="8790662267"/>
    <nd ref="8790662266"/>
    <nd ref="8790661581"/>
    <nd ref="8790662270"/>
    <nd ref="8790662268"/>
    <nd ref="8790662269"/>
    <nd ref="8790661579"/>
    <tag k="addr:city" v="Guelph"/>
    <tag k="addr:flats" v="B"/>
    <tag k="addr:housenumber" v="161"/>
    <tag k="addr:postcode" v="N1L 0C5"/>
    <tag k="addr:street" v="Goodwin Drive"/>
    <tag k="building" v="yes"/>
  </way>
  <way id="950227736" version="5" timestamp="2026-09-30T04:09:44Z" changeset="189754862" uid="24088502" user="skfd imports">
    <center lat="43.5147336" lon="-80.1749655"/>
    <nd ref="8796856694"/>
    <nd ref="8796856693"/>
    <nd ref="8796856688"/>
    <nd ref="8796856687"/>
    <nd ref="8796856685"/>
    <nd ref="8796856686"/>
    <nd ref="8796856681"/>
    <nd ref="8796856680"/>
    <nd ref="8796856692"/>
    <nd ref="8796856691"/>
    <nd ref="8796856679"/>
    <nd ref="8796856682"/>
    <nd ref="8796856689"/>
    <nd ref="8796856683"/>
    <nd ref="8796856684"/>
    <nd ref="8796856690"/>
    <nd ref="8796856694"/>
    <tag k="addr:city" v="Guelph"/>
    <tag k="addr:flats" v="1-6"/>
    <tag k="addr:housenumber" v="65"/>
    <tag k="addr:street" v="Frederick Drive"/>
    <tag k="building" v="yes"/>
  </way>
  <way id="954036919" version="5" timestamp="2026-09-30T04:08:46Z" changeset="189754845" uid="24088502" user="skfd imports">
    <center lat="43.5712076" lon="-80.2697239"/>
    <nd ref="7514031985"/>
    <nd ref="8830084017"/>
    <nd ref="8830084018"/>
    <nd ref="7514031986"/>
    <nd ref="7514031985"/>
    <tag k="addr:city" v="Guelph"/>
    <tag k="addr:flats" v="3-4"/>
    <tag k="addr:housenumber" v="100"/>
    <tag k="addr:postcode" v="N1E 1B7"/>
    <tag k="addr:street" v="Woodlawn Road East"/>
    <tag k="building" v="house"/>
  </way>
  <way id="954036924" version="5" timestamp="2026-09-30T04:08:46Z" changeset="189754845" uid="24088502" user="skfd imports">
    <center lat="43.5710806" lon="-80.2698956"/>
    <nd ref="7514014782"/>
    <nd ref="8830084027"/>
    <nd ref="8830084028"/>
    <nd ref="7514014783"/>
    <nd ref="7514014782"/>
    <tag k="addr:city" v="Guelph"/>
    <tag k="addr:flats" v="7-8"/>
    <tag k="addr:housenumber" v="100"/>
    <tag k="addr:postcode" v="N1E 1B7"/>
    <tag k="addr:street" v="Woodlawn Road East"/>
    <tag k="building" v="house"/>
  </way>
  <way id="961839908" version="6" timestamp="2026-09-30T04:03:47Z" changeset="189754738" uid="24088502" user="skfd imports">
    <center lat="43.4980364" lon="-80.1851740"/>
    <nd ref="8897272024"/>
    <nd ref="8897272023"/>
    <nd ref="8897272020"/>
    <nd ref="8897272019"/>
    <nd ref="8897272022"/>
    <nd ref="8897272021"/>
    <nd ref="8897272024"/>
    <tag k="addr:city" v="Guelph"/>
    <tag k="addr:flats" v="101-102;201-202"/>
    <tag k="addr:housenumber" v="1886"/>
    <tag k="addr:postcode" v="N1L 1L8"/>
    <tag k="addr:street" v="Gordon Street"/>
    <tag k="building" v="yes"/>
  </way>
  <way id="1002133611" version="5" timestamp="2026-09-30T04:05:03Z" changeset="189754763" uid="24088502" user="skfd imports">
    <center lat="43.5815080" lon="-80.2557433"/>
    <nd ref="9249111719"/>
    <nd ref="9249111720"/>
    <nd ref="9249111721"/>
    <nd ref="9249111722"/>
    <nd ref="9249089716"/>
    <nd ref="9249111719"/>
    <tag k="addr:city" v="Guelph"/>
    <tag k="addr:flats" v="9A;9B"/>
    <tag k="addr:housenumber" v="15"/>
    <tag k="addr:postcode" v="N1E 0K4"/>
    <tag k="addr:street" v="Carere Crescent"/>
    <tag k="building" v="house"/>
    <tag k="house" v="terraced"/>
    <tag k="source" v="microsoft/BuildingFootprints"/>
  </way>
  <way id="1002133612" version="5" timestamp="2026-09-30T04:05:03Z" changeset="189754763" uid="24088502" user="skfd imports">
    <center lat="43.5815466" lon="-80.2556891"/>
    <nd ref="9249111718"/>
    <nd ref="9249111723"/>
    <nd ref="9249111720"/>
    <nd ref="9249111719"/>
    <nd ref="9249111718"/>
    <tag k="addr:city" v="Guelph"/>
    <tag k="addr:flats" v="11A;11B"/>
    <tag k="addr:housenumber" v="15"/>
    <tag k="addr:street" v="Carere Crescent"/>
    <tag k="building" v="house"/>
    <tag k="house" v="terraced"/>
    <tag k="source" v="microsoft/BuildingFootprints"/>
  </way>
  <way id="1002133613" version="5" timestamp="2026-09-30T04:05:03Z" changeset="189754763" uid="24088502" user="skfd imports">
    <center lat="43.5815831" lon="-80.2556380"/>
    <nd ref="9249111717"/>
    <nd ref="9249111724"/>
    <nd ref="9249111723"/>
    <nd ref="9249111718"/>
    <nd ref="9249111717"/>
    <tag k="addr:city" v="Guelph"/>
    <tag k="addr:flats" v="13A;13B"/>
    <tag k="addr:housenumber" v="15"/>
    <tag k="addr:street" v="Carere Crescent"/>
    <tag k="building" v="house"/>
    <tag k="house" v="terraced"/>
    <tag k="source" v="microsoft/BuildingFootprints"/>
  </way>
  <way id="1002133614" version="5" timestamp="2026-09-30T04:05:03Z" changeset="189754763" uid="24088502" user="skfd imports">
    <center lat="43.5816179" lon="-80.2555894"/>
    <nd ref="9249089710"/>
    <nd ref="9249111725"/>
    <nd ref="9249111724"/>
    <nd ref="9249111717"/>
    <nd ref="9249089710"/>
    <tag k="addr:city" v="Guelph"/>
    <tag k="addr:flats" v="15A;15B"/>
    <tag k="addr:housenumber" v="15"/>
    <tag k="addr:street" v="Carere Crescent"/>
    <tag k="building" v="house"/>
    <tag k="house" v="terraced"/>
    <tag k="source" v="microsoft/BuildingFootprints"/>
  </way>
  <way id="1002133731" version="5" timestamp="2026-09-30T04:05:03Z" changeset="189754763" uid="24088502" user="skfd imports">
    <center lat="43.5817832" lon="-80.2553686"/>
    <nd ref="9249097048"/>
    <nd ref="9249097049"/>
    <nd ref="9249097050"/>
    <nd ref="9249097051"/>
    <nd ref="9249097048"/>
    <tag k="addr:city" v="Guelph"/>
    <tag k="addr:flats" v="23A;23B"/>
    <tag k="addr:housenumber" v="15"/>
    <tag k="addr:street" v="Carere Crescent"/>
    <tag k="building" v="house"/>
    <tag k="house" v="terraced"/>
    <tag k="source" v="microsoft/BuildingFootprints"/>
  </way>
  <way id="1002133737" version="5" timestamp="2026-09-30T04:05:03Z" changeset="189754763" uid="24088502" user="skfd imports">
    <center lat="43.5817119" lon="-80.2554684"/>
    <nd ref="9249097069"/>
    <nd ref="9249097070"/>
    <nd ref="9249097065"/>
    <nd ref="9249097064"/>
    <nd ref="9249097069"/>
    <tag k="addr:city" v="Guelph"/>
    <tag k="addr:flats" v="19A;19B"/>
    <tag k="addr:housenumber" v="15"/>
    <tag k="addr:street" v="Carere Crescent"/>
    <tag k="building" v="house"/>
    <tag k="house" v="terraced"/>
    <tag k="source" v="microsoft/BuildingFootprints"/>
  </way>
  <way id="1002133738" version="5" timestamp="2026-09-30T04:05:03Z" changeset="189754763" uid="24088502" user="skfd imports">
    <center lat="43.5817483" lon="-80.2554172"/>
    <nd ref="9249097051"/>
    <nd ref="9249097050"/>
    <nd ref="9249097070"/>
    <nd ref="9249097069"/>
    <nd ref="9249097051"/>
    <tag k="addr:city" v="Guelph"/>
    <tag k="addr:flats" v="21A;21B"/>
    <tag k="addr:housenumber" v="15"/>
    <tag k="addr:street" v="Carere Crescent"/>
    <tag k="building" v="house"/>
    <tag k="house" v="terraced"/>
    <tag k="source" v="microsoft/BuildingFootprints"/>
  </way>
  <way id="1002134901" version="5" timestamp="2026-09-30T04:05:03Z" changeset="189754763" uid="24088502" user="skfd imports">
    <center lat="43.5818262" lon="-80.2550489"/>
    <nd ref="9249108235"/>
    <nd ref="9249108233"/>
    <nd ref="9249108234"/>
    <nd ref="9249108236"/>
    <nd ref="9249108235"/>
    <tag k="addr:city" v="Guelph"/>
    <tag k="addr:flats" v="37A;37B"/>
    <tag k="addr:housenumber" v="15"/>
    <tag k="addr:postcode" v="N1E 0K4"/>
    <tag k="addr:street" v="Carere Crescent"/>
    <tag k="building" v="house"/>
    <tag k="house" v="terraced"/>
  </way>
  <way id="1002134902" version="5" timestamp="2026-09-30T04:05:03Z" changeset="189754763" uid="24088502" user="skfd imports">
    <center lat="43.5818617" lon="-80.2550988"/>
    <nd ref="9249108239"/>
    <nd ref="9249108235"/>
    <nd ref="9249108236"/>
    <nd ref="9249108240"/>
    <nd ref="9249108239"/>
    <tag k="addr:city" v="Guelph"/>
    <tag k="addr:flats" v="36A;36B"/>
    <tag k="addr:housenumber" v="15"/>
    <tag k="addr:postcode" v="N1E 0K4"/>
    <tag k="addr:street" v="Carere Crescent"/>
    <tag k="building" v="house"/>
    <tag k="house" v="terraced"/>
  </way>
  <way id="1002134903" version="5" timestamp="2026-09-30T04:05:03Z" changeset="189754763" uid="24088502" user="skfd imports">
    <center lat="43.5819320" lon="-80.2551970"/>
    <nd ref="9249108245"/>
    <nd ref="9249108237"/>
    <nd ref="9249108238"/>
    <nd ref="9249108246"/>
    <nd ref="9249108245"/>
    <tag k="addr:city" v="Guelph"/>
    <tag k="addr:flats" v="34A;34B"/>
    <tag k="addr:housenumber" v="15"/>
    <tag k="addr:street" v="Carere Crescent"/>
    <tag k="building" v="house"/>
    <tag k="house" v="terraced"/>
  </way>
  <way id="1002134904" version="5" timestamp="2026-09-30T04:05:03Z" changeset="189754763" uid="24088502" user="skfd imports">
    <center lat="43.5818965" lon="-80.2551479"/>
    <nd ref="9249108237"/>
    <nd ref="9249108239"/>
    <nd ref="9249108240"/>
    <nd ref="9249108238"/>
    <nd ref="9249108237"/>
    <tag k="addr:city" v="Guelph"/>
    <tag k="addr:flats" v="35A;35B"/>
    <tag k="addr:housenumber" v="15"/>
    <tag k="addr:postcode" v="N1E 0K4"/>
    <tag k="addr:street" v="Carere Crescent"/>
    <tag k="building" v="house"/>
    <tag k="house" v="terraced"/>
  </way>
  <way id="1002134905" version="5" timestamp="2026-09-30T04:05:03Z" changeset="189754763" uid="24088502" user="skfd imports">
    <center lat="43.5820032" lon="-80.2552964"/>
    <nd ref="9249108241"/>
    <nd ref="9249108242"/>
    <nd ref="9249108243"/>
    <nd ref="9249108244"/>
    <nd ref="9249108250"/>
    <nd ref="9249108241"/>
    <tag k="addr:city" v="Guelph"/>
    <tag k="addr:flats" v="32A;32B"/>
    <tag k="addr:housenumber" v="15"/>
    <tag k="addr:street" v="Carere Crescent"/>
    <tag k="building" v="house"/>
    <tag k="house" v="terraced"/>
  </way>
  <way id="1002134906" version="5" timestamp="2026-09-30T04:05:03Z" changeset="189754763" uid="24088502" user="skfd imports">
    <center lat="43.5819677" lon="-80.2552467"/>
    <nd ref="9249108242"/>
    <nd ref="9249108253"/>
    <nd ref="9249108245"/>
    <nd ref="9249108246"/>
    <nd ref="9249108243"/>
    <nd ref="9249108242"/>
    <tag k="addr:city" v="Guelph"/>
    <tag k="addr:flats" v="33A;33B"/>
    <tag k="addr:housenumber" v="15"/>
    <tag k="addr:postcode" v="N1E 0K4"/>
    <tag k="addr:street" v="Carere Crescent"/>
    <tag k="building" v="house"/>
    <tag k="house" v="terraced"/>
  </way>
  <way id="1002135386" version="5" timestamp="2026-09-30T04:05:03Z" changeset="189754763" uid="24088502" user="skfd imports">
    <center lat="43.5820846" lon="-80.2547585"/>
    <nd ref="9249101805"/>
    <nd ref="9249101807"/>
    <nd ref="9249101808"/>
    <nd ref="9249101809"/>
    <nd ref="9249101806"/>
    <nd ref="9249101805"/>
    <tag k="addr:city" v="Guelph"/>
    <tag k="addr:flats" v="42A;42B"/>
    <tag k="addr:housenumber" v="15"/>
    <tag k="addr:postcode" v="N1E 0K4"/>
    <tag k="addr:street" v="Carere Crescent"/>
    <tag k="building" v="house"/>
    <tag k="house" v="terraced"/>
  </way>
  <way id="1002135387" version="5" timestamp="2026-09-30T04:05:03Z" changeset="189754763" uid="24088502" user="skfd imports">
    <center lat="43.5821201" lon="-80.2548077"/>
    <nd ref="9249101808"/>
    <nd ref="9249101810"/>
    <nd ref="9249101811"/>
    <nd ref="9249101809"/>
    <nd ref="9249101808"/>
    <tag k="addr:city" v="Guelph"/>
    <tag k="addr:flats" v="41A;41B"/>
    <tag k="addr:housenumber" v="15"/>
    <tag k="addr:postcode" v="N1E 0K4"/>
    <tag k="addr:street" v="Carere Crescent"/>
    <tag k="building" v="house"/>
    <tag k="house" v="terraced"/>
  </way>
  <way id="1002135388" version="5" timestamp="2026-09-30T04:05:03Z" changeset="189754763" uid="24088502" user="skfd imports">
    <center lat="43.5821553" lon="-80.2548563"/>
    <nd ref="9249101810"/>
    <nd ref="9249101812"/>
    <nd ref="9249101813"/>
    <nd ref="9249101811"/>
    <nd ref="9249101810"/>
    <tag k="addr:city" v="Guelph"/>
    <tag k="addr:flats" v="40A;40B"/>
    <tag k="addr:housenumber" v="15"/>
    <tag k="addr:street" v="Carere Crescent"/>
    <tag k="building" v="house"/>
    <tag k="house" v="terraced"/>
  </way>
  <way id="1002135389" version="5" timestamp="2026-09-30T04:05:03Z" changeset="189754763" uid="24088502" user="skfd imports">
    <center lat="43.5821902" lon="-80.2549055"/>
    <nd ref="9249101812"/>
    <nd ref="9249101814"/>
    <nd ref="9249101815"/>
    <nd ref="9249101813"/>
    <nd ref="9249101812"/>
    <tag k="addr:city" v="Guelph"/>
    <tag k="addr:flats" v="39A;39B"/>
    <tag k="addr:housenumber" v="15"/>
    <tag k="addr:street" v="Carere Crescent"/>
    <tag k="building" v="house"/>
    <tag k="house" v="terraced"/>
  </way>
  <way id="1002135390" version="5" timestamp="2026-09-30T04:05:03Z" changeset="189754763" uid="24088502" user="skfd imports">
    <center lat="43.5822255" lon="-80.2549554"/>
    <nd ref="9249101814"/>
    <nd ref="9249101816"/>
    <nd ref="9249126717"/>
    <nd ref="9249101815"/>
    <nd ref="9249101814"/>
    <tag k="addr:city" v="Guelph"/>
    <tag k="addr:flats" v="38A;38B"/>
    <tag k="addr:housenumber" v="15"/>
    <tag k="addr:postcode" v="N1E 0K4"/>
    <tag k="addr:street" v="Carere Crescent"/>
    <tag k="building" v="house"/>
    <tag k="house" v="terraced"/>
  </way>
  <way id="1002135571" version="5" timestamp="2026-09-30T04:05:03Z" changeset="189754763" uid="24088502" user="skfd imports">
    <center lat="43.5824293" lon="-80.2543865"/>
    <nd ref="9249124730"/>
    <nd ref="9249124732"/>
    <nd ref="9249124733"/>
    <nd ref="9249124734"/>
    <nd ref="9249124731"/>
    <nd ref="9249124730"/>
    <tag k="addr:city" v="Guelph"/>
    <tag k="addr:flats" v="48A;48B"/>
    <tag k="addr:housenumber" v="15"/>
    <tag k="addr:street" v="Carere Crescent"/>
    <tag k="building" v="house"/>
    <tag k="house" v="terraced"/>
  </way>
  <way id="1002135572" version="5" timestamp="2026-09-30T04:05:03Z" changeset="189754763" uid="24088502" user="skfd imports">
    <center lat="43.5823929" lon="-80.2544350"/>
    <nd ref="9249124732"/>
    <nd ref="9249124735"/>
    <nd ref="9249124736"/>
    <nd ref="9249124733"/>
    <nd ref="9249124732"/>
    <tag k="addr:city" v="Guelph"/>
    <tag k="addr:flats" v="47A;47B"/>
    <tag k="addr:housenumber" v="15"/>
    <tag k="addr:postcode" v="N1E 0K4"/>
    <tag k="addr:street" v="Carere Crescent"/>
    <tag k="building" v="house"/>
    <tag k="house" v="terraced"/>
  </way>
  <way id="1002135573" version="5" timestamp="2026-09-30T04:05:03Z" changeset="189754763" uid="24088502" user="skfd imports">
    <center lat="43.5823566" lon="-80.2544838"/>
    <nd ref="9249124735"/>
    <nd ref="9249124737"/>
    <nd ref="9249124738"/>
    <nd ref="9249124736"/>
    <nd ref="9249124735"/>
    <tag k="addr:city" v="Guelph"/>
    <tag k="addr:flats" v="46A;46B"/>
    <tag k="addr:housenumber" v="15"/>
    <tag k="addr:street" v="Carere Crescent"/>
    <tag k="building" v="house"/>
    <tag k="house" v="terraced"/>
  </way>
  <way id="1002135574" version="5" timestamp="2026-09-30T04:05:03Z" changeset="189754763" uid="24088502" user="skfd imports">
    <center lat="43.5823206" lon="-80.2545322"/>
    <nd ref="9249124737"/>
    <nd ref="9249124739"/>
    <nd ref="9249124740"/>
    <nd ref="9249124738"/>
    <nd ref="9249124737"/>
    <tag k="addr:city" v="Guelph"/>
    <tag k="addr:flats" v="45A;45B"/>
    <tag k="addr:housenumber" v="15"/>
    <tag k="addr:street" v="Carere Crescent"/>
    <tag k="building" v="house"/>
    <tag k="house" v="terraced"/>
  </way>
  <way id="1002135575" version="5" timestamp="2026-09-30T04:05:03Z" changeset="189754763" uid="24088502" user="skfd imports">
    <center lat="43.5822846" lon="-80.2545798"/>
    <nd ref="9249124739"/>
    <nd ref="9249124741"/>
    <nd ref="9249124742"/>
    <nd ref="9249124740"/>
    <nd ref="9249124739"/>
    <tag k="addr:city" v="Guelph"/>
    <tag k="addr:flats" v="44A;44B"/>
    <tag k="addr:housenumber" v="15"/>
    <tag k="addr:postcode" v="N1E 0K4"/>
    <tag k="addr:street" v="Carere Crescent"/>
    <tag k="building" v="house"/>
    <tag k="house" v="terraced"/>
  </way>
  <way id="1002135576" version="5" timestamp="2026-09-30T04:05:03Z" changeset="189754763" uid="24088502" user="skfd imports">
    <center lat="43.5822481" lon="-80.2546282"/>
    <nd ref="9249124741"/>
    <nd ref="9249124743"/>
    <nd ref="9249124744"/>
    <nd ref="9249124742"/>
    <nd ref="9249124741"/>
    <tag k="addr:city" v="Guelph"/>
    <tag k="addr:flats" v="43A;43B"/>
    <tag k="addr:housenumber" v="15"/>
    <tag k="addr:postcode" v="N1E 0K4"/>
    <tag k="addr:street" v="Carere Crescent"/>
    <tag k="building" v="house"/>
    <tag k="house" v="terraced"/>
  </way>
  <way id="1002136083" version="5" timestamp="2026-09-30T04:05:03Z" changeset="189754763" uid="24088502" user="skfd imports">
    <center lat="43.5823957" lon="-80.2553111"/>
    <nd ref="7514057851"/>
    <nd ref="7514057850"/>
    <nd ref="9249108108"/>
    <nd ref="9249108107"/>
    <nd ref="7514057851"/>
    <tag k="addr:city" v="Guelph"/>
    <tag k="addr:flats" v="29A;29B"/>
    <tag k="addr:housenumber" v="15"/>
    <tag k="addr:postcode" v="N1E 0K4"/>
    <tag k="addr:street" v="Carere Crescent"/>
    <tag k="building" v="house"/>
    <tag k="house" v="terraced"/>
    <tag k="source" v="microsoft/BuildingFootprints"/>
  </way>
  <way id="1002136084" version="5" timestamp="2026-09-30T04:05:03Z" changeset="189754763" uid="24088502" user="skfd imports">
    <center lat="43.5824735" lon="-80.2552089"/>
    <nd ref="9249108103"/>
    <nd ref="9249108104"/>
    <nd ref="9249108105"/>
    <nd ref="9249108106"/>
    <nd ref="9249108113"/>
    <nd ref="9249108103"/>
    <tag k="addr:city" v="Guelph"/>
    <tag k="addr:flats" v="31A;31B"/>
    <tag k="addr:housenumber" v="15"/>
    <tag k="addr:street" v="Carere Crescent"/>
    <tag k="building" v="house"/>
    <tag k="house" v="terraced"/>
    <tag k="source" v="microsoft/BuildingFootprints"/>
  </way>
  <way id="1002136085" version="5" timestamp="2026-09-30T04:05:03Z" changeset="189754763" uid="24088502" user="skfd imports">
    <center lat="43.5824317" lon="-80.2552640"/>
    <nd ref="9249108107"/>
    <nd ref="9249108108"/>
    <nd ref="9249108104"/>
    <nd ref="9249108103"/>
    <nd ref="9249108107"/>
    <tag k="addr:city" v="Guelph"/>
    <tag k="addr:flats" v="30A;30B"/>
    <tag k="addr:housenumber" v="15"/>
    <tag k="addr:postcode" v="N1E 0K4"/>
    <tag k="addr:street" v="Carere Crescent"/>
    <tag k="building" v="house"/>
    <tag k="house" v="terraced"/>
    <tag k="source" v="microsoft/BuildingFootprints"/>
  </way>
  <way id="1002136091" version="5" timestamp="2026-09-30T04:05:03Z" changeset="189754763" uid="24088502" user="skfd imports">
    <center lat="43.5821921" lon="-80.2555843"/>
    <nd ref="9249108115"/>
    <nd ref="9249108116"/>
    <nd ref="9249132117"/>
    <nd ref="9249132118"/>
    <nd ref="9249108115"/>
    <tag k="addr:city" v="Guelph"/>
    <tag k="addr:flats" v="24A;24B"/>
    <tag k="addr:housenumber" v="15"/>
    <tag k="addr:street" v="Carere Crescent"/>
    <tag k="building" v="house"/>
    <tag k="house" v="terraced"/>
    <tag k="source" v="microsoft/BuildingFootprints"/>
  </way>
  <way id="1002136092" version="5" timestamp="2026-09-30T04:05:03Z" changeset="189754763" uid="24088502" user="skfd imports">
    <center lat="43.5822259" lon="-80.2555401"/>
    <nd ref="9249132118"/>
    <nd ref="9249132117"/>
    <nd ref="9249132119"/>
    <nd ref="9249132120"/>
    <nd ref="9249132118"/>
    <tag k="addr:city" v="Guelph"/>
    <tag k="addr:flats" v="25A;25B"/>
    <tag k="addr:housenumber" v="15"/>
    <tag k="addr:postcode" v="N1E 0K4"/>
    <tag k="addr:street" v="Carere Crescent"/>
    <tag k="building" v="house"/>
    <tag k="house" v="terraced"/>
    <tag k="source" v="microsoft/BuildingFootprints"/>
  </way>
  <way id="1002136093" version="5" timestamp="2026-09-30T04:05:03Z" changeset="189754763" uid="24088502" user="skfd imports">
    <center lat="43.5822621" lon="-80.2554930"/>
    <nd ref="9249132120"/>
    <nd ref="9249132119"/>
    <nd ref="9249132121"/>
    <nd ref="9249132122"/>
    <nd ref="9249132120"/>
    <tag k="addr:city" v="Guelph"/>
    <tag k="addr:flats" v="26A;26B"/>
    <tag k="addr:housenumber" v="15"/>
    <tag k="addr:street" v="Carere Crescent"/>
    <tag k="building" v="house"/>
    <tag k="house" v="terraced"/>
    <tag k="source" v="microsoft/BuildingFootprints"/>
  </way>
  <way id="1002136094" version="5" timestamp="2026-09-30T04:05:03Z" changeset="189754763" uid="24088502" user="skfd imports">
    <center lat="43.5823039" lon="-80.2554378"/>
    <nd ref="9249132122"/>
    <nd ref="9249132121"/>
    <nd ref="9249132123"/>
    <nd ref="9249132124"/>
    <nd ref="9249132125"/>
    <nd ref="9249132122"/>
    <tag k="addr:city" v="Guelph"/>
    <tag k="addr:flats" v="27A;27B"/>
    <tag k="addr:housenumber" v="15"/>
    <tag k="addr:postcode" v="N1E 0K4"/>
    <tag k="addr:street" v="Carere Crescent"/>
    <tag k="building" v="house"/>
    <tag k="house" v="terraced"/>
    <tag k="source" v="microsoft/BuildingFootprints"/>
  </way>
  <way id="1004013623" version="7" timestamp="2026-09-30T04:05:28Z" changeset="189754776" uid="24088502" user="skfd imports">
    <center lat="43.5077801" lon="-80.1956582"/>
    <nd ref="9264144844"/>
    <nd ref="9264144843"/>
    <nd ref="9264144842"/>
    <nd ref="9264144841"/>
    <nd ref="9264144844"/>
    <tag k="addr:city" v="Guelph"/>
    <tag k="addr:flats" v="101-108;110;112;201-216;301-316;401-416;501-514;601-614"/>
    <tag k="addr:housenumber" v="26"/>
    <tag k="addr:postcode" v="N1G 0H4"/>
    <tag k="addr:street" v="Lowes Road West"/>
    <tag k="building" v="apartments"/>
    <tag k="building:levels" v="6"/>
  </way>
  <way id="1019900572" version="4" timestamp="2026-09-30T04:08:32Z" changeset="189754840" uid="24088502" user="skfd imports">
    <center lat="43.5316464" lon="-80.2863783"/>
    <nd ref="13227900359"/>
    <nd ref="9406585200"/>
    <nd ref="9406585199"/>
    <nd ref="9406585193"/>
    <nd ref="9406585191"/>
    <nd ref="9406585190"/>
    <nd ref="9406585192"/>
    <nd ref="9406585202"/>
    <nd ref="9406585204"/>
    <nd ref="9406585207"/>
    <nd ref="9406585208"/>
    <nd ref="9406585155"/>
    <nd ref="9406585188"/>
    <nd ref="9406585138"/>
    <nd ref="9406585186"/>
    <nd ref="9406585187"/>
    <nd ref="9406585139"/>
    <nd ref="13227900360"/>
    <nd ref="13227900359"/>
    <tag k="addr:city" v="Guelph"/>
    <tag k="addr:flats" v="10A;10B;10C"/>
    <tag k="addr:housenumber" v="240"/>
    <tag k="addr:postcode" v="N1H 7W9"/>
    <tag k="addr:street" v="Westwood Road"/>
    <tag k="building" v="yes"/>
    <tag k="source" v="microsoft/BuildingFootprints"/>
  </way>
  <way id="1019900573" version="4" timestamp="2026-09-30T04:08:32Z" changeset="189754840" uid="24088502" user="skfd imports">
    <center lat="43.5318400" lon="-80.2869214"/>
    <nd ref="13227900358"/>
    <nd ref="9406585218"/>
    <nd ref="9406585217"/>
    <nd ref="9406585216"/>
    <nd ref="9406585215"/>
    <nd ref="9406585214"/>
    <nd ref="9406585213"/>
    <nd ref="9406585212"/>
    <nd ref="9406585211"/>
    <nd ref="9406585210"/>
    <nd ref="9406585245"/>
    <nd ref="9406585244"/>
    <nd ref="9406585243"/>
    <nd ref="9406585242"/>
    <nd ref="9406585241"/>
    <nd ref="9406585240"/>
    <nd ref="9406585239"/>
    <nd ref="9406585238"/>
    <nd ref="9406585237"/>
    <nd ref="13227900357"/>
    <nd ref="13227900358"/>
    <tag k="addr:city" v="Guelph"/>
    <tag k="addr:flats" v="8A;8B;8C;8D"/>
    <tag k="addr:housenumber" v="240"/>
    <tag k="addr:postcode" v="N1H 7W9"/>
    <tag k="addr:street" v="Westwood Road"/>
    <tag k="building" v="yes"/>
    <tag k="source" v="microsoft/BuildingFootprints"/>
  </way>
  <way id="1019900574" version="4" timestamp="2026-09-30T04:08:32Z" changeset="189754840" uid="24088502" user="skfd imports">
    <center lat="43.5320406" lon="-80.2865932"/>
    <nd ref="13227900355"/>
    <nd ref="9406585272"/>
    <nd ref="9406585271"/>
    <nd ref="9406585270"/>
    <nd ref="9406585269"/>
    <nd ref="9406585268"/>
    <nd ref="9406585267"/>
    <nd ref="9406585266"/>
    <nd ref="9406585265"/>
    <nd ref="9406585264"/>
    <nd ref="9406585263"/>
    <nd ref="9406585262"/>
    <nd ref="9406585261"/>
    <nd ref="9406585260"/>
    <nd ref="9406585259"/>
    <nd ref="9406585258"/>
    <nd ref="9406585257"/>
    <nd ref="9406585256"/>
    <nd ref="9406585255"/>
    <nd ref="13227900356"/>
    <nd ref="13227900355"/>
    <tag k="addr:city" v="Guelph"/>
    <tag k="addr:flats" v="7A;7B;7C;7D"/>
    <tag k="addr:housenumber" v="240"/>
    <tag k="addr:postcode" v="N1H 7W9"/>
    <tag k="addr:street" v="Westwood Road"/>
    <tag k="building" v="yes"/>
    <tag k="source" v="microsoft/BuildingFootprints"/>
  </way>
  <way id="1019900576" version="4" timestamp="2026-09-30T04:08:32Z" changeset="189754840" uid="24088502" user="skfd imports">
    <center lat="43.5317218" lon="-80.2856987"/>
    <nd ref="13227900366"/>
    <nd ref="9406585344"/>
    <nd ref="9406585343"/>
    <nd ref="9406585342"/>
    <nd ref="9406585341"/>
    <nd ref="9406585340"/>
    <nd ref="9406585339"/>
    <nd ref="9406585338"/>
    <nd ref="9406585373"/>
    <nd ref="9406585372"/>
    <nd ref="9406585371"/>
    <nd ref="9406585370"/>
    <nd ref="9406585369"/>
    <nd ref="9406585368"/>
    <nd ref="9406585367"/>
    <nd ref="9406585366"/>
    <nd ref="9406585365"/>
    <nd ref="9406585364"/>
    <nd ref="9406585363"/>
    <nd ref="13227900365"/>
    <nd ref="13227900366"/>
    <tag k="addr:city" v="Guelph"/>
    <tag k="addr:flats" v="14A;14B;14C;14D"/>
    <tag k="addr:housenumber" v="240"/>
    <tag k="addr:postcode" v="N1H 7W9"/>
    <tag k="addr:street" v="Westwood Road"/>
    <tag k="building" v="yes"/>
    <tag k="source" v="microsoft/BuildingFootprints"/>
  </way>
  <way id="1042083497" version="7" timestamp="2026-09-30T04:06:54Z" changeset="189754807" uid="24088502" user="skfd imports">
    <center lat="43.5511236" lon="-80.2735287"/>
    <nd ref="9593147842"/>
    <nd ref="9593147843"/>
    <nd ref="9593147844"/>
    <nd ref="14127270373"/>
    <nd ref="9593147845"/>
    <nd ref="9593147842"/>
    <tag k="addr:city" v="Guelph"/>
    <tag k="addr:flats" v="105-108;110-114;201-207;209-213;217;301-307;309-313;317;401-407;409-417;501-507;509-513;517;601-607;609-613;617;701-707;709-713;717"/>
    <tag k="addr:housenumber" v="395"/>
    <tag k="addr:postcode" v="N1H 1E2"/>
    <tag k="addr:street" v="Edinburgh Road North"/>
    <tag k="building" v="apartments"/>
    <tag k="building:levels" v="7"/>
  </way>
  <way id="1054125923" version="5" timestamp="2026-09-30T04:01:51Z" changeset="189754709" uid="24088502" user="skfd imports">
    <center lat="43.5533118" lon="-80.2212716"/>
    <nd ref="9687221627"/>
    <nd ref="9687221628"/>
    <nd ref="9687221629"/>
    <nd ref="9687221630"/>
    <nd ref="9687221627"/>
    <tag k="addr:city" v="Guelph"/>
    <tag k="addr:flats" v="1-4"/>
    <tag k="addr:housenumber" v="561"/>
    <tag k="addr:street" v="York Road"/>
    <tag k="building" v="yes"/>
  </way>
  <way id="1076453164" version="7" timestamp="2026-09-30T04:05:47Z" changeset="189754783" uid="24088502" user="skfd imports">
    <center lat="43.5328641" lon="-80.2621793"/>
    <nd ref="9871307109"/>
    <nd ref="9871307110"/>
    <nd ref="9871307111"/>
    <nd ref="9871307112"/>
    <nd ref="9871307109"/>
    <tag k="addr:city" v="Guelph"/>
    <tag k="addr:flats" v="1-16"/>
    <tag k="addr:housenumber" v="83"/>
    <tag k="addr:postcode" v="N1H 5Z7"/>
    <tag k="addr:street" v="Beechwood Avenue"/>
    <tag k="building" v="terrace"/>
    <tag k="building:levels" v="2"/>
    <tag k="building:material" v="brick"/>
    <tag k="roof:levels" v="0"/>
    <tag k="roof:shape" v="gabled"/>
  </way>
  <way id="1156180354" version="5" timestamp="2026-09-30T04:05:16Z" changeset="189754772" uid="24088502" user="skfd imports">
    <center lat="43.5186465" lon="-80.2069669"/>
    <nd ref="10751958845"/>
    <nd ref="10751958846"/>
    <nd ref="10751958847"/>
    <nd ref="10751958848"/>
    <nd ref="10751958845"/>
    <tag k="addr:city" v="Guelph"/>
    <tag k="addr:flats" v="1-8"/>
    <tag k="addr:housenumber" v="1131"/>
    <tag k="addr:postcode" v="N1L 1H2"/>
    <tag k="addr:street" v="Gordon Street"/>
    <tag k="building" v="yes"/>
  </way>
  <way id="1283416466" version="6" timestamp="2026-09-30T04:07:30Z" changeset="189754820" uid="24088502" user="skfd imports">
    <center lat="43.5145775" lon="-80.1987637"/>
    <nd ref="13248844044"/>
    <nd ref="11908223301"/>
    <nd ref="11908223381"/>
    <nd ref="11908223363"/>
    <nd ref="11908208446"/>
    <nd ref="11908208464"/>
    <nd ref="13972229427"/>
    <nd ref="11908223319"/>
    <nd ref="11908223334"/>
    <nd ref="13248844043"/>
    <nd ref="13248844044"/>
    <tag k="addr:city" v="Guelph"/>
    <tag k="addr:flats" v="9-12"/>
    <tag k="addr:housenumber" v="32"/>
    <tag k="addr:postcode" v="N1L 0L4"/>
    <tag k="addr:street" v="Arkell Road"/>
    <tag k="building" v="apartments"/>
    <tag k="building:levels" v="4"/>
  </way>
  <way id="1283416472" version="6" timestamp="2026-09-30T04:07:30Z" changeset="189754820" uid="24088502" user="skfd imports">
    <center lat="43.5150300" lon="-80.1987694"/>
    <nd ref="13248844040"/>
    <nd ref="11908208404"/>
    <nd ref="11908208431"/>
    <nd ref="11908223377"/>
    <nd ref="11908223317"/>
    <nd ref="11908223326"/>
    <nd ref="11908208457"/>
    <nd ref="13248844039"/>
    <nd ref="13248844040"/>
    <tag k="addr:city" v="Guelph"/>
    <tag k="addr:flats" v="17-20"/>
    <tag k="addr:housenumber" v="32"/>
    <tag k="addr:postcode" v="N1L 0L4"/>
    <tag k="addr:street" v="Arkell Road"/>
    <tag k="building" v="apartments"/>
    <tag k="building:levels" v="4"/>
  </way>
  <way id="1283416476" version="6" timestamp="2026-09-30T04:07:30Z" changeset="189754820" uid="24088502" user="skfd imports">
    <center lat="43.5147732" lon="-80.1990962"/>
    <nd ref="13248844038"/>
    <nd ref="11908208452"/>
    <nd ref="11908208451"/>
    <nd ref="11908208443"/>
    <nd ref="11908223348"/>
    <nd ref="11908223290"/>
    <nd ref="11908223298"/>
    <nd ref="13248844037"/>
    <nd ref="13248844038"/>
    <tag k="addr:city" v="Guelph"/>
    <tag k="addr:flats" v="1-4"/>
    <tag k="addr:housenumber" v="32"/>
    <tag k="addr:street" v="Arkell Road"/>
    <tag k="building" v="apartments"/>
    <tag k="building:levels" v="4"/>
  </way>
  <way id="1283416486" version="6" timestamp="2026-09-30T04:07:30Z" changeset="189754820" uid="24088502" user="skfd imports">
    <center lat="43.5147992" lon="-80.1984260"/>
    <nd ref="13248844042"/>
    <nd ref="11908223323"/>
    <nd ref="11908208415"/>
    <nd ref="11908208441"/>
    <nd ref="11908223361"/>
    <nd ref="11908208433"/>
    <nd ref="11908223297"/>
    <nd ref="13248844041"/>
    <nd ref="13248844042"/>
    <tag k="addr:city" v="Guelph"/>
    <tag k="addr:flats" v="25-28"/>
    <tag k="addr:housenumber" v="32"/>
    <tag k="addr:postcode" v="N1L 0L4"/>
    <tag k="addr:street" v="Arkell Road"/>
    <tag k="building" v="apartments"/>
    <tag k="building:levels" v="4"/>
  </way>
  <way id="1344915931" version="6" timestamp="2026-09-30T04:06:54Z" changeset="189754807" uid="24088502" user="skfd imports">
    <center lat="43.5474844" lon="-80.2502691"/>
    <nd ref="12442688908"/>
    <nd ref="13159082327"/>
    <nd ref="13159082334"/>
    <nd ref="12442616944"/>
    <nd ref="12442616948"/>
    <nd ref="12442616949"/>
    <nd ref="12442688908"/>
    <tag k="addr:city" v="Guelph"/>
    <tag k="addr:flats" v="201-204;301"/>
    <tag k="addr:housenumber" v="143"/>
    <tag k="addr:postcode" v="N1H 4E9"/>
    <tag k="addr:street" v="Wyndham Street North"/>
    <tag k="building" v="yes"/>
  </way>
  <way id="1349266419" version="5" timestamp="2026-09-30T04:07:09Z" changeset="189754813" uid="24088502" user="skfd imports">
    <center lat="43.5168171" lon="-80.2429703"/>
    <nd ref="12480923191"/>
    <nd ref="12480923190"/>
    <nd ref="12480923188"/>
    <nd ref="12480923189"/>
    <nd ref="12480923183"/>
    <nd ref="12480923182"/>
    <nd ref="12480923181"/>
    <nd ref="12480923180"/>
    <nd ref="12480923194"/>
    <nd ref="12480923195"/>
    <nd ref="12480923196"/>
    <nd ref="12480923197"/>
    <nd ref="12480923191"/>
    <tag k="addr:city" v="Guelph"/>
    <tag k="addr:flats" v="101-108;201-208"/>
    <tag k="addr:housenumber" v="454"/>
    <tag k="addr:postcode" v="N1G 4R8"/>
    <tag k="addr:street" v="Janefield Avenue"/>
    <tag k="building" v="apartments"/>
    <tag k="source" v="microsoft/BuildingFootprints"/>
  </way>
  <way id="1349266429" version="5" timestamp="2026-09-30T04:07:09Z" changeset="189754813" uid="24088502" user="skfd imports">
    <center lat="43.5164739" lon="-80.2426912"/>
    <nd ref="12480968428"/>
    <nd ref="12480968433"/>
    <nd ref="12480968434"/>
    <nd ref="12480968435"/>
    <nd ref="12480968432"/>
    <nd ref="12480968429"/>
    <nd ref="12480968430"/>
    <nd ref="12480968431"/>
    <nd ref="12480968425"/>
    <nd ref="12480968424"/>
    <nd ref="12480968422"/>
    <nd ref="12480968423"/>
    <nd ref="12480968437"/>
    <nd ref="12480968436"/>
    <nd ref="12480968417"/>
    <nd ref="12480968416"/>
    <nd ref="12480968415"/>
    <nd ref="12480968414"/>
    <nd ref="12480968428"/>
    <tag k="addr:city" v="Guelph"/>
    <tag k="addr:flats" v="119-126;219-226"/>
    <tag k="addr:housenumber" v="458"/>
    <tag k="addr:postcode" v="N1G 4R8"/>
    <tag k="addr:street" v="Janefield Avenue"/>
    <tag k="building" v="apartments"/>
    <tag k="source" v="microsoft/BuildingFootprints"/>
  </way>
  <way id="1349287614" version="4" timestamp="2026-09-30T04:07:09Z" changeset="189754813" uid="24088502" user="skfd imports">
    <center lat="43.5185684" lon="-80.2441551"/>
    <nd ref="12481133880"/>
    <nd ref="12481133881"/>
    <nd ref="12481133882"/>
    <nd ref="12481133883"/>
    <nd ref="12481133880"/>
    <tag k="addr:city" v="Guelph"/>
    <tag k="addr:flats" v="228;230"/>
    <tag k="addr:housenumber" v="176"/>
    <tag k="addr:postcode" v="N1G 2L6"/>
    <tag k="addr:street" v="Janefield Avenue"/>
    <tag k="building" v="terrace"/>
    <tag k="source" v="microsoft/BuildingFootprints"/>
  </way>
  <way id="1349287615" version="4" timestamp="2026-09-30T04:07:09Z" changeset="189754813" uid="24088502" user="skfd imports">
    <center lat="43.5185228" lon="-80.2442174"/>
    <nd ref="12481133884"/>
    <nd ref="12481133885"/>
    <nd ref="12481133886"/>
    <nd ref="12481133881"/>
    <nd ref="12481133880"/>
    <nd ref="12481133884"/>
    <tag k="addr:city" v="Guelph"/>
    <tag k="addr:flats" v="226;232"/>
    <tag k="addr:housenumber" v="176"/>
    <tag k="addr:postcode" v="N1G 2L6"/>
    <tag k="addr:street" v="Janefield Avenue"/>
    <tag k="building" v="terrace"/>
    <tag k="source" v="microsoft/BuildingFootprints"/>
  </way>
  <way id="1349287616" version="4" timestamp="2026-09-30T04:07:09Z" changeset="189754813" uid="24088502" user="skfd imports">
    <center lat="43.5184625" lon="-80.2442682"/>
    <nd ref="12481133887"/>
    <nd ref="12481133888"/>
    <nd ref="12481133889"/>
    <nd ref="12481133886"/>
    <nd ref="12481133885"/>
    <nd ref="12481133887"/>
    <tag k="addr:city" v="Guelph"/>
    <tag k="addr:flats" v="224;234"/>
    <tag k="addr:housenumber" v="176"/>
    <tag k="addr:postcode" v="N1G 2L6"/>
    <tag k="addr:street" v="Janefield Avenue"/>
    <tag k="building" v="terrace"/>
    <tag k="source" v="microsoft/BuildingFootprints"/>
  </way>
  <way id="1349287617" version="4" timestamp="2026-09-30T04:07:09Z" changeset="189754813" uid="24088502" user="skfd imports">
    <center lat="43.5184171" lon="-80.2443310"/>
    <nd ref="12481133890"/>
    <nd ref="12481133891"/>
    <nd ref="12481133888"/>
    <nd ref="12481133887"/>
    <nd ref="12481133890"/>
    <tag k="addr:city" v="Guelph"/>
    <tag k="addr:flats" v="222;236"/>
    <tag k="addr:housenumber" v="176"/>
    <tag k="addr:street" v="Janefield Avenue"/>
    <tag k="building" v="terrace"/>
    <tag k="source" v="microsoft/BuildingFootprints"/>
  </way>
  <way id="1349287618" version="4" timestamp="2026-09-30T04:07:09Z" changeset="189754813" uid="24088502" user="skfd imports">
    <center lat="43.5183703" lon="-80.2443952"/>
    <nd ref="12481133892"/>
    <nd ref="12481133893"/>
    <nd ref="12481133891"/>
    <nd ref="12481133890"/>
    <nd ref="12481133892"/>
    <tag k="addr:city" v="Guelph"/>
    <tag k="addr:flats" v="220;238"/>
    <tag k="addr:housenumber" v="176"/>
    <tag k="addr:postcode" v="N1G 2L6"/>
    <tag k="addr:street" v="Janefield Avenue"/>
    <tag k="building" v="terrace"/>
    <tag k="source" v="microsoft/BuildingFootprints"/>
  </way>
  <way id="1349287989" version="4" timestamp="2026-09-30T04:07:09Z" changeset="189754813" uid="24088502" user="skfd imports">
    <center lat="43.5183876" lon="-80.2450839"/>
    <nd ref="12481131685"/>
    <nd ref="12481131686"/>
    <nd ref="12481131687"/>
    <nd ref="12481131688"/>
    <nd ref="12481131685"/>
    <tag k="addr:city" v="Guelph"/>
    <tag k="addr:flats" v="154;202"/>
    <tag k="addr:housenumber" v="176"/>
    <tag k="addr:postcode" v="N1G 2L6"/>
    <tag k="addr:street" v="Janefield Avenue"/>
    <tag k="building" v="terrace"/>
    <tag k="source" v="microsoft/BuildingFootprints"/>
  </way>
  <way id="1349287990" version="4" timestamp="2026-09-30T04:07:09Z" changeset="189754813" uid="24088502" user="skfd imports">
    <center lat="43.5183416" lon="-80.2451451"/>
    <nd ref="12481131689"/>
    <nd ref="12481131690"/>
    <nd ref="12481131691"/>
    <nd ref="12481131686"/>
    <nd ref="12481131685"/>
    <nd ref="12481131689"/>
    <tag k="addr:city" v="Guelph"/>
    <tag k="addr:flats" v="156;200"/>
    <tag k="addr:housenumber" v="176"/>
    <tag k="addr:postcode" v="N1G 2L6"/>
    <tag k="addr:street" v="Janefield Avenue"/>
    <tag k="building" v="terrace"/>
    <tag k="source" v="microsoft/BuildingFootprints"/>
  </way>
  <way id="1349287991" version="4" timestamp="2026-09-30T04:07:09Z" changeset="189754813" uid="24088502" user="skfd imports">
    <center lat="43.5182811" lon="-80.2451948"/>
    <nd ref="12481131692"/>
    <nd ref="12481131693"/>
    <nd ref="12481131694"/>
    <nd ref="12481131691"/>
    <nd ref="12481131690"/>
    <nd ref="12481131692"/>
    <tag k="addr:city" v="Guelph"/>
    <tag k="addr:flats" v="158;198"/>
    <tag k="addr:housenumber" v="74"/>
    <tag k="addr:postcode" v="N1G 2L6"/>
    <tag k="addr:street" v="Janefield Avenue"/>
    <tag k="building" v="terrace"/>
    <tag k="source" v="microsoft/BuildingFootprints"/>
  </way>
  <way id="1349287992" version="4" timestamp="2026-09-30T04:07:09Z" changeset="189754813" uid="24088502" user="skfd imports">
    <center lat="43.5182355" lon="-80.2452576"/>
    <nd ref="12481131695"/>
    <nd ref="12481131696"/>
    <nd ref="12481131693"/>
    <nd ref="12481131692"/>
    <nd ref="12481131695"/>
    <tag k="addr:city" v="Guelph"/>
    <tag k="addr:flats" v="160;196"/>
    <tag k="addr:housenumber" v="74"/>
    <tag k="addr:postcode" v="N1G 2L6"/>
    <tag k="addr:street" v="Janefield Avenue"/>
    <tag k="building" v="terrace"/>
    <tag k="source" v="microsoft/BuildingFootprints"/>
  </way>
  <way id="1349287993" version="4" timestamp="2026-09-30T04:07:09Z" changeset="189754813" uid="24088502" user="skfd imports">
    <center lat="43.5181887" lon="-80.2453217"/>
    <nd ref="12481131697"/>
    <nd ref="12481131698"/>
    <nd ref="12481131696"/>
    <nd ref="12481131695"/>
    <nd ref="12481131697"/>
    <tag k="addr:city" v="Guelph"/>
    <tag k="addr:flats" v="162;194"/>
    <tag k="addr:housenumber" v="74"/>
    <tag k="addr:postcode" v="N1G 2L6"/>
    <tag k="addr:street" v="Janefield Avenue"/>
    <tag k="building" v="terrace"/>
    <tag k="source" v="microsoft/BuildingFootprints"/>
  </way>
  <way id="1349287996" version="4" timestamp="2026-09-30T04:07:09Z" changeset="189754813" uid="24088502" user="skfd imports">
    <center lat="43.5181415" lon="-80.2453853"/>
    <nd ref="12481131697"/>
    <nd ref="12481287907"/>
    <nd ref="12481287908"/>
    <nd ref="12481131698"/>
    <nd ref="12481131697"/>
    <tag k="addr:city" v="Guelph"/>
    <tag k="addr:flats" v="164;192"/>
    <tag k="addr:housenumber" v="74"/>
    <tag k="addr:street" v="Janefield Avenue"/>
    <tag k="building" v="house"/>
    <tag k="house" v="terraced"/>
  </way>
  <way id="1349287997" version="4" timestamp="2026-09-30T04:07:09Z" changeset="189754813" uid="24088502" user="skfd imports">
    <center lat="43.5184333" lon="-80.2450229"/>
    <nd ref="12481131688"/>
    <nd ref="12481287909"/>
    <nd ref="12481287910"/>
    <nd ref="12481131687"/>
    <nd ref="12481131688"/>
    <tag k="addr:city" v="Guelph"/>
    <tag k="addr:flats" v="152;204"/>
    <tag k="addr:housenumber" v="176"/>
    <tag k="addr:postcode" v="N1G 2L6"/>
    <tag k="addr:street" v="Janefield Avenue"/>
    <tag k="building" v="house"/>
    <tag k="house" v="terraced"/>
  </way>
  <way id="1349291101" version="4" timestamp="2026-09-30T04:07:09Z" changeset="189754813" uid="24088502" user="skfd imports">
    <center lat="43.5177051" lon="-80.2437451"/>
    <nd ref="7497285436"/>
    <nd ref="7497285435"/>
    <nd ref="12481287877"/>
    <nd ref="12481287878"/>
    <nd ref="7497285436"/>
    <tag k="addr:city" v="Guelph"/>
    <tag k="addr:flats" v="346;352"/>
    <tag k="addr:housenumber" v="224"/>
    <tag k="addr:postcode" v="N1G 2L6"/>
    <tag k="addr:street" v="Janefield Avenue"/>
    <tag k="building" v="house"/>
    <tag k="source" v="microsoft/BuildingFootprints"/>
  </way>
  <way id="1349291102" version="4" timestamp="2026-09-30T04:07:09Z" changeset="189754813" uid="24088502" user="skfd imports">
    <center lat="43.5177511" lon="-80.2436843"/>
    <nd ref="12481287878"/>
    <nd ref="12481287877"/>
    <nd ref="12481287879"/>
    <nd ref="12481287880"/>
    <nd ref="12481287878"/>
    <tag k="addr:city" v="Guelph"/>
    <tag k="addr:flats" v="348;350"/>
    <tag k="addr:housenumber" v="224"/>
    <tag k="addr:postcode" v="N1G 2L6"/>
    <tag k="addr:street" v="Janefield Avenue"/>
    <tag k="building" v="house"/>
    <tag k="source" v="microsoft/BuildingFootprints"/>
  </way>
  <way id="1349319931" version="4" timestamp="2026-09-30T04:07:09Z" changeset="189754813" uid="24088502" user="skfd imports">
    <center lat="43.5178442" lon="-80.2440277"/>
    <nd ref="12481587380"/>
    <nd ref="12481587381"/>
    <nd ref="12481587382"/>
    <nd ref="12481587383"/>
    <nd ref="12481587380"/>
    <tag k="addr:city" v="Guelph"/>
    <tag k="addr:flats" v="308;318"/>
    <tag k="addr:housenumber" v="176"/>
    <tag k="addr:postcode" v="N1G 2L6"/>
    <tag k="addr:street" v="Janefield Avenue"/>
    <tag k="building" v="house"/>
    <tag k="source" v="microsoft/BuildingFootprints"/>
  </way>
  <way id="1349319932" version="4" timestamp="2026-09-30T04:07:09Z" changeset="189754813" uid="24088502" user="skfd imports">
    <center lat="43.5178897" lon="-80.2440892"/>
    <nd ref="12481587384"/>
    <nd ref="12481587385"/>
    <nd ref="12481587381"/>
    <nd ref="12481587380"/>
    <nd ref="12481587384"/>
    <tag k="addr:city" v="Guelph"/>
    <tag k="addr:flats" v="310;316"/>
    <tag k="addr:housenumber" v="176"/>
    <tag k="addr:postcode" v="N1G 2L6"/>
    <tag k="addr:street" v="Janefield Avenue"/>
    <tag k="building" v="house"/>
    <tag k="source" v="microsoft/BuildingFootprints"/>
  </way>
  <way id="1349319933" version="4" timestamp="2026-09-30T04:07:09Z" changeset="189754813" uid="24088502" user="skfd imports">
    <center lat="43.5179395" lon="-80.2441569"/>
    <nd ref="12481587386"/>
    <nd ref="12481587387"/>
    <nd ref="12481587385"/>
    <nd ref="12481587384"/>
    <nd ref="12481587386"/>
    <tag k="addr:city" v="Guelph"/>
    <tag k="addr:flats" v="312;314"/>
    <tag k="addr:housenumber" v="176"/>
    <tag k="addr:postcode" v="N1G 2L6"/>
    <tag k="addr:street" v="Janefield Avenue"/>
    <tag k="building" v="house"/>
    <tag k="source" v="microsoft/BuildingFootprints"/>
  </way>
  <way id="1369220537" version="5" timestamp="2026-09-30T04:06:54Z" changeset="189754807" uid="24088502" user="skfd imports">
    <center lat="43.5516324" lon="-80.2723843"/>
    <nd ref="12681529850"/>
    <nd ref="12681529851"/>
    <nd ref="12681529852"/>
    <nd ref="12681529853"/>
    <nd ref="12681529854"/>
    <nd ref="12681529855"/>
    <nd ref="12681529856"/>
    <nd ref="12681529857"/>
    <nd ref="12681529850"/>
    <tag k="addr:city" v="Guelph"/>
    <tag k="addr:flats" v="2;4"/>
    <tag k="addr:housenumber" v="120"/>
    <tag k="addr:street" v="Westmount Road"/>
    <tag k="building" v="semidetached_house"/>
    <tag k="height" v="2"/>
  </way>
  <way id="1369220538" version="5" timestamp="2026-09-30T04:06:54Z" changeset="189754807" uid="24088502" user="skfd imports">
    <center lat="43.5514776" lon="-80.2726034"/>
    <nd ref="12681529858"/>
    <nd ref="12681529859"/>
    <nd ref="12681529860"/>
    <nd ref="12681529861"/>
    <nd ref="12681529862"/>
    <nd ref="12681529863"/>
    <nd ref="12681529864"/>
    <nd ref="12681529865"/>
    <nd ref="12681529858"/>
    <tag k="addr:city" v="Guelph"/>
    <tag k="addr:flats" v="6;8"/>
    <tag k="addr:housenumber" v="120"/>
    <tag k="addr:street" v="Westmount Road"/>
    <tag k="building" v="semidetached_house"/>
    <tag k="height" v="2"/>
  </way>
  <way id="1369220539" version="5" timestamp="2026-09-30T04:06:54Z" changeset="189754807" uid="24088502" user="skfd imports">
    <center lat="43.5513183" lon="-80.2728338"/>
    <nd ref="12681529866"/>
    <nd ref="12681529867"/>
    <nd ref="12681529868"/>
    <nd ref="12681529869"/>
    <nd ref="12681529870"/>
    <nd ref="12681529871"/>
    <nd ref="12681529872"/>
    <nd ref="12681529873"/>
    <nd ref="12681529866"/>
    <tag k="addr:city" v="Guelph"/>
    <tag k="addr:flats" v="10;12"/>
    <tag k="addr:housenumber" v="120"/>
    <tag k="addr:street" v="Westmount Road"/>
    <tag k="building" v="semidetached_house"/>
    <tag k="height" v="2"/>
  </way>
  <way id="1369220540" version="6" timestamp="2026-09-30T04:06:54Z" changeset="189754807" uid="24088502" user="skfd imports">
    <center lat="43.5511590" lon="-80.2730394"/>
    <nd ref="12681529874"/>
    <nd ref="12681529875"/>
    <nd ref="12681529876"/>
    <nd ref="12681529877"/>
    <nd ref="12681529878"/>
    <nd ref="12681529879"/>
    <nd ref="12681529880"/>
    <nd ref="12681529881"/>
    <nd ref="12681529874"/>
    <tag k="addr:city" v="Guelph"/>
    <tag k="addr:flats" v="13-14"/>
    <tag k="addr:housenumber" v="120"/>
    <tag k="addr:street" v="Westmount Road"/>
    <tag k="building" v="semidetached_house"/>
    <tag k="height" v="2"/>
  </way>
  <way id="1369220541" version="5" timestamp="2026-09-30T04:06:54Z" changeset="189754807" uid="24088502" user="skfd imports">
    <center lat="43.5516904" lon="-80.2729029"/>
    <nd ref="12681529882"/>
    <nd ref="12681529883"/>
    <nd ref="12681529884"/>
    <nd ref="12681529885"/>
    <nd ref="12681529886"/>
    <nd ref="12681529887"/>
    <nd ref="12681529888"/>
    <nd ref="12681529889"/>
    <nd ref="12681529882"/>
    <tag k="addr:city" v="Guelph"/>
    <tag k="addr:flats" v="5;7"/>
    <tag k="addr:housenumber" v="120"/>
    <tag k="addr:street" v="Westmount Road"/>
    <tag k="building" v="semidetached_house"/>
  </way>
  <way id="1369220542" version="6" timestamp="2026-09-30T04:06:54Z" changeset="189754807" uid="24088502" user="skfd imports">
    <center lat="43.5515264" lon="-80.2731352"/>
    <nd ref="12681529890"/>
    <nd ref="12681529891"/>
    <nd ref="12681529892"/>
    <nd ref="12681529893"/>
    <nd ref="12681529894"/>
    <nd ref="12681529895"/>
    <nd ref="12681529896"/>
    <nd ref="12681529897"/>
    <nd ref="12681529890"/>
    <tag k="addr:city" v="Guelph"/>
    <tag k="addr:flats" v="9;11"/>
    <tag k="addr:housenumber" v="120"/>
    <tag k="addr:street" v="Westmount Road"/>
    <tag k="building" v="semidetached_house"/>
  </way>
  <way id="1369220543" version="5" timestamp="2026-09-30T04:06:54Z" changeset="189754807" uid="24088502" user="skfd imports">
    <center lat="43.5518527" lon="-80.2726779"/>
    <nd ref="12681529898"/>
    <nd ref="12681529899"/>
    <nd ref="12681529900"/>
    <nd ref="12681603901"/>
    <nd ref="12681603902"/>
    <nd ref="12681603903"/>
    <nd ref="12681603904"/>
    <nd ref="12681603905"/>
    <nd ref="12681529898"/>
    <tag k="addr:city" v="Guelph"/>
    <tag k="addr:flats" v="1;3"/>
    <tag k="addr:housenumber" v="120"/>
    <tag k="addr:street" v="Westmount Road"/>
    <tag k="building" v="semidetached_house"/>
  </way>
  <way id="1369220544" version="6" timestamp="2026-09-30T04:06:54Z" changeset="189754807" uid="24088502" user="skfd imports">
    <center lat="43.5517243" lon="-80.2738053"/>
    <nd ref="12681603906"/>
    <nd ref="12681603907"/>
    <nd ref="12681603908"/>
    <nd ref="12681603909"/>
    <nd ref="12681603910"/>
    <nd ref="12681603911"/>
    <nd ref="12681603912"/>
    <nd ref="12681603913"/>
    <nd ref="12681603906"/>
    <tag k="addr:city" v="Guelph"/>
    <tag k="addr:flats" v="15-16"/>
    <tag k="addr:housenumber" v="120"/>
    <tag k="addr:street" v="Westmount Road"/>
    <tag k="building" v="semidetached_house"/>
    <tag k="building:levels" v="2"/>
  </way>
  <way id="1369220545" version="5" timestamp="2026-09-30T04:06:54Z" changeset="189754807" uid="24088502" user="skfd imports">
    <center lat="43.5518785" lon="-80.2735996"/>
    <nd ref="12681603914"/>
    <nd ref="12681603915"/>
    <nd ref="12681603916"/>
    <nd ref="12681603917"/>
    <nd ref="12681603918"/>
    <nd ref="12681603919"/>
    <nd ref="12681603920"/>
    <nd ref="12681603921"/>
    <nd ref="12681603914"/>
    <tag k="addr:city" v="Guelph"/>
    <tag k="addr:flats" v="18;20"/>
    <tag k="addr:housenumber" v="120"/>
    <tag k="addr:street" v="Westmount Road"/>
    <tag k="building" v="semidetached_house"/>
    <tag k="building:levels" v="2"/>
  </way>
  <way id="1369220546" version="5" timestamp="2026-09-30T04:06:54Z" changeset="189754807" uid="24088502" user="skfd imports">
    <center lat="43.5520300" lon="-80.2733869"/>
    <nd ref="12681603922"/>
    <nd ref="12681603923"/>
    <nd ref="12681603924"/>
    <nd ref="12681603925"/>
    <nd ref="12681603926"/>
    <nd ref="12681603927"/>
    <nd ref="12681603928"/>
    <nd ref="12681603929"/>
    <nd ref="12681603922"/>
    <tag k="addr:city" v="Guelph"/>
    <tag k="addr:flats" v="22;24"/>
    <tag k="addr:housenumber" v="120"/>
    <tag k="addr:street" v="Westmount Road"/>
    <tag k="building" v="semidetached_house"/>
    <tag k="building:levels" v="2"/>
  </way>
  <way id="1369220547" version="5" timestamp="2026-09-30T04:06:54Z" changeset="189754807" uid="24088502" user="skfd imports">
    <center lat="43.5521971" lon="-80.2731529"/>
    <nd ref="12681603930"/>
    <nd ref="12681603931"/>
    <nd ref="12681603932"/>
    <nd ref="12681603933"/>
    <nd ref="12681603934"/>
    <nd ref="12681603935"/>
    <nd ref="12681603936"/>
    <nd ref="12681603937"/>
    <nd ref="12681603930"/>
    <tag k="addr:city" v="Guelph"/>
    <tag k="addr:flats" v="26;28"/>
    <tag k="addr:housenumber" v="120"/>
    <tag k="addr:street" v="Westmount Road"/>
    <tag k="building" v="semidetached_house"/>
    <tag k="building:levels" v="2"/>
  </way>
  <way id="1369220548" version="5" timestamp="2026-09-30T04:06:54Z" changeset="189754807" uid="24088502" user="skfd imports">
    <center lat="43.5516729" lon="-80.2732946"/>
    <nd ref="12681603938"/>
    <nd ref="12681603939"/>
    <nd ref="12681603940"/>
    <nd ref="12681603941"/>
    <nd ref="12681603942"/>
    <nd ref="12681603943"/>
    <nd ref="12681603944"/>
    <nd ref="12681603945"/>
    <nd ref="12681603938"/>
    <tag k="addr:city" v="Guelph"/>
    <tag k="addr:flats" v="17;19"/>
    <tag k="addr:housenumber" v="120"/>
    <tag k="addr:street" v="Westmount Road"/>
    <tag k="building" v="semidetached_house"/>
    <tag k="building:levels" v="2"/>
  </way>
  <way id="1369220549" version="5" timestamp="2026-09-30T04:06:54Z" changeset="189754807" uid="24088502" user="skfd imports">
    <center lat="43.5518194" lon="-80.2730785"/>
    <nd ref="12681603946"/>
    <nd ref="12681603947"/>
    <nd ref="12681603948"/>
    <nd ref="12681603949"/>
    <nd ref="12681603950"/>
    <nd ref="12681603951"/>
    <nd ref="12681603952"/>
    <nd ref="12681603953"/>
    <nd ref="12681603946"/>
    <tag k="addr:city" v="Guelph"/>
    <tag k="addr:flats" v="21;23"/>
    <tag k="addr:housenumber" v="120"/>
    <tag k="addr:street" v="Westmount Road"/>
    <tag k="building" v="semidetached_house"/>
    <tag k="building:levels" v="2"/>
  </way>
  <way id="1369220550" version="5" timestamp="2026-09-30T04:06:54Z" changeset="189754807" uid="24088502" user="skfd imports">
    <center lat="43.5519838" lon="-80.2728622"/>
    <nd ref="12681603954"/>
    <nd ref="12681603955"/>
    <nd ref="12681603956"/>
    <nd ref="12681603957"/>
    <nd ref="12681603958"/>
    <nd ref="12681603959"/>
    <nd ref="12681603960"/>
    <nd ref="12681603961"/>
    <nd ref="12681603954"/>
    <tag k="addr:city" v="Guelph"/>
    <tag k="addr:flats" v="25;27"/>
    <tag k="addr:housenumber" v="120"/>
    <tag k="addr:street" v="Westmount Road"/>
    <tag k="building" v="semidetached_house"/>
    <tag k="height" v="2"/>
  </way>
  <way id="1430415277" version="3" timestamp="2026-09-30T04:06:54Z" changeset="189754807" uid="24088502" user="skfd imports">
    <center lat="43.5466226" lon="-80.2548422"/>
    <nd ref="13148477178"/>
    <nd ref="8591376720"/>
    <nd ref="8591376716"/>
    <nd ref="8591376717"/>
    <nd ref="8591376723"/>
    <nd ref="13148477177"/>
    <nd ref="13148477178"/>
    <tag k="addr:city" v="Guelph"/>
    <tag k="addr:flats" v="A;B;C"/>
    <tag k="addr:housenumber" v="25"/>
    <tag k="addr:postcode" v="N1H 2K8"/>
    <tag k="addr:street" v="Liverpool Street"/>
    <tag k="building" v="detached"/>
  </way>
  <way id="1430415280" version="3" timestamp="2026-09-30T04:06:54Z" changeset="189754807" uid="24088502" user="skfd imports">
    <center lat="43.5448624" lon="-80.2549247"/>
    <nd ref="13148477180"/>
    <nd ref="8588680739"/>
    <nd ref="8588680738"/>
    <nd ref="8588680737"/>
    <nd ref="8588680740"/>
    <nd ref="13148477181"/>
    <nd ref="13148477180"/>
    <tag k="addr:city" v="Guelph"/>
    <tag k="addr:flats" v="A;B"/>
    <tag k="addr:housenumber" v="124"/>
    <tag k="addr:postcode" v="N1H 4N4"/>
    <tag k="addr:street" v="Dublin Street North"/>
    <tag k="building" v="detached"/>
  </way>
  <way id="1431616569" version="4" timestamp="2026-09-30T04:05:47Z" changeset="189754783" uid="24088502" user="skfd imports">
    <center lat="43.5424587" lon="-80.2447266"/>
    <nd ref="13159082375"/>
    <nd ref="4850924902"/>
    <nd ref="4850924901"/>
    <nd ref="4850924900"/>
    <nd ref="4850924899"/>
    <nd ref="4850924898"/>
    <nd ref="4850924897"/>
    <nd ref="13159082374"/>
    <nd ref="13159082375"/>
    <tag k="addr:city" v="Guelph"/>
    <tag k="addr:flats" v="1-2;3A;3B;3C;4-8"/>
    <tag k="addr:housenumber" v="47"/>
    <tag k="addr:postcode" v="N1H 3P6"/>
    <tag k="addr:street" v="Surrey Street East"/>
    <tag k="building" v="yes"/>
  </way>
  <way id="1436028337" version="6" timestamp="2026-09-30T04:02:53Z" changeset="189754722" uid="24088502" user="skfd imports">
    <center lat="43.5693701" lon="-80.2730256"/>
    <nd ref="7316174167"/>
    <nd ref="14215879563"/>
    <nd ref="1884626213"/>
    <nd ref="1884626214"/>
    <nd ref="14215879568"/>
    <nd ref="14215879573"/>
    <nd ref="1884626211"/>
    <nd ref="9980882143"/>
    <nd ref="1884626209"/>
    <nd ref="7316174126"/>
    <nd ref="7316174125"/>
    <nd ref="7316174166"/>
    <nd ref="7316174167"/>
    <tag k="addr:city" v="Guelph"/>
    <tag k="addr:flats" v="101-114;201-218;301-318"/>
    <tag k="addr:housenumber" v="70"/>
    <tag k="addr:postcode" v="N1H 7W7"/>
    <tag k="addr:street" v="Woodlawn Road East"/>
    <tag k="building" v="residential"/>
  </way>
  <way id="1436604416" version="4" timestamp="2026-09-30T04:03:37Z" changeset="189754736" uid="24088502" user="skfd imports">
    <center lat="43.5556073" lon="-80.2825678"/>
    <nd ref="13204169079"/>
    <nd ref="5970507912"/>
    <nd ref="5970507913"/>
    <nd ref="13204169078"/>
    <nd ref="13204169079"/>
    <tag k="addr:city" v="Guelph"/>
    <tag k="addr:flats" v="11-12"/>
    <tag k="addr:housenumber" v="80"/>
    <tag k="addr:postcode" v="N1H 6V9"/>
    <tag k="addr:street" v="Burns Drive"/>
    <tag k="building" v="apartments"/>
  </way>
  <way id="1436604417" version="4" timestamp="2026-09-30T04:03:37Z" changeset="189754736" uid="24088502" user="skfd imports">
    <center lat="43.5555686" lon="-80.2825136"/>
    <nd ref="13204169081"/>
    <nd ref="13204169079"/>
    <nd ref="13204169078"/>
    <nd ref="13204169080"/>
    <nd ref="13204169081"/>
    <tag k="addr:city" v="Guelph"/>
    <tag k="addr:flats" v="13-14"/>
    <tag k="addr:housenumber" v="80"/>
    <tag k="addr:postcode" v="N1H 6V9"/>
    <tag k="addr:street" v="Burns Drive"/>
    <tag k="building" v="apartments"/>
  </way>
  <way id="1436604418" version="4" timestamp="2026-09-30T04:03:37Z" changeset="189754736" uid="24088502" user="skfd imports">
    <center lat="43.5555302" lon="-80.2824593"/>
    <nd ref="13204169083"/>
    <nd ref="13204169081"/>
    <nd ref="13204169080"/>
    <nd ref="13204169082"/>
    <nd ref="13204169083"/>
    <tag k="addr:city" v="Guelph"/>
    <tag k="addr:flats" v="15-16"/>
    <tag k="addr:housenumber" v="80"/>
    <tag k="addr:postcode" v="N1H 6V9"/>
    <tag k="addr:street" v="Burns Drive"/>
    <tag k="building" v="apartments"/>
  </way>
  <way id="1436604419" version="4" timestamp="2026-09-30T04:03:37Z" changeset="189754736" uid="24088502" user="skfd imports">
    <center lat="43.5554915" lon="-80.2824050"/>
    <nd ref="13204169085"/>
    <nd ref="13204169083"/>
    <nd ref="13204169082"/>
    <nd ref="13204169084"/>
    <nd ref="13204169085"/>
    <tag k="addr:city" v="Guelph"/>
    <tag k="addr:flats" v="17-18"/>
    <tag k="addr:housenumber" v="80"/>
    <tag k="addr:postcode" v="N1H 6V9"/>
    <tag k="addr:street" v="Burns Drive"/>
    <tag k="building" v="apartments"/>
  </way>
  <way id="1436604420" version="4" timestamp="2026-09-30T04:03:37Z" changeset="189754736" uid="24088502" user="skfd imports">
    <center lat="43.5558391" lon="-80.2828463"/>
    <nd ref="13204169087"/>
    <nd ref="5970507916"/>
    <nd ref="5970507917"/>
    <nd ref="13204169086"/>
    <nd ref="13204169087"/>
    <tag k="addr:city" v="Guelph"/>
    <tag k="addr:flats" v="1-2"/>
    <tag k="addr:housenumber" v="86"/>
    <tag k="addr:postcode" v="N1H 6V9"/>
    <tag k="addr:street" v="Burns Drive"/>
    <tag k="building" v="apartments"/>
  </way>
  <way id="1436604421" version="4" timestamp="2026-09-30T04:03:37Z" changeset="189754736" uid="24088502" user="skfd imports">
    <center lat="43.5558006" lon="-80.2827913"/>
    <nd ref="13204169089"/>
    <nd ref="13204169087"/>
    <nd ref="13204169086"/>
    <nd ref="13204169088"/>
    <nd ref="13204169089"/>
    <tag k="addr:city" v="Guelph"/>
    <tag k="addr:flats" v="3-4"/>
    <tag k="addr:housenumber" v="86"/>
    <tag k="addr:postcode" v="N1H 6V9"/>
    <tag k="addr:street" v="Burns Drive"/>
    <tag k="building" v="apartments"/>
  </way>
  <way id="1436604422" version="4" timestamp="2026-09-30T04:03:37Z" changeset="189754736" uid="24088502" user="skfd imports">
    <center lat="43.5557622" lon="-80.2827364"/>
    <nd ref="13204169091"/>
    <nd ref="13204169089"/>
    <nd ref="13204169088"/>
    <nd ref="13204169090"/>
    <nd ref="13204169091"/>
    <tag k="addr:city" v="Guelph"/>
    <tag k="addr:flats" v="5-6"/>
    <tag k="addr:housenumber" v="86"/>
    <tag k="addr:postcode" v="N1H 6V9"/>
    <tag k="addr:street" v="Burns Drive"/>
    <tag k="building" v="apartments"/>
  </way>
  <way id="1436604423" version="4" timestamp="2026-09-30T04:03:37Z" changeset="189754736" uid="24088502" user="skfd imports">
    <center lat="43.5557237" lon="-80.2826814"/>
    <nd ref="13204169093"/>
    <nd ref="13204169091"/>
    <nd ref="13204169090"/>
    <nd ref="13204169092"/>
    <nd ref="13204169093"/>
    <tag k="addr:city" v="Guelph"/>
    <tag k="addr:flats" v="7-8"/>
    <tag k="addr:housenumber" v="86"/>
    <tag k="addr:postcode" v="N1H 6V9"/>
    <tag k="addr:street" v="Burns Drive"/>
    <tag k="building" v="apartments"/>
  </way>
  <way id="1436604425" version="4" timestamp="2026-09-30T04:02:53Z" changeset="189754722" uid="24088502" user="skfd imports">
    <center lat="43.5582019" lon="-80.2802295"/>
    <nd ref="13204169097"/>
    <nd ref="7502894237"/>
    <nd ref="7502894238"/>
    <nd ref="13204169096"/>
    <nd ref="13204169097"/>
    <tag k="addr:city" v="Guelph"/>
    <tag k="addr:flats" v="1-4"/>
    <tag k="addr:housenumber" v="3"/>
    <tag k="addr:postcode" v="N1H 7C3"/>
    <tag k="addr:street" v="Burns Drive"/>
    <tag k="building" v="yes"/>
    <tag k="source" v="microsoft/BuildingFootprints"/>
  </way>
  <way id="1436604426" version="4" timestamp="2026-09-30T04:02:53Z" changeset="189754722" uid="24088502" user="skfd imports">
    <center lat="43.5582795" lon="-80.2803373"/>
    <nd ref="13204169099"/>
    <nd ref="13204169097"/>
    <nd ref="13204169096"/>
    <nd ref="13204169098"/>
    <nd ref="13204169099"/>
    <tag k="addr:city" v="Guelph"/>
    <tag k="addr:flats" v="5-8"/>
    <tag k="addr:housenumber" v="3"/>
    <tag k="addr:postcode" v="N1H 7C3"/>
    <tag k="addr:street" v="Burns Drive"/>
    <tag k="building" v="yes"/>
    <tag k="source" v="microsoft/BuildingFootprints"/>
  </way>
  <way id="1436604427" version="4" timestamp="2026-09-30T04:02:53Z" changeset="189754722" uid="24088502" user="skfd imports">
    <center lat="43.5584482" lon="-80.2805703"/>
    <nd ref="13204173601"/>
    <nd ref="7502894241"/>
    <nd ref="7502894242"/>
    <nd ref="13204169100"/>
    <nd ref="13204173601"/>
    <tag k="addr:city" v="Guelph"/>
    <tag k="addr:flats" v="13-16"/>
    <tag k="addr:housenumber" v="11"/>
    <tag k="addr:postcode" v="N1H 7C3"/>
    <tag k="addr:street" v="Burns Drive"/>
    <tag k="building" v="yes"/>
    <tag k="source" v="microsoft/BuildingFootprints"/>
  </way>
  <way id="1436604428" version="4" timestamp="2026-09-30T04:02:53Z" changeset="189754722" uid="24088502" user="skfd imports">
    <center lat="43.5579440" lon="-80.2809755"/>
    <nd ref="13204173603"/>
    <nd ref="7502894233"/>
    <nd ref="7502894234"/>
    <nd ref="13204173602"/>
    <nd ref="13204173603"/>
    <tag k="addr:city" v="Guelph"/>
    <tag k="addr:flats" v="53-58"/>
    <tag k="addr:housenumber" v="9"/>
    <tag k="addr:postcode" v="N1H 7C3"/>
    <tag k="addr:street" v="Burns Drive"/>
    <tag k="building" v="yes"/>
    <tag k="source" v="microsoft/BuildingFootprints"/>
  </way>
  <way id="1436604429" version="4" timestamp="2026-09-30T04:02:53Z" changeset="189754722" uid="24088502" user="skfd imports">
    <center lat="43.5580578" lon="-80.2808185"/>
    <nd ref="13204173605"/>
    <nd ref="13204173603"/>
    <nd ref="13204173602"/>
    <nd ref="13204173604"/>
    <nd ref="13204173605"/>
    <tag k="addr:city" v="Guelph"/>
    <tag k="addr:flats" v="59-64"/>
    <tag k="addr:housenumber" v="9"/>
    <tag k="addr:postcode" v="N1H 7C3"/>
    <tag k="addr:street" v="Burns Drive"/>
    <tag k="building" v="yes"/>
    <tag k="source" v="microsoft/BuildingFootprints"/>
  </way>
  <way id="1436604430" version="4" timestamp="2026-09-30T04:02:53Z" changeset="189754722" uid="24088502" user="skfd imports">
    <center lat="43.5579177" lon="-80.2815646"/>
    <nd ref="13204173607"/>
    <nd ref="7502894218"/>
    <nd ref="7502894219"/>
    <nd ref="13204173606"/>
    <nd ref="13204173607"/>
    <tag k="addr:city" v="Guelph"/>
    <tag k="addr:flats" v="41-44"/>
    <tag k="addr:housenumber" v="19"/>
    <tag k="addr:postcode" v="N1H 7C3"/>
    <tag k="addr:street" v="Burns Drive"/>
    <tag k="building" v="yes"/>
    <tag k="source" v="microsoft/BuildingFootprints"/>
  </way>
  <way id="1436604431" version="4" timestamp="2026-09-30T04:02:53Z" changeset="189754722" uid="24088502" user="skfd imports">
    <center lat="43.5577999" lon="-80.2812997"/>
    <nd ref="7502894221"/>
    <nd ref="7502894222"/>
    <nd ref="7502894223"/>
    <nd ref="7502894224"/>
    <nd ref="7502894217"/>
    <nd ref="7502894221"/>
    <tag k="addr:city" v="Guelph"/>
    <tag k="addr:flats" v="49-52"/>
    <tag k="addr:housenumber" v="19"/>
    <tag k="addr:postcode" v="N1H 7C3"/>
    <tag k="addr:street" v="Burns Drive"/>
    <tag k="building" v="yes"/>
    <tag k="source" v="microsoft/BuildingFootprints"/>
  </way>
  <way id="1436604432" version="4" timestamp="2026-09-30T04:02:53Z" changeset="189754722" uid="24088502" user="skfd imports">
    <center lat="43.5583815" lon="-80.2808925"/>
    <nd ref="13204173609"/>
    <nd ref="7502894230"/>
    <nd ref="7502894231"/>
    <nd ref="13204173608"/>
    <nd ref="13204173609"/>
    <tag k="addr:city" v="Guelph"/>
    <tag k="addr:flats" v="21-24"/>
    <tag k="addr:housenumber" v="15"/>
    <tag k="addr:postcode" v="N1H 7C3"/>
    <tag k="addr:street" v="Burns Drive"/>
    <tag k="building" v="yes"/>
    <tag k="source" v="microsoft/BuildingFootprints"/>
  </way>
  <way id="1436604433" version="4" timestamp="2026-09-30T04:02:53Z" changeset="189754722" uid="24088502" user="skfd imports">
    <center lat="43.5580762" lon="-80.2813232"/>
    <nd ref="13204173611"/>
    <nd ref="7502894225"/>
    <nd ref="7502894226"/>
    <nd ref="13204173610"/>
    <nd ref="13204173611"/>
    <tag k="addr:city" v="Guelph"/>
    <tag k="addr:flats" v="35-40"/>
    <tag k="addr:housenumber" v="17"/>
    <tag k="addr:postcode" v="N1H 7C3"/>
    <tag k="addr:street" v="Burns Drive"/>
    <tag k="building" v="yes"/>
    <tag k="source" v="microsoft/BuildingFootprints"/>
  </way>
  <way id="1437043928" version="4" timestamp="2026-09-30T04:08:32Z" changeset="189754840" uid="24088502" user="skfd imports">
    <center lat="43.5316189" lon="-80.3023198"/>
    <nd ref="13207984467"/>
    <nd ref="9129941056"/>
    <nd ref="9129941109"/>
    <nd ref="9129941108"/>
    <nd ref="9129941057"/>
    <nd ref="8474117031"/>
    <nd ref="8474117030"/>
    <nd ref="13207984466"/>
    <nd ref="13207984467"/>
    <tag k="addr:city" v="Guelph"/>
    <tag k="addr:flats" v="49-50"/>
    <tag k="addr:housenumber" v="75"/>
    <tag k="addr:postcode" v="N1H 8J8"/>
    <tag k="addr:street" v="Flaherty Drive"/>
    <tag k="building" v="yes"/>
  </way>
  <way id="1437043929" version="4" timestamp="2026-09-30T04:08:32Z" changeset="189754840" uid="24088502" user="skfd imports">
    <center lat="43.5312122" lon="-80.3024293"/>
    <nd ref="13207984468"/>
    <nd ref="9129941101"/>
    <nd ref="9129918977"/>
    <nd ref="9129918980"/>
    <nd ref="9129941100"/>
    <nd ref="9129941098"/>
    <nd ref="8474117027"/>
    <nd ref="9129941099"/>
    <nd ref="8474117026"/>
    <nd ref="9129941039"/>
    <nd ref="9129941097"/>
    <nd ref="9129941096"/>
    <nd ref="9129941040"/>
    <nd ref="13207984465"/>
    <nd ref="13207984468"/>
    <tag k="addr:city" v="Guelph"/>
    <tag k="addr:flats" v="45-46"/>
    <tag k="addr:housenumber" v="75"/>
    <tag k="addr:postcode" v="N1H 8J8"/>
    <tag k="addr:street" v="Flaherty Drive"/>
    <tag k="building" v="yes"/>
  </way>
  <way id="1437043930" version="4" timestamp="2026-09-30T04:08:32Z" changeset="189754840" uid="24088502" user="skfd imports">
    <center lat="43.5310007" lon="-80.3025829"/>
    <nd ref="13207984463"/>
    <nd ref="9129941086"/>
    <nd ref="8474117021"/>
    <nd ref="9129941085"/>
    <nd ref="8474117020"/>
    <nd ref="9129919003"/>
    <nd ref="9129941088"/>
    <nd ref="9129941089"/>
    <nd ref="9129919004"/>
    <nd ref="13207984469"/>
    <nd ref="13207984463"/>
    <tag k="addr:city" v="Guelph"/>
    <tag k="addr:flats" v="41-42"/>
    <tag k="addr:housenumber" v="75"/>
    <tag k="addr:postcode" v="N1H 8J8"/>
    <tag k="addr:street" v="Flaherty Drive"/>
    <tag k="building" v="yes"/>
  </way>
  <way id="1437043931" version="4" timestamp="2026-09-30T04:08:32Z" changeset="189754840" uid="24088502" user="skfd imports">
    <center lat="43.5308663" lon="-80.3028784"/>
    <nd ref="13207984470"/>
    <nd ref="9129919009"/>
    <nd ref="9129941092"/>
    <nd ref="9129941093"/>
    <nd ref="9129919010"/>
    <nd ref="13207984462"/>
    <nd ref="13207984471"/>
    <nd ref="9129941082"/>
    <nd ref="9129941055"/>
    <nd ref="9129919005"/>
    <nd ref="9129941083"/>
    <nd ref="13207984464"/>
    <nd ref="13207984470"/>
    <tag k="addr:city" v="Guelph"/>
    <tag k="addr:flats" v="37-38"/>
    <tag k="addr:housenumber" v="75"/>
    <tag k="addr:postcode" v="N1H 8J8"/>
    <tag k="addr:street" v="Flaherty Drive"/>
    <tag k="building" v="yes"/>
  </way>
  <way id="1437043932" version="4" timestamp="2026-09-30T04:08:32Z" changeset="189754840" uid="24088502" user="skfd imports">
    <center lat="43.5307997" lon="-80.3030279"/>
    <nd ref="13207984462"/>
    <nd ref="9129941043"/>
    <nd ref="9129941095"/>
    <nd ref="9129941094"/>
    <nd ref="9129941044"/>
    <nd ref="8474117023"/>
    <nd ref="9129941078"/>
    <nd ref="8474117022"/>
    <nd ref="9129941079"/>
    <nd ref="9129941080"/>
    <nd ref="9129919011"/>
    <nd ref="9129941054"/>
    <nd ref="9129941081"/>
    <nd ref="13207984471"/>
    <nd ref="13207984462"/>
    <tag k="addr:city" v="Guelph"/>
    <tag k="addr:flats" v="35-36"/>
    <tag k="addr:housenumber" v="75"/>
    <tag k="addr:postcode" v="N1H 8J8"/>
    <tag k="addr:street" v="Flaherty Drive"/>
    <tag k="building" v="yes"/>
  </way>
  <way id="1437043933" version="4" timestamp="2026-09-30T04:08:32Z" changeset="189754840" uid="24088502" user="skfd imports">
    <center lat="43.5311813" lon="-80.3029344"/>
    <nd ref="13207984473"/>
    <nd ref="9129941128"/>
    <nd ref="9129941048"/>
    <nd ref="9129941035"/>
    <nd ref="9129941126"/>
    <nd ref="13207984472"/>
    <nd ref="13207984460"/>
    <nd ref="9129941123"/>
    <nd ref="9129918987"/>
    <nd ref="13207984461"/>
    <nd ref="13207984473"/>
    <tag k="addr:city" v="Guelph"/>
    <tag k="addr:flats" v="31-32"/>
    <tag k="addr:housenumber" v="75"/>
    <tag k="addr:postcode" v="N1H 8J8"/>
    <tag k="addr:street" v="Flaherty Drive"/>
    <tag k="building" v="yes"/>
  </way>
  <way id="1437043934" version="4" timestamp="2026-09-30T04:08:32Z" changeset="189754840" uid="24088502" user="skfd imports">
    <center lat="43.5312584" lon="-80.3028101"/>
    <nd ref="13207984472"/>
    <nd ref="9129941125"/>
    <nd ref="9129941036"/>
    <nd ref="9129941124"/>
    <nd ref="9129918989"/>
    <nd ref="8474117049"/>
    <nd ref="9129941121"/>
    <nd ref="8474117048"/>
    <nd ref="9129941122"/>
    <nd ref="13207984460"/>
    <nd ref="13207984472"/>
    <tag k="addr:city" v="Guelph"/>
    <tag k="addr:flats" v="33-34"/>
    <tag k="addr:housenumber" v="75"/>
    <tag k="addr:postcode" v="N1H 8J8"/>
    <tag k="addr:street" v="Flaherty Drive"/>
    <tag k="building" v="yes"/>
  </way>
  <way id="1437043935" version="4" timestamp="2026-09-30T04:08:32Z" changeset="189754840" uid="24088502" user="skfd imports">
    <center lat="43.5307887" lon="-80.3034311"/>
    <nd ref="13207984481"/>
    <nd ref="9129941066"/>
    <nd ref="9129918983"/>
    <nd ref="9129941037"/>
    <nd ref="9129941067"/>
    <nd ref="13207984482"/>
    <nd ref="13207984479"/>
    <nd ref="9129919012"/>
    <nd ref="9129941075"/>
    <nd ref="9129941074"/>
    <nd ref="9129919013"/>
    <nd ref="13207984480"/>
    <nd ref="13207984481"/>
    <tag k="addr:city" v="Guelph"/>
    <tag k="addr:flats" v="3-4"/>
    <tag k="addr:housenumber" v="75"/>
    <tag k="addr:postcode" v="N1H 8J8"/>
    <tag k="addr:street" v="Flaherty Drive"/>
    <tag k="building" v="yes"/>
  </way>
  <way id="1437043936" version="4" timestamp="2026-09-30T04:08:32Z" changeset="189754840" uid="24088502" user="skfd imports">
    <center lat="43.5309023" lon="-80.3035091"/>
    <nd ref="13207984482"/>
    <nd ref="9129941068"/>
    <nd ref="9129941038"/>
    <nd ref="9129918968"/>
    <nd ref="9129941071"/>
    <nd ref="9129941069"/>
    <nd ref="8474117053"/>
    <nd ref="9129941070"/>
    <nd ref="8474117052"/>
    <nd ref="9129918978"/>
    <nd ref="9129941073"/>
    <nd ref="9129941072"/>
    <nd ref="9129918979"/>
    <nd ref="13207984479"/>
    <nd ref="13207984482"/>
    <tag k="addr:city" v="Guelph"/>
    <tag k="addr:flats" v="5-6"/>
    <tag k="addr:housenumber" v="75"/>
    <tag k="addr:postcode" v="N1H 8J8"/>
    <tag k="addr:street" v="Flaherty Drive"/>
    <tag k="building" v="yes"/>
  </way>
  <way id="1437043937" version="4" timestamp="2026-09-30T04:08:32Z" changeset="189754840" uid="24088502" user="skfd imports">
    <center lat="43.5312059" lon="-80.3034286"/>
    <nd ref="13207984483"/>
    <nd ref="9129941147"/>
    <nd ref="9129941023"/>
    <nd ref="9129941033"/>
    <nd ref="9129941146"/>
    <nd ref="13207984484"/>
    <nd ref="13207984477"/>
    <nd ref="9129941019"/>
    <nd ref="9129941135"/>
    <nd ref="9129941134"/>
    <nd ref="9129941020"/>
    <nd ref="13207984478"/>
    <nd ref="13207984483"/>
    <tag k="addr:city" v="Guelph"/>
    <tag k="addr:flats" v="9-10"/>
    <tag k="addr:housenumber" v="75"/>
    <tag k="addr:postcode" v="N1H 8J8"/>
    <tag k="addr:street" v="Flaherty Drive"/>
    <tag k="building" v="yes"/>
  </way>
  <way id="1437043938" version="4" timestamp="2026-09-30T04:08:32Z" changeset="189754840" uid="24088502" user="skfd imports">
    <center lat="43.5312969" lon="-80.3033032"/>
    <nd ref="13207984484"/>
    <nd ref="9129941145"/>
    <nd ref="9129941034"/>
    <nd ref="9129941027"/>
    <nd ref="9129941144"/>
    <nd ref="13207984485"/>
    <nd ref="13207984476"/>
    <nd ref="9129941025"/>
    <nd ref="9129941137"/>
    <nd ref="9129941136"/>
    <nd ref="9129941026"/>
    <nd ref="13207984477"/>
    <nd ref="13207984484"/>
    <tag k="addr:city" v="Guelph"/>
    <tag k="addr:flats" v="11-12"/>
    <tag k="addr:housenumber" v="75"/>
    <tag k="addr:postcode" v="N1H 8J8"/>
    <tag k="addr:street" v="Flaherty Drive"/>
    <tag k="building" v="yes"/>
  </way>
  <way id="1437043939" version="4" timestamp="2026-09-30T04:08:32Z" changeset="189754840" uid="24088502" user="skfd imports">
    <center lat="43.5313872" lon="-80.3031820"/>
    <nd ref="13207984485"/>
    <nd ref="9129941143"/>
    <nd ref="9129941028"/>
    <nd ref="9129941021"/>
    <nd ref="9129941142"/>
    <nd ref="9129941141"/>
    <nd ref="8474117057"/>
    <nd ref="9129941140"/>
    <nd ref="8474117056"/>
    <nd ref="9129941029"/>
    <nd ref="9129941138"/>
    <nd ref="9129941139"/>
    <nd ref="9129941030"/>
    <nd ref="13207984476"/>
    <nd ref="13207984485"/>
    <tag k="addr:city" v="Guelph"/>
    <tag k="addr:flats" v="13-14"/>
    <tag k="addr:housenumber" v="75"/>
    <tag k="addr:postcode" v="N1H 8J8"/>
    <tag k="addr:street" v="Flaherty Drive"/>
    <tag k="building" v="yes"/>
  </way>
  <way id="1437043940" version="4" timestamp="2026-09-30T04:08:32Z" changeset="189754840" uid="24088502" user="skfd imports">
    <center lat="43.5316050" lon="-80.3028812"/>
    <nd ref="13207984487"/>
    <nd ref="9129941158"/>
    <nd ref="9129941061"/>
    <nd ref="9129941031"/>
    <nd ref="9129941155"/>
    <nd ref="13207984486"/>
    <nd ref="13207984474"/>
    <nd ref="9129918974"/>
    <nd ref="9129941165"/>
    <nd ref="9129941164"/>
    <nd ref="9129918975"/>
    <nd ref="13207984475"/>
    <nd ref="13207984487"/>
    <tag k="addr:city" v="Guelph"/>
    <tag k="addr:flats" v="17-18"/>
    <tag k="addr:housenumber" v="75"/>
    <tag k="addr:postcode" v="N1H 8J8"/>
    <tag k="addr:street" v="Flaherty Drive"/>
    <tag k="building" v="yes"/>
  </way>
  <way id="1437043941" version="4" timestamp="2026-09-30T04:08:32Z" changeset="189754840" uid="24088502" user="skfd imports">
    <center lat="43.5316941" lon="-80.3027577"/>
    <nd ref="13207984486"/>
    <nd ref="9129941156"/>
    <nd ref="9129941032"/>
    <nd ref="9129918981"/>
    <nd ref="9129941154"/>
    <nd ref="9129941153"/>
    <nd ref="8474117038"/>
    <nd ref="9129941152"/>
    <nd ref="8474117037"/>
    <nd ref="9129919001"/>
    <nd ref="9129941166"/>
    <nd ref="9129941167"/>
    <nd ref="9129919002"/>
    <nd ref="13207984474"/>
    <nd ref="13207984486"/>
    <tag k="addr:city" v="Guelph"/>
    <tag k="addr:flats" v="19-20"/>
    <tag k="addr:housenumber" v="75"/>
    <tag k="addr:postcode" v="N1H 8J8"/>
    <tag k="addr:street" v="Flaherty Drive"/>
    <tag k="building" v="yes"/>
  </way>
  <way id="1437043942" version="4" timestamp="2026-09-30T04:08:32Z" changeset="189754840" uid="24088502" user="skfd imports">
    <center lat="43.5320004" lon="-80.3023344"/>
    <nd ref="13207984490"/>
    <nd ref="9129941041"/>
    <nd ref="9129941182"/>
    <nd ref="9129941183"/>
    <nd ref="9129941042"/>
    <nd ref="13207984489"/>
    <nd ref="13207984492"/>
    <nd ref="9129941174"/>
    <nd ref="9129918998"/>
    <nd ref="9129919016"/>
    <nd ref="9129941175"/>
    <nd ref="13207984491"/>
    <nd ref="13207984490"/>
    <tag k="addr:city" v="Guelph"/>
    <tag k="addr:flats" v="25-26"/>
    <tag k="addr:housenumber" v="75"/>
    <tag k="addr:postcode" v="N1H 8J8"/>
    <tag k="addr:street" v="Flaherty Drive"/>
    <tag k="building" v="yes"/>
  </way>
  <way id="1437043943" version="4" timestamp="2026-09-30T04:08:32Z" changeset="189754840" uid="24088502" user="skfd imports">
    <center lat="43.5319095" lon="-80.3024538"/>
    <nd ref="13207984489"/>
    <nd ref="9129918990"/>
    <nd ref="9129941184"/>
    <nd ref="9129941185"/>
    <nd ref="9129918991"/>
    <nd ref="13207984488"/>
    <nd ref="13207984493"/>
    <nd ref="9129941172"/>
    <nd ref="9129918993"/>
    <nd ref="9129918997"/>
    <nd ref="9129941173"/>
    <nd ref="13207984492"/>
    <nd ref="13207984489"/>
    <tag k="addr:city" v="Guelph"/>
    <tag k="addr:flats" v="23-24"/>
    <tag k="addr:housenumber" v="75"/>
    <tag k="addr:postcode" v="N1H 8J8"/>
    <tag k="addr:street" v="Flaherty Drive"/>
    <tag k="building" v="yes"/>
  </way>
  <way id="1437043944" version="4" timestamp="2026-09-30T04:08:32Z" changeset="189754840" uid="24088502" user="skfd imports">
    <center lat="43.5318214" lon="-80.3025796"/>
    <nd ref="13207984488"/>
    <nd ref="9129918995"/>
    <nd ref="9129941187"/>
    <nd ref="9129941186"/>
    <nd ref="9129918996"/>
    <nd ref="8474117032"/>
    <nd ref="9129941168"/>
    <nd ref="8474117035"/>
    <nd ref="9129941169"/>
    <nd ref="9129941170"/>
    <nd ref="9129941053"/>
    <nd ref="9129918992"/>
    <nd ref="9129941171"/>
    <nd ref="13207984493"/>
    <nd ref="13207984488"/>
    <tag k="addr:city" v="Guelph"/>
    <tag k="addr:flats" v="21-22"/>
    <tag k="addr:housenumber" v="75"/>
    <tag k="addr:postcode" v="N1H 8J8"/>
    <tag k="addr:street" v="Flaherty Drive"/>
    <tag k="building" v="yes"/>
  </way>
  <way id="1441651733" version="4" timestamp="2026-09-30T04:08:11Z" changeset="189754830" uid="24088502" user="skfd imports">
    <center lat="43.5128390" lon="-80.2761352"/>
    <nd ref="13227899735"/>
    <nd ref="8559200291"/>
    <nd ref="8559200292"/>
    <nd ref="13227899734"/>
    <nd ref="13227899735"/>
    <tag k="addr:city" v="Guelph"/>
    <tag k="addr:flats" v="59-60"/>
    <tag k="addr:housenumber" v="190"/>
    <tag k="addr:postcode" v="N1H 8L4"/>
    <tag k="addr:street" v="Fife Road"/>
    <tag k="building" v="yes"/>
  </way>
  <way id="1441651734" version="4" timestamp="2026-09-30T04:08:11Z" changeset="189754830" uid="24088502" user="skfd imports">
    <center lat="43.5128788" lon="-80.2761903"/>
    <nd ref="13227899737"/>
    <nd ref="13227899735"/>
    <nd ref="13227899734"/>
    <nd ref="13227899736"/>
    <nd ref="13227899737"/>
    <tag k="addr:city" v="Guelph"/>
    <tag k="addr:flats" v="57-58"/>
    <tag k="addr:housenumber" v="190"/>
    <tag k="addr:postcode" v="N1H 8L4"/>
    <tag k="addr:street" v="Fife Road"/>
    <tag k="building" v="yes"/>
  </way>
  <way id="1441651735" version="4" timestamp="2026-09-30T04:08:11Z" changeset="189754830" uid="24088502" user="skfd imports">
    <center lat="43.5129186" lon="-80.2762454"/>
    <nd ref="13227899739"/>
    <nd ref="13227899737"/>
    <nd ref="13227899736"/>
    <nd ref="13227899738"/>
    <nd ref="13227899739"/>
    <tag k="addr:city" v="Guelph"/>
    <tag k="addr:flats" v="55-56"/>
    <tag k="addr:housenumber" v="190"/>
    <tag k="addr:postcode" v="N1H 8L4"/>
    <tag k="addr:street" v="Fife Road"/>
    <tag k="building" v="yes"/>
  </way>
  <way id="1441651736" version="4" timestamp="2026-09-30T04:08:11Z" changeset="189754830" uid="24088502" user="skfd imports">
    <center lat="43.5125833" lon="-80.2764817"/>
    <nd ref="13227899741"/>
    <nd ref="8559200287"/>
    <nd ref="8559200288"/>
    <nd ref="13227899740"/>
    <nd ref="13227899741"/>
    <tag k="addr:city" v="Guelph"/>
    <tag k="addr:flats" v="51-52"/>
    <tag k="addr:housenumber" v="190"/>
    <tag k="addr:postcode" v="N1H 8L4"/>
    <tag k="addr:street" v="Fife Road"/>
    <tag k="building" v="yes"/>
  </way>
  <way id="1441651737" version="4" timestamp="2026-09-30T04:08:11Z" changeset="189754830" uid="24088502" user="skfd imports">
    <center lat="43.5126232" lon="-80.2765369"/>
    <nd ref="13227899743"/>
    <nd ref="13227899741"/>
    <nd ref="13227899740"/>
    <nd ref="13227899742"/>
    <nd ref="13227899743"/>
    <tag k="addr:city" v="Guelph"/>
    <tag k="addr:flats" v="49-50"/>
    <tag k="addr:housenumber" v="190"/>
    <tag k="addr:postcode" v="N1H 8L4"/>
    <tag k="addr:street" v="Fife Road"/>
    <tag k="building" v="yes"/>
  </way>
  <way id="1441651738" version="4" timestamp="2026-09-30T04:08:11Z" changeset="189754830" uid="24088502" user="skfd imports">
    <center lat="43.5126632" lon="-80.2765921"/>
    <nd ref="13227899745"/>
    <nd ref="13227899743"/>
    <nd ref="13227899742"/>
    <nd ref="13227899744"/>
    <nd ref="13227899745"/>
    <tag k="addr:city" v="Guelph"/>
    <tag k="addr:flats" v="47-48"/>
    <tag k="addr:housenumber" v="190"/>
    <tag k="addr:postcode" v="N1H 8L4"/>
    <tag k="addr:street" v="Fife Road"/>
    <tag k="building" v="yes"/>
  </way>
  <way id="1441651739" version="4" timestamp="2026-09-30T04:08:11Z" changeset="189754830" uid="24088502" user="skfd imports">
    <center lat="43.5122003" lon="-80.2764375"/>
    <nd ref="13227899747"/>
    <nd ref="8559200282"/>
    <nd ref="8559200279"/>
    <nd ref="13227899746"/>
    <nd ref="13227899747"/>
    <tag k="addr:city" v="Guelph"/>
    <tag k="addr:flats" v="77-78"/>
    <tag k="addr:housenumber" v="190"/>
    <tag k="addr:postcode" v="N1H 8L4"/>
    <tag k="addr:street" v="Fife Road"/>
    <tag k="building" v="yes"/>
  </way>
  <way id="1441651740" version="4" timestamp="2026-09-30T04:08:11Z" changeset="189754830" uid="24088502" user="skfd imports">
    <center lat="43.5121606" lon="-80.2764910"/>
    <nd ref="13227899749"/>
    <nd ref="13227899747"/>
    <nd ref="13227899746"/>
    <nd ref="13227899748"/>
    <nd ref="13227899749"/>
    <tag k="addr:city" v="Guelph"/>
    <tag k="addr:flats" v="79-80"/>
    <tag k="addr:housenumber" v="190"/>
    <tag k="addr:postcode" v="N1H 8L4"/>
    <tag k="addr:street" v="Fife Road"/>
    <tag k="building" v="yes"/>
  </way>
  <way id="1441651741" version="4" timestamp="2026-09-30T04:08:11Z" changeset="189754830" uid="24088502" user="skfd imports">
    <center lat="43.5121210" lon="-80.2765443"/>
    <nd ref="13227899751"/>
    <nd ref="13227899749"/>
    <nd ref="13227899748"/>
    <nd ref="13227899750"/>
    <nd ref="13227899751"/>
    <tag k="addr:city" v="Guelph"/>
    <tag k="addr:flats" v="81-82"/>
    <tag k="addr:housenumber" v="190"/>
    <tag k="addr:postcode" v="N1H 8L4"/>
    <tag k="addr:street" v="Fife Road"/>
    <tag k="building" v="yes"/>
  </way>
  <way id="1441651742" version="4" timestamp="2026-09-30T04:08:11Z" changeset="189754830" uid="24088502" user="skfd imports">
    <center lat="43.5126075" lon="-80.2758830"/>
    <nd ref="13227899753"/>
    <nd ref="8559200286"/>
    <nd ref="8559200283"/>
    <nd ref="13227899752"/>
    <nd ref="13227899753"/>
    <tag k="addr:city" v="Guelph"/>
    <tag k="addr:flats" v="61-62"/>
    <tag k="addr:housenumber" v="190"/>
    <tag k="addr:postcode" v="N1H 8L4"/>
    <tag k="addr:street" v="Fife Road"/>
    <tag k="building" v="yes"/>
  </way>
  <way id="1441651743" version="4" timestamp="2026-09-30T04:08:11Z" changeset="189754830" uid="24088502" user="skfd imports">
    <center lat="43.5125681" lon="-80.2759360"/>
    <nd ref="13227899755"/>
    <nd ref="13227899753"/>
    <nd ref="13227899752"/>
    <nd ref="13227899754"/>
    <nd ref="13227899755"/>
    <tag k="addr:city" v="Guelph"/>
    <tag k="addr:flats" v="63-64"/>
    <tag k="addr:housenumber" v="190"/>
    <tag k="addr:postcode" v="N1H 8L4"/>
    <tag k="addr:street" v="Fife Road"/>
    <tag k="building" v="yes"/>
  </way>
  <way id="1441651744" version="4" timestamp="2026-09-30T04:08:11Z" changeset="189754830" uid="24088502" user="skfd imports">
    <center lat="43.5125287" lon="-80.2759889"/>
    <nd ref="13227899757"/>
    <nd ref="13227899755"/>
    <nd ref="13227899754"/>
    <nd ref="13227899756"/>
    <nd ref="13227899757"/>
    <tag k="addr:city" v="Guelph"/>
    <tag k="addr:flats" v="65-66"/>
    <tag k="addr:housenumber" v="190"/>
    <tag k="addr:postcode" v="N1H 8L4"/>
    <tag k="addr:street" v="Fife Road"/>
    <tag k="building" v="yes"/>
  </way>
  <way id="1441651745" version="4" timestamp="2026-09-30T04:08:11Z" changeset="189754830" uid="24088502" user="skfd imports">
    <center lat="43.5124893" lon="-80.2760419"/>
    <nd ref="13227899759"/>
    <nd ref="13227899757"/>
    <nd ref="13227899756"/>
    <nd ref="13227899758"/>
    <nd ref="13227899759"/>
    <tag k="addr:city" v="Guelph"/>
    <tag k="addr:flats" v="67-68"/>
    <tag k="addr:housenumber" v="190"/>
    <tag k="addr:postcode" v="N1H 8L4"/>
    <tag k="addr:street" v="Fife Road"/>
    <tag k="building" v="yes"/>
  </way>
  <way id="1441651746" version="4" timestamp="2026-09-30T04:08:11Z" changeset="189754830" uid="24088502" user="skfd imports">
    <center lat="43.5124500" lon="-80.2760949"/>
    <nd ref="13227899761"/>
    <nd ref="13227899759"/>
    <nd ref="13227899758"/>
    <nd ref="13227899760"/>
    <nd ref="13227899761"/>
    <tag k="addr:city" v="Guelph"/>
    <tag k="addr:flats" v="69-70"/>
    <tag k="addr:housenumber" v="190"/>
    <tag k="addr:postcode" v="N1H 8L4"/>
    <tag k="addr:street" v="Fife Road"/>
    <tag k="building" v="yes"/>
  </way>
  <way id="1441651747" version="4" timestamp="2026-09-30T04:08:11Z" changeset="189754830" uid="24088502" user="skfd imports">
    <center lat="43.5124105" lon="-80.2761479"/>
    <nd ref="13227899763"/>
    <nd ref="13227899761"/>
    <nd ref="13227899760"/>
    <nd ref="13227899762"/>
    <nd ref="13227899763"/>
    <tag k="addr:city" v="Guelph"/>
    <tag k="addr:flats" v="71-72"/>
    <tag k="addr:housenumber" v="190"/>
    <tag k="addr:postcode" v="N1H 8L4"/>
    <tag k="addr:street" v="Fife Road"/>
    <tag k="building" v="yes"/>
  </way>
  <way id="1441651748" version="4" timestamp="2026-09-30T04:08:11Z" changeset="189754830" uid="24088502" user="skfd imports">
    <center lat="43.5123712" lon="-80.2762008"/>
    <nd ref="13227899765"/>
    <nd ref="13227899763"/>
    <nd ref="13227899762"/>
    <nd ref="13227899764"/>
    <nd ref="13227899765"/>
    <tag k="addr:city" v="Guelph"/>
    <tag k="addr:flats" v="73-74"/>
    <tag k="addr:housenumber" v="190"/>
    <tag k="addr:postcode" v="N1H 8L4"/>
    <tag k="addr:street" v="Fife Road"/>
    <tag k="building" v="yes"/>
  </way>
  <way id="1441651749" version="4" timestamp="2026-09-30T04:08:11Z" changeset="189754830" uid="24088502" user="skfd imports">
    <center lat="43.5121548" lon="-80.2770622"/>
    <nd ref="13227899767"/>
    <nd ref="8559200267"/>
    <nd ref="8559200268"/>
    <nd ref="13227899766"/>
    <nd ref="13227899767"/>
    <tag k="addr:city" v="Guelph"/>
    <tag k="addr:flats" v="42-43"/>
    <tag k="addr:housenumber" v="190"/>
    <tag k="addr:postcode" v="N1H 8L4"/>
    <tag k="addr:street" v="Fife Road"/>
    <tag k="building" v="yes"/>
  </way>
  <way id="1441651750" version="4" timestamp="2026-09-30T04:08:11Z" changeset="189754830" uid="24088502" user="skfd imports">
    <center lat="43.5121938" lon="-80.2771173"/>
    <nd ref="13227899769"/>
    <nd ref="13227899767"/>
    <nd ref="13227899766"/>
    <nd ref="13227899768"/>
    <nd ref="13227899769"/>
    <tag k="addr:city" v="Guelph"/>
    <tag k="addr:flats" v="40-41"/>
    <tag k="addr:housenumber" v="190"/>
    <tag k="addr:postcode" v="N1H 8L4"/>
    <tag k="addr:street" v="Fife Road"/>
    <tag k="building" v="yes"/>
  </way>
  <way id="1441651751" version="4" timestamp="2026-09-30T04:08:11Z" changeset="189754830" uid="24088502" user="skfd imports">
    <center lat="43.5122328" lon="-80.2771724"/>
    <nd ref="13227899771"/>
    <nd ref="13227899769"/>
    <nd ref="13227899768"/>
    <nd ref="13227899770"/>
    <nd ref="13227899771"/>
    <tag k="addr:city" v="Guelph"/>
    <tag k="addr:flats" v="38-39"/>
    <tag k="addr:housenumber" v="190"/>
    <tag k="addr:postcode" v="N1H 8L4"/>
    <tag k="addr:street" v="Fife Road"/>
    <tag k="building" v="yes"/>
  </way>
  <way id="1441651752" version="4" timestamp="2026-09-30T04:08:11Z" changeset="189754830" uid="24088502" user="skfd imports">
    <center lat="43.5118997" lon="-80.2774072"/>
    <nd ref="13227899773"/>
    <nd ref="8559200271"/>
    <nd ref="8559200272"/>
    <nd ref="13227899772"/>
    <nd ref="13227899773"/>
    <tag k="addr:city" v="Guelph"/>
    <tag k="addr:flats" v="34-35"/>
    <tag k="addr:housenumber" v="190"/>
    <tag k="addr:postcode" v="N1H 8L4"/>
    <tag k="addr:street" v="Fife Road"/>
    <tag k="building" v="yes"/>
  </way>
  <way id="1441651753" version="4" timestamp="2026-09-30T04:08:11Z" changeset="189754830" uid="24088502" user="skfd imports">
    <center lat="43.5119385" lon="-80.2774621"/>
    <nd ref="13227899775"/>
    <nd ref="13227899773"/>
    <nd ref="13227899772"/>
    <nd ref="13227899774"/>
    <nd ref="13227899775"/>
    <tag k="addr:city" v="Guelph"/>
    <tag k="addr:flats" v="32-33"/>
    <tag k="addr:housenumber" v="190"/>
    <tag k="addr:postcode" v="N1H 8L4"/>
    <tag k="addr:street" v="Fife Road"/>
    <tag k="building" v="yes"/>
  </way>
  <way id="1441651754" version="4" timestamp="2026-09-30T04:08:11Z" changeset="189754830" uid="24088502" user="skfd imports">
    <center lat="43.5119774" lon="-80.2775170"/>
    <nd ref="13227899777"/>
    <nd ref="13227899775"/>
    <nd ref="13227899774"/>
    <nd ref="13227899776"/>
    <nd ref="13227899777"/>
    <tag k="addr:city" v="Guelph"/>
    <tag k="addr:flats" v="30-31"/>
    <tag k="addr:housenumber" v="190"/>
    <tag k="addr:postcode" v="N1H 8L4"/>
    <tag k="addr:street" v="Fife Road"/>
    <tag k="building" v="yes"/>
  </way>
  <way id="1441651755" version="4" timestamp="2026-09-30T04:08:11Z" changeset="189754830" uid="24088502" user="skfd imports">
    <center lat="43.5116723" lon="-80.2771381"/>
    <nd ref="13227899779"/>
    <nd ref="8559200277"/>
    <nd ref="8559200276"/>
    <nd ref="13227899778"/>
    <nd ref="13227899779"/>
    <tag k="addr:city" v="Guelph"/>
    <tag k="addr:flats" v="99-100"/>
    <tag k="addr:housenumber" v="190"/>
    <tag k="addr:postcode" v="N1H 8L4"/>
    <tag k="addr:street" v="Fife Road"/>
    <tag k="building" v="yes"/>
  </way>
  <way id="1441651756" version="4" timestamp="2026-09-30T04:08:11Z" changeset="189754830" uid="24088502" user="skfd imports">
    <center lat="43.5117112" lon="-80.2770857"/>
    <nd ref="13227899781"/>
    <nd ref="13227899779"/>
    <nd ref="13227899778"/>
    <nd ref="13227899780"/>
    <nd ref="13227899781"/>
    <tag k="addr:city" v="Guelph"/>
    <tag k="addr:flats" v="97-98"/>
    <tag k="addr:housenumber" v="190"/>
    <tag k="addr:postcode" v="N1H 8L4"/>
    <tag k="addr:street" v="Fife Road"/>
    <tag k="building" v="yes"/>
  </way>
  <way id="1441651757" version="4" timestamp="2026-09-30T04:08:11Z" changeset="189754830" uid="24088502" user="skfd imports">
    <center lat="43.5117502" lon="-80.2770333"/>
    <nd ref="13227899783"/>
    <nd ref="13227899781"/>
    <nd ref="13227899780"/>
    <nd ref="13227899782"/>
    <nd ref="13227899783"/>
    <tag k="addr:city" v="Guelph"/>
    <tag k="addr:flats" v="95-96"/>
    <tag k="addr:housenumber" v="190"/>
    <tag k="addr:postcode" v="N1H 8L4"/>
    <tag k="addr:street" v="Fife Road"/>
    <tag k="building" v="yes"/>
  </way>
  <way id="1441651758" version="4" timestamp="2026-09-30T04:08:11Z" changeset="189754830" uid="24088502" user="skfd imports">
    <center lat="43.5117892" lon="-80.2769809"/>
    <nd ref="13227899785"/>
    <nd ref="13227899783"/>
    <nd ref="13227899782"/>
    <nd ref="13227899784"/>
    <nd ref="13227899785"/>
    <tag k="addr:city" v="Guelph"/>
    <tag k="addr:flats" v="93-94"/>
    <tag k="addr:housenumber" v="190"/>
    <tag k="addr:postcode" v="N1H 8L4"/>
    <tag k="addr:street" v="Fife Road"/>
    <tag k="building" v="yes"/>
  </way>
  <way id="1441651759" version="4" timestamp="2026-09-30T04:08:11Z" changeset="189754830" uid="24088502" user="skfd imports">
    <center lat="43.5118281" lon="-80.2769286"/>
    <nd ref="13227899787"/>
    <nd ref="13227899785"/>
    <nd ref="13227899784"/>
    <nd ref="13227899786"/>
    <nd ref="13227899787"/>
    <tag k="addr:city" v="Guelph"/>
    <tag k="addr:flats" v="91-92"/>
    <tag k="addr:housenumber" v="190"/>
    <tag k="addr:postcode" v="N1H 8L4"/>
    <tag k="addr:street" v="Fife Road"/>
    <tag k="building" v="yes"/>
  </way>
  <way id="1441651760" version="4" timestamp="2026-09-30T04:08:11Z" changeset="189754830" uid="24088502" user="skfd imports">
    <center lat="43.5118671" lon="-80.2768762"/>
    <nd ref="13227899789"/>
    <nd ref="13227899787"/>
    <nd ref="13227899786"/>
    <nd ref="13227899788"/>
    <nd ref="13227899789"/>
    <tag k="addr:city" v="Guelph"/>
    <tag k="addr:flats" v="89-90"/>
    <tag k="addr:housenumber" v="190"/>
    <tag k="addr:postcode" v="N1H 8L4"/>
    <tag k="addr:street" v="Fife Road"/>
    <tag k="building" v="yes"/>
  </way>
  <way id="1441651761" version="4" timestamp="2026-09-30T04:08:11Z" changeset="189754830" uid="24088502" user="skfd imports">
    <center lat="43.5119060" lon="-80.2768238"/>
    <nd ref="13227899791"/>
    <nd ref="13227899789"/>
    <nd ref="13227899788"/>
    <nd ref="13227899790"/>
    <nd ref="13227899791"/>
    <tag k="addr:city" v="Guelph"/>
    <tag k="addr:flats" v="87-88"/>
    <tag k="addr:housenumber" v="190"/>
    <tag k="addr:postcode" v="N1H 8L4"/>
    <tag k="addr:street" v="Fife Road"/>
    <tag k="building" v="yes"/>
  </way>
  <way id="1441651844" version="4" timestamp="2026-09-30T04:08:32Z" changeset="189754840" uid="24088502" user="skfd imports">
    <center lat="43.5358828" lon="-80.2793705"/>
    <nd ref="13227900075"/>
    <nd ref="13227900074"/>
    <nd ref="7513976935"/>
    <nd ref="7513976936"/>
    <nd ref="13227900072"/>
    <nd ref="13227900075"/>
    <tag k="addr:city" v="Guelph"/>
    <tag k="addr:flats" v="98-99"/>
    <tag k="addr:housenumber" v="49"/>
    <tag k="addr:postcode" v="N1H 7A4"/>
    <tag k="addr:street" v="Rhonda Road"/>
    <tag k="building" v="yes"/>
  </way>
  <way id="1441651845" version="4" timestamp="2026-09-30T04:08:32Z" changeset="189754840" uid="24088502" user="skfd imports">
    <center lat="43.5358184" lon="-80.2794914"/>
    <nd ref="7513976938"/>
    <nd ref="13227900071"/>
    <nd ref="7513976931"/>
    <nd ref="7513976932"/>
    <nd ref="7513976933"/>
    <nd ref="7513976934"/>
    <nd ref="7513976938"/>
    <tag k="addr:city" v="Guelph"/>
    <tag k="addr:flats" v="94-95"/>
    <tag k="addr:housenumber" v="49"/>
    <tag k="addr:postcode" v="N1H 7A4"/>
    <tag k="addr:street" v="Rhonda Road"/>
    <tag k="building" v="yes"/>
  </way>
  <way id="1441651846" version="4" timestamp="2026-09-30T04:08:32Z" changeset="189754840" uid="24088502" user="skfd imports">
    <center lat="43.5356301" lon="-80.2798323"/>
    <nd ref="7513976944"/>
    <nd ref="7513976945"/>
    <nd ref="7513976922"/>
    <nd ref="7513976923"/>
    <nd ref="7513976924"/>
    <nd ref="7513976944"/>
    <tag k="addr:city" v="Guelph"/>
    <tag k="addr:flats" v="84-85"/>
    <tag k="addr:housenumber" v="49"/>
    <tag k="addr:postcode" v="N1H 7A4"/>
    <tag k="addr:street" v="Rhonda Road"/>
    <tag k="building" v="yes"/>
  </way>
  <way id="1441651847" version="4" timestamp="2026-09-30T04:08:32Z" changeset="189754840" uid="24088502" user="skfd imports">
    <center lat="43.5356914" lon="-80.2796982"/>
    <nd ref="7513976926"/>
    <nd ref="7513976927"/>
    <nd ref="7513976928"/>
    <nd ref="7513976940"/>
    <nd ref="7513976941"/>
    <nd ref="7513976942"/>
    <nd ref="7513976926"/>
    <tag k="addr:city" v="Guelph"/>
    <tag k="addr:flats" v="88-89"/>
    <tag k="addr:housenumber" v="49"/>
    <tag k="addr:postcode" v="N1H 7A4"/>
    <tag k="addr:street" v="Rhonda Road"/>
    <tag k="building" v="yes"/>
  </way>
  <way id="1441651848" version="4" timestamp="2026-09-30T04:08:32Z" changeset="189754840" uid="24088502" user="skfd imports">
    <center lat="43.5357224" lon="-80.2796312"/>
    <nd ref="7513976928"/>
    <nd ref="7513976929"/>
    <nd ref="7513976930"/>
    <nd ref="13227900067"/>
    <nd ref="7513976939"/>
    <nd ref="7513976940"/>
    <nd ref="7513976928"/>
    <tag k="addr:city" v="Guelph"/>
    <tag k="addr:flats" v="90-91"/>
    <tag k="addr:housenumber" v="49"/>
    <tag k="addr:postcode" v="N1H 7A4"/>
    <tag k="addr:street" v="Rhonda Road"/>
    <tag k="building" v="yes"/>
  </way>
  <way id="1441651849" version="4" timestamp="2026-09-30T04:08:32Z" changeset="189754840" uid="24088502" user="skfd imports">
    <center lat="43.5357692" lon="-80.2795473"/>
    <nd ref="7513976930"/>
    <nd ref="7513976931"/>
    <nd ref="13227900071"/>
    <nd ref="13227900070"/>
    <nd ref="13227900069"/>
    <nd ref="13227900068"/>
    <nd ref="13227900067"/>
    <nd ref="7513976930"/>
    <tag k="addr:city" v="Guelph"/>
    <tag k="addr:flats" v="92-93"/>
    <tag k="addr:housenumber" v="49"/>
    <tag k="addr:postcode" v="N1H 7A4"/>
    <tag k="addr:street" v="Rhonda Road"/>
    <tag k="building" v="yes"/>
  </way>
  <way id="1441651850" version="4" timestamp="2026-09-30T04:08:32Z" changeset="189754840" uid="24088502" user="skfd imports">
    <center lat="43.5358350" lon="-80.2794160"/>
    <nd ref="13227900072"/>
    <nd ref="13227900073"/>
    <nd ref="7513976937"/>
    <nd ref="7513976938"/>
    <nd ref="7513976934"/>
    <nd ref="13227900075"/>
    <nd ref="13227900072"/>
    <tag k="addr:city" v="Guelph"/>
    <tag k="addr:flats" v="96-97"/>
    <tag k="addr:housenumber" v="49"/>
    <tag k="addr:postcode" v="N1H 7A4"/>
    <tag k="addr:street" v="Rhonda Road"/>
    <tag k="building" v="yes"/>
  </way>
  <way id="1441651851" version="4" timestamp="2026-09-30T04:08:32Z" changeset="189754840" uid="24088502" user="skfd imports">
    <center lat="43.5359809" lon="-80.2794770"/>
    <nd ref="13227900077"/>
    <nd ref="7513953674"/>
    <nd ref="7513953675"/>
    <nd ref="13227900076"/>
    <nd ref="13227900077"/>
    <tag k="addr:city" v="Guelph"/>
    <tag k="addr:flats" v="100-101"/>
    <tag k="addr:housenumber" v="49"/>
    <tag k="addr:postcode" v="N1H 7A4"/>
    <tag k="addr:street" v="Rhonda Road"/>
    <tag k="building" v="yes"/>
    <tag k="source" v="microsoft/BuildingFootprints"/>
  </way>
  <way id="1441651852" version="4" timestamp="2026-09-30T04:08:32Z" changeset="189754840" uid="24088502" user="skfd imports">
    <center lat="43.5360204" lon="-80.2795319"/>
    <nd ref="13227900079"/>
    <nd ref="13227900077"/>
    <nd ref="13227900076"/>
    <nd ref="13227900078"/>
    <nd ref="13227900079"/>
    <tag k="addr:city" v="Guelph"/>
    <tag k="addr:flats" v="102-103"/>
    <tag k="addr:housenumber" v="49"/>
    <tag k="addr:postcode" v="N1H 7A4"/>
    <tag k="addr:street" v="Rhonda Road"/>
    <tag k="building" v="yes"/>
    <tag k="source" v="microsoft/BuildingFootprints"/>
  </way>
  <way id="1441651853" version="4" timestamp="2026-09-30T04:08:32Z" changeset="189754840" uid="24088502" user="skfd imports">
    <center lat="43.5360599" lon="-80.2795867"/>
    <nd ref="13227900081"/>
    <nd ref="13227900079"/>
    <nd ref="13227900078"/>
    <nd ref="13227900080"/>
    <nd ref="13227900081"/>
    <tag k="addr:city" v="Guelph"/>
    <tag k="addr:flats" v="104-105"/>
    <tag k="addr:housenumber" v="49"/>
    <tag k="addr:postcode" v="N1H 7A4"/>
    <tag k="addr:street" v="Rhonda Road"/>
    <tag k="building" v="yes"/>
    <tag k="source" v="microsoft/BuildingFootprints"/>
  </way>
  <way id="1441651854" version="4" timestamp="2026-09-30T04:08:32Z" changeset="189754840" uid="24088502" user="skfd imports">
    <center lat="43.5360994" lon="-80.2796416"/>
    <nd ref="13227900083"/>
    <nd ref="13227900081"/>
    <nd ref="13227900080"/>
    <nd ref="13227900082"/>
    <nd ref="13227900083"/>
    <tag k="addr:city" v="Guelph"/>
    <tag k="addr:flats" v="106-107"/>
    <tag k="addr:housenumber" v="49"/>
    <tag k="addr:postcode" v="N1H 7A4"/>
    <tag k="addr:street" v="Rhonda Road"/>
    <tag k="building" v="yes"/>
    <tag k="source" v="microsoft/BuildingFootprints"/>
  </way>
  <way id="1441651855" version="4" timestamp="2026-09-30T04:08:32Z" changeset="189754840" uid="24088502" user="skfd imports">
    <center lat="43.5361390" lon="-80.2796964"/>
    <nd ref="13227900085"/>
    <nd ref="13227900083"/>
    <nd ref="13227900082"/>
    <nd ref="13227900084"/>
    <nd ref="13227900085"/>
    <tag k="addr:city" v="Guelph"/>
    <tag k="addr:flats" v="108-109"/>
    <tag k="addr:housenumber" v="49"/>
    <tag k="addr:postcode" v="N1H 7A4"/>
    <tag k="addr:street" v="Rhonda Road"/>
    <tag k="building" v="yes"/>
    <tag k="source" v="microsoft/BuildingFootprints"/>
  </way>
  <way id="1441651856" version="4" timestamp="2026-09-30T04:08:32Z" changeset="189754840" uid="24088502" user="skfd imports">
    <center lat="43.5361785" lon="-80.2797512"/>
    <nd ref="13227900087"/>
    <nd ref="13227900085"/>
    <nd ref="13227900084"/>
    <nd ref="13227900086"/>
    <nd ref="13227900087"/>
    <tag k="addr:city" v="Guelph"/>
    <tag k="addr:flats" v="110-111"/>
    <tag k="addr:housenumber" v="49"/>
    <tag k="addr:postcode" v="N1H 7A4"/>
    <tag k="addr:street" v="Rhonda Road"/>
    <tag k="building" v="yes"/>
    <tag k="source" v="microsoft/BuildingFootprints"/>
  </way>
  <way id="1441651910" version="4" timestamp="2026-09-30T04:08:32Z" changeset="189754840" uid="24088502" user="skfd imports">
    <center lat="43.5354123" lon="-80.2800975"/>
    <nd ref="13227900167"/>
    <nd ref="13227900168"/>
    <nd ref="13227900165"/>
    <nd ref="13227900169"/>
    <nd ref="13227900170"/>
    <nd ref="13227900166"/>
    <nd ref="13227900167"/>
    <tag k="addr:city" v="Guelph"/>
    <tag k="addr:flats" v="128-129"/>
    <tag k="addr:housenumber" v="49"/>
    <tag k="addr:postcode" v="N1H 7A4"/>
    <tag k="addr:street" v="Rhonda Road"/>
    <tag k="building" v="yes"/>
  </way>
  <way id="1441651911" version="4" timestamp="2026-09-30T04:08:32Z" changeset="189754840" uid="24088502" user="skfd imports">
    <center lat="43.5354516" lon="-80.2801525"/>
    <nd ref="13227900168"/>
    <nd ref="13227900187"/>
    <nd ref="13227900174"/>
    <nd ref="13227900172"/>
    <nd ref="7513976901"/>
    <nd ref="7513976902"/>
    <nd ref="13227900169"/>
    <nd ref="13227900165"/>
    <nd ref="13227900168"/>
    <tag k="addr:city" v="Guelph"/>
    <tag k="addr:flats" v="126-127"/>
    <tag k="addr:housenumber" v="49"/>
    <tag k="addr:postcode" v="N1H 7A4"/>
    <tag k="addr:street" v="Rhonda Road"/>
    <tag k="building" v="yes"/>
  </way>
  <way id="1441651912" version="4" timestamp="2026-09-30T04:08:32Z" changeset="189754840" uid="24088502" user="skfd imports">
    <center lat="43.5355238" lon="-80.2802701"/>
    <nd ref="13227900164"/>
    <nd ref="13227900184"/>
    <nd ref="13227900161"/>
    <nd ref="13227900173"/>
    <nd ref="13227900189"/>
    <nd ref="13227900190"/>
    <nd ref="13227900163"/>
    <nd ref="13227900162"/>
    <nd ref="13227900164"/>
    <tag k="addr:city" v="Guelph"/>
    <tag k="addr:flats" v="122-123"/>
    <tag k="addr:housenumber" v="49"/>
    <tag k="addr:postcode" v="N1H 7A4"/>
    <tag k="addr:street" v="Rhonda Road"/>
    <tag k="building" v="yes"/>
  </way>
  <way id="1441651913" version="4" timestamp="2026-09-30T04:08:32Z" changeset="189754840" uid="24088502" user="skfd imports">
    <center lat="43.5355906" lon="-80.2804168"/>
    <nd ref="13227900159"/>
    <nd ref="13227900181"/>
    <nd ref="7513976917"/>
    <nd ref="7513976918"/>
    <nd ref="13227900179"/>
    <nd ref="13227900175"/>
    <nd ref="13227900180"/>
    <nd ref="7513976899"/>
    <nd ref="13227900160"/>
    <nd ref="13227900159"/>
    <tag k="addr:city" v="Guelph"/>
    <tag k="addr:flats" v="118-119"/>
    <tag k="addr:housenumber" v="49"/>
    <tag k="addr:postcode" v="N1H 7A4"/>
    <tag k="addr:street" v="Rhonda Road"/>
    <tag k="building" v="yes"/>
  </way>
  <way id="1441651914" version="4" timestamp="2026-09-30T04:08:32Z" changeset="189754840" uid="24088502" user="skfd imports">
    <center lat="43.5356319" lon="-80.2804834"/>
    <nd ref="13227900175"/>
    <nd ref="13227900179"/>
    <nd ref="7513976919"/>
    <nd ref="7513976920"/>
    <nd ref="13227900176"/>
    <nd ref="13227900177"/>
    <nd ref="13227900182"/>
    <nd ref="13227900180"/>
    <nd ref="13227900175"/>
    <tag k="addr:city" v="Guelph"/>
    <tag k="addr:flats" v="116-117"/>
    <tag k="addr:housenumber" v="49"/>
    <tag k="addr:postcode" v="N1H 7A4"/>
    <tag k="addr:street" v="Rhonda Road"/>
    <tag k="building" v="yes"/>
  </way>
  <way id="1441651915" version="4" timestamp="2026-09-30T04:08:32Z" changeset="189754840" uid="24088502" user="skfd imports">
    <center lat="43.5354850" lon="-80.2802152"/>
    <nd ref="13227900174"/>
    <nd ref="13227900187"/>
    <nd ref="13227900186"/>
    <nd ref="13227900164"/>
    <nd ref="13227900162"/>
    <nd ref="13227900163"/>
    <nd ref="7513976901"/>
    <nd ref="13227900172"/>
    <nd ref="13227900174"/>
    <tag k="addr:city" v="Guelph"/>
    <tag k="addr:flats" v="124-125"/>
    <tag k="addr:housenumber" v="49"/>
    <tag k="addr:postcode" v="N1H 7A4"/>
    <tag k="addr:street" v="Rhonda Road"/>
    <tag k="building" v="yes"/>
  </way>
  <way id="1441651916" version="4" timestamp="2026-09-30T04:08:32Z" changeset="189754840" uid="24088502" user="skfd imports">
    <center lat="43.5353730" lon="-80.2800427"/>
    <nd ref="13227900171"/>
    <nd ref="7513976904"/>
    <nd ref="13227900188"/>
    <nd ref="13227900167"/>
    <nd ref="13227900166"/>
    <nd ref="13227900170"/>
    <nd ref="7513976903"/>
    <nd ref="13227900171"/>
    <tag k="addr:city" v="Guelph"/>
    <tag k="addr:flats" v="130-131"/>
    <tag k="addr:housenumber" v="49"/>
    <tag k="addr:postcode" v="N1H 7A4"/>
    <tag k="addr:street" v="Rhonda Road"/>
    <tag k="building" v="yes"/>
  </way>
  <way id="1441651917" version="4" timestamp="2026-09-30T04:08:32Z" changeset="189754840" uid="24088502" user="skfd imports">
    <center lat="43.5356844" lon="-80.2805376"/>
    <nd ref="7513976920"/>
    <nd ref="7513976921"/>
    <nd ref="13227900178"/>
    <nd ref="7513976898"/>
    <nd ref="13227900183"/>
    <nd ref="13227900182"/>
    <nd ref="13227900177"/>
    <nd ref="13227900176"/>
    <nd ref="7513976920"/>
    <tag k="addr:city" v="Guelph"/>
    <tag k="addr:flats" v="114-115"/>
    <tag k="addr:housenumber" v="49"/>
    <tag k="addr:postcode" v="N1H 7A4"/>
    <tag k="addr:street" v="Rhonda Road"/>
    <tag k="building" v="yes"/>
  </way>
  <way id="1441652013" version="3" timestamp="2026-09-30T04:08:32Z" changeset="189754840" uid="24088502" user="skfd imports">
    <center lat="43.5326204" lon="-80.2862688"/>
    <nd ref="13227900352"/>
    <nd ref="9406585431"/>
    <nd ref="9406585432"/>
    <nd ref="9406585414"/>
    <nd ref="9406585418"/>
    <nd ref="9406585419"/>
    <nd ref="9406585415"/>
    <nd ref="9406585435"/>
    <nd ref="9406585437"/>
    <nd ref="7514003585"/>
    <nd ref="7513999084"/>
    <nd ref="9406585429"/>
    <nd ref="9406585426"/>
    <nd ref="9406585410"/>
    <nd ref="9406585425"/>
    <nd ref="9406585424"/>
    <nd ref="9406585411"/>
    <nd ref="13227900351"/>
    <nd ref="13227900352"/>
    <tag k="addr:city" v="Guelph"/>
    <tag k="addr:flats" v="1A;1B;1C"/>
    <tag k="addr:housenumber" v="240"/>
    <tag k="addr:postcode" v="N1H 7W9"/>
    <tag k="addr:street" v="Westwood Road"/>
    <tag k="building" v="yes"/>
    <tag k="source" v="microsoft/BuildingFootprints"/>
  </way>
  <way id="1441652014" version="3" timestamp="2026-09-30T04:08:32Z" changeset="189754840" uid="24088502" user="skfd imports">
    <center lat="43.5319956" lon="-80.2871382"/>
    <nd ref="13227900357"/>
    <nd ref="9406585236"/>
    <nd ref="9406585235"/>
    <nd ref="9406585234"/>
    <nd ref="9406585233"/>
    <nd ref="9406585232"/>
    <nd ref="9406585231"/>
    <nd ref="9406585230"/>
    <nd ref="9406585229"/>
    <nd ref="9406585228"/>
    <nd ref="9406585227"/>
    <nd ref="9406585226"/>
    <nd ref="9406585225"/>
    <nd ref="9406585224"/>
    <nd ref="9406585223"/>
    <nd ref="9406585222"/>
    <nd ref="9406585221"/>
    <nd ref="9406585220"/>
    <nd ref="9406585219"/>
    <nd ref="13227900358"/>
    <nd ref="13227900357"/>
    <tag k="addr:city" v="Guelph"/>
    <tag k="addr:flats" v="6A;6B;6C;6D"/>
    <tag k="addr:housenumber" v="240"/>
    <tag k="addr:postcode" v="N1H 7W9"/>
    <tag k="addr:street" v="Westwood Road"/>
    <tag k="building" v="yes"/>
    <tag k="source" v="microsoft/BuildingFootprints"/>
  </way>
  <way id="1441652015" version="3" timestamp="2026-09-30T04:08:32Z" changeset="189754840" uid="24088502" user="skfd imports">
    <center lat="43.5321975" lon="-80.2868083"/>
    <nd ref="13227900356"/>
    <nd ref="9406585254"/>
    <nd ref="9406585253"/>
    <nd ref="9406585252"/>
    <nd ref="9406585251"/>
    <nd ref="9406585250"/>
    <nd ref="9406585249"/>
    <nd ref="9406585248"/>
    <nd ref="9406585247"/>
    <nd ref="9406585246"/>
    <nd ref="9406585281"/>
    <nd ref="9406585280"/>
    <nd ref="9406585279"/>
    <nd ref="9406585278"/>
    <nd ref="9406585277"/>
    <nd ref="9406585276"/>
    <nd ref="9406585275"/>
    <nd ref="9406585274"/>
    <nd ref="9406585273"/>
    <nd ref="13227900355"/>
    <nd ref="13227900356"/>
    <tag k="addr:city" v="Guelph"/>
    <tag k="addr:flats" v="5A;5B;5C;5D"/>
    <tag k="addr:housenumber" v="240"/>
    <tag k="addr:postcode" v="N1H 7W9"/>
    <tag k="addr:street" v="Westwood Road"/>
    <tag k="building" v="yes"/>
    <tag k="source" v="microsoft/BuildingFootprints"/>
  </way>
  <way id="1441652016" version="3" timestamp="2026-09-30T04:08:32Z" changeset="189754840" uid="24088502" user="skfd imports">
    <center lat="43.5323745" lon="-80.2865570"/>
    <nd ref="13227900353"/>
    <nd ref="9406585282"/>
    <nd ref="9406585304"/>
    <nd ref="9406585294"/>
    <nd ref="9406585302"/>
    <nd ref="9406585303"/>
    <nd ref="9406585295"/>
    <nd ref="9406585305"/>
    <nd ref="9406585283"/>
    <nd ref="7514003589"/>
    <nd ref="9406585318"/>
    <nd ref="9406585319"/>
    <nd ref="9406585287"/>
    <nd ref="9406585284"/>
    <nd ref="9406585317"/>
    <nd ref="9406585316"/>
    <nd ref="9406585285"/>
    <nd ref="9406585296"/>
    <nd ref="9406585315"/>
    <nd ref="13227900354"/>
    <nd ref="13227900353"/>
    <tag k="addr:city" v="Guelph"/>
    <tag k="addr:flats" v="2A;2B;2C;2D"/>
    <tag k="addr:housenumber" v="240"/>
    <tag k="addr:postcode" v="N1H 7W9"/>
    <tag k="addr:street" v="Westwood Road"/>
    <tag k="building" v="yes"/>
    <tag k="source" v="microsoft/BuildingFootprints"/>
  </way>
  <way id="1441652017" version="3" timestamp="2026-09-30T04:08:32Z" changeset="189754840" uid="24088502" user="skfd imports">
    <center lat="43.5317201" lon="-80.2866154"/>
    <nd ref="13227900360"/>
    <nd ref="9406585136"/>
    <nd ref="9406585184"/>
    <nd ref="9406585185"/>
    <nd ref="9406585137"/>
    <nd ref="9406585189"/>
    <nd ref="9406585156"/>
    <nd ref="9406585209"/>
    <nd ref="9406585206"/>
    <nd ref="9406585205"/>
    <nd ref="9406585203"/>
    <nd ref="9406585197"/>
    <nd ref="9406585195"/>
    <nd ref="9406585194"/>
    <nd ref="9406585196"/>
    <nd ref="9406585198"/>
    <nd ref="9406585201"/>
    <nd ref="13227900359"/>
    <nd ref="13227900360"/>
    <tag k="addr:city" v="Guelph"/>
    <tag k="addr:flats" v="9A;9B;9C"/>
    <tag k="addr:housenumber" v="240"/>
    <tag k="addr:postcode" v="N1H 7W9"/>
    <tag k="addr:street" v="Westwood Road"/>
    <tag k="building" v="yes"/>
    <tag k="source" v="microsoft/BuildingFootprints"/>
  </way>
  <way id="1441652018" version="3" timestamp="2026-09-30T04:08:32Z" changeset="189754840" uid="24088502" user="skfd imports">
    <center lat="43.5319439" lon="-80.2860405"/>
    <nd ref="13227900361"/>
    <nd ref="9406585330"/>
    <nd ref="9406585163"/>
    <nd ref="9406585328"/>
    <nd ref="9406585165"/>
    <nd ref="9406585147"/>
    <nd ref="9406585336"/>
    <nd ref="9406585149"/>
    <nd ref="9406585327"/>
    <nd ref="9406585326"/>
    <nd ref="9406585150"/>
    <nd ref="9406585337"/>
    <nd ref="9406585148"/>
    <nd ref="7513999051"/>
    <nd ref="7513999050"/>
    <nd ref="9406585151"/>
    <nd ref="9406585324"/>
    <nd ref="9406585325"/>
    <nd ref="9406585152"/>
    <nd ref="9406585144"/>
    <nd ref="9406585322"/>
    <nd ref="13227900362"/>
    <nd ref="13227900361"/>
    <tag k="addr:city" v="Guelph"/>
    <tag k="addr:flats" v="13A;13B;13C;13D"/>
    <tag k="addr:housenumber" v="240"/>
    <tag k="addr:postcode" v="N1H 7W9"/>
    <tag k="addr:street" v="Westwood Road"/>
    <tag k="building" v="yes"/>
    <tag k="source" v="microsoft/BuildingFootprints"/>
  </way>
  <way id="1441652019" version="3" timestamp="2026-09-30T04:08:32Z" changeset="189754840" uid="24088502" user="skfd imports">
    <center lat="43.5324031" lon="-80.2853449"/>
    <nd ref="13227900363"/>
    <nd ref="7513999074"/>
    <nd ref="9406585383"/>
    <nd ref="9406585387"/>
    <nd ref="9406585388"/>
    <nd ref="9406585389"/>
    <nd ref="9406585386"/>
    <nd ref="9406585377"/>
    <nd ref="7513999071"/>
    <nd ref="7513999070"/>
    <nd ref="7513999069"/>
    <nd ref="9406585374"/>
    <nd ref="9406585390"/>
    <nd ref="9406585381"/>
    <nd ref="9406585393"/>
    <nd ref="9406585392"/>
    <nd ref="9406585382"/>
    <nd ref="9406585391"/>
    <nd ref="9406585376"/>
    <nd ref="13227900364"/>
    <nd ref="13227900363"/>
    <tag k="addr:city" v="Guelph"/>
    <tag k="addr:flats" v="20A;20B;20C;20D"/>
    <tag k="addr:housenumber" v="240"/>
    <tag k="addr:postcode" v="N1H 7W9"/>
    <tag k="addr:street" v="Westwood Road"/>
    <tag k="building" v="yes"/>
    <tag k="source" v="microsoft/BuildingFootprints"/>
  </way>
  <way id="1441652020" version="3" timestamp="2026-09-30T04:08:32Z" changeset="189754840" uid="24088502" user="skfd imports">
    <center lat="43.5319284" lon="-80.2855925"/>
    <nd ref="13227900365"/>
    <nd ref="9406585362"/>
    <nd ref="9406585361"/>
    <nd ref="9406585360"/>
    <nd ref="9406585359"/>
    <nd ref="9406585358"/>
    <nd ref="9406585357"/>
    <nd ref="9406585356"/>
    <nd ref="9406585355"/>
    <nd ref="9406585354"/>
    <nd ref="9406585353"/>
    <nd ref="9406585352"/>
    <nd ref="9406585351"/>
    <nd ref="9406585350"/>
    <nd ref="9406585349"/>
    <nd ref="9406585348"/>
    <nd ref="9406585347"/>
    <nd ref="9406585346"/>
    <nd ref="9406585345"/>
    <nd ref="13227900366"/>
    <nd ref="13227900365"/>
    <tag k="addr:city" v="Guelph"/>
    <tag k="addr:flats" v="16A;16B;16C;16D"/>
    <tag k="addr:housenumber" v="240"/>
    <tag k="addr:postcode" v="N1H 7W9"/>
    <tag k="addr:street" v="Westwood Road"/>
    <tag k="building" v="yes"/>
    <tag k="source" v="microsoft/BuildingFootprints"/>
  </way>
  <way id="1441652021" version="3" timestamp="2026-09-30T04:08:32Z" changeset="189754840" uid="24088502" user="skfd imports">
    <center lat="43.5314318" lon="-80.2858868"/>
    <nd ref="13227900367"/>
    <nd ref="9406585157"/>
    <nd ref="9406585177"/>
    <nd ref="9406585176"/>
    <nd ref="9406585158"/>
    <nd ref="9406585182"/>
    <nd ref="9406585181"/>
    <nd ref="7514003615"/>
    <nd ref="7514003614"/>
    <nd ref="9406585169"/>
    <nd ref="9406585170"/>
    <nd ref="9406585168"/>
    <nd ref="9406585172"/>
    <nd ref="9406585173"/>
    <nd ref="9406585146"/>
    <nd ref="13227900368"/>
    <nd ref="13227900367"/>
    <tag k="addr:city" v="Guelph"/>
    <tag k="addr:flats" v="12A;12B;12C"/>
    <tag k="addr:housenumber" v="240"/>
    <tag k="addr:postcode" v="N1H 7W9"/>
    <tag k="addr:street" v="Westwood Road"/>
    <tag k="building" v="yes"/>
    <tag k="source" v="microsoft/BuildingFootprints"/>
  </way>
  <way id="1442367111" version="3" timestamp="2026-09-30T04:06:19Z" changeset="189754798" uid="24088502" user="skfd imports">
    <center lat="43.5401403" lon="-80.2645208"/>
    <nd ref="13234720401"/>
    <nd ref="13234720403"/>
    <nd ref="13234720402"/>
    <nd ref="13234720400"/>
    <nd ref="13234720401"/>
    <tag k="addr:city" v="Guelph"/>
    <tag k="addr:flats" v="A;B"/>
    <tag k="addr:housenumber" v="307"/>
    <tag k="addr:postcode" v="N1H 2P8"/>
    <tag k="addr:street" v="Paisley Road"/>
    <tag k="building" v="yes"/>
  </way>
  <way id="1442367112" version="3" timestamp="2026-09-30T04:06:19Z" changeset="189754798" uid="24088502" user="skfd imports">
    <center lat="43.5401895" lon="-80.2644555"/>
    <nd ref="13234720400"/>
    <nd ref="13234720405"/>
    <nd ref="13234720404"/>
    <nd ref="13234720401"/>
    <nd ref="13234720400"/>
    <tag k="addr:city" v="Guelph"/>
    <tag k="addr:flats" v="A;B"/>
    <tag k="addr:housenumber" v="305"/>
    <tag k="addr:postcode" v="N1H 2P8"/>
    <tag k="addr:street" v="Paisley Road"/>
    <tag k="building" v="yes"/>
  </way>
  <way id="1442367349" version="4" timestamp="2026-09-30T04:06:19Z" changeset="189754798" uid="24088502" user="skfd imports">
    <center lat="43.5345376" lon="-80.2738918"/>
    <nd ref="13234720815"/>
    <nd ref="7513960101"/>
    <nd ref="7513960108"/>
    <nd ref="13234720816"/>
    <nd ref="13234720815"/>
    <tag k="addr:city" v="Guelph"/>
    <tag k="addr:flats" v="47-48"/>
    <tag k="addr:housenumber" v="40"/>
    <tag k="addr:postcode" v="N1H 7X5"/>
    <tag k="addr:street" v="Silvercreek Parkway North"/>
    <tag k="building" v="yes"/>
    <tag k="source" v="microsoft/BuildingFootprints"/>
  </way>
  <way id="1443052881" version="4" timestamp="2026-09-30T04:03:47Z" changeset="189754738" uid="24088502" user="skfd imports">
    <center lat="43.5035235" lon="-80.1815708"/>
    <nd ref="13241232991"/>
    <nd ref="7507008226"/>
    <nd ref="7507008227"/>
    <nd ref="13241232990"/>
    <nd ref="13241232991"/>
    <tag k="addr:city" v="Guelph"/>
    <tag k="addr:flats" v="32-33"/>
    <tag k="addr:housenumber" v="39"/>
    <tag k="addr:street" v="Kay Crescent"/>
    <tag k="building" v="residential"/>
    <tag k="source" v="microsoft/BuildingFootprints"/>
  </way>
  <way id="1443052882" version="4" timestamp="2026-09-30T04:03:47Z" changeset="189754738" uid="24088502" user="skfd imports">
    <center lat="43.5035674" lon="-80.1815115"/>
    <nd ref="13241232993"/>
    <nd ref="13241232991"/>
    <nd ref="13241232990"/>
    <nd ref="13241232992"/>
    <nd ref="13241232993"/>
    <tag k="addr:city" v="Guelph"/>
    <tag k="addr:flats" v="34-35"/>
    <tag k="addr:housenumber" v="39"/>
    <tag k="addr:street" v="Kay Crescent"/>
    <tag k="building" v="residential"/>
    <tag k="source" v="microsoft/BuildingFootprints"/>
  </way>
  <way id="1443052883" version="4" timestamp="2026-09-30T04:03:47Z" changeset="189754738" uid="24088502" user="skfd imports">
    <center lat="43.5036113" lon="-80.1814521"/>
    <nd ref="13241232995"/>
    <nd ref="13241232993"/>
    <nd ref="13241232992"/>
    <nd ref="13241232994"/>
    <nd ref="13241232995"/>
    <tag k="addr:city" v="Guelph"/>
    <tag k="addr:flats" v="36-37"/>
    <tag k="addr:housenumber" v="39"/>
    <tag k="addr:postcode" v="N1L 0N5"/>
    <tag k="addr:street" v="Kay Crescent"/>
    <tag k="building" v="residential"/>
    <tag k="source" v="microsoft/BuildingFootprints"/>
  </way>
  <way id="1443052884" version="4" timestamp="2026-09-30T04:03:47Z" changeset="189754738" uid="24088502" user="skfd imports">
    <center lat="43.5034417" lon="-80.1810918"/>
    <nd ref="13241232997"/>
    <nd ref="7507008231"/>
    <nd ref="7507008232"/>
    <nd ref="13241232996"/>
    <nd ref="13241232997"/>
    <tag k="addr:city" v="Guelph"/>
    <tag k="addr:flats" v="46-47"/>
    <tag k="addr:housenumber" v="39"/>
    <tag k="addr:street" v="Kay Crescent"/>
    <tag k="building" v="house"/>
    <tag k="source" v="microsoft/BuildingFootprints"/>
  </way>
  <way id="1443052885" version="4" timestamp="2026-09-30T04:03:47Z" changeset="189754738" uid="24088502" user="skfd imports">
    <center lat="43.5033969" lon="-80.1811506"/>
    <nd ref="13241232999"/>
    <nd ref="13241232997"/>
    <nd ref="13241232996"/>
    <nd ref="13241232998"/>
    <nd ref="13241232999"/>
    <tag k="addr:city" v="Guelph"/>
    <tag k="addr:flats" v="44-45"/>
    <tag k="addr:housenumber" v="39"/>
    <tag k="addr:street" v="Kay Crescent"/>
    <tag k="building" v="house"/>
    <tag k="source" v="microsoft/BuildingFootprints"/>
  </way>
  <way id="1443052886" version="4" timestamp="2026-09-30T04:03:47Z" changeset="189754738" uid="24088502" user="skfd imports">
    <center lat="43.5033521" lon="-80.1812094"/>
    <nd ref="13241233001"/>
    <nd ref="13241232999"/>
    <nd ref="13241232998"/>
    <nd ref="13241233000"/>
    <nd ref="13241233001"/>
    <tag k="addr:city" v="Guelph"/>
    <tag k="addr:flats" v="42-43"/>
    <tag k="addr:housenumber" v="39"/>
    <tag k="addr:street" v="Kay Crescent"/>
    <tag k="building" v="house"/>
    <tag k="source" v="microsoft/BuildingFootprints"/>
  </way>
  <way id="1443819663" version="5" timestamp="2026-09-30T04:07:30Z" changeset="189754820" uid="24088502" user="skfd imports">
    <center lat="43.5151369" lon="-80.1986272"/>
    <nd ref="13248844039"/>
    <nd ref="11908223378"/>
    <nd ref="11908223294"/>
    <nd ref="11908208418"/>
    <nd ref="11908223368"/>
    <nd ref="11908223343"/>
    <nd ref="11908223305"/>
    <nd ref="13248844040"/>
    <nd ref="13248844039"/>
    <tag k="addr:city" v="Guelph"/>
    <tag k="addr:flats" v="21-24"/>
    <tag k="addr:housenumber" v="32"/>
    <tag k="addr:street" v="Arkell Road"/>
    <tag k="building" v="apartments"/>
    <tag k="building:levels" v="4"/>
  </way>
  <way id="1443819664" version="5" timestamp="2026-09-30T04:07:30Z" changeset="189754820" uid="24088502" user="skfd imports">
    <center lat="43.5148802" lon="-80.1989540"/>
    <nd ref="13248844037"/>
    <nd ref="11908223292"/>
    <nd ref="11908208455"/>
    <nd ref="11908208422"/>
    <nd ref="11908223352"/>
    <nd ref="11908223362"/>
    <nd ref="11908223357"/>
    <nd ref="13248844038"/>
    <nd ref="13248844037"/>
    <tag k="addr:city" v="Guelph"/>
    <tag k="addr:flats" v="5-8"/>
    <tag k="addr:housenumber" v="32"/>
    <tag k="addr:street" v="Arkell Road"/>
    <tag k="building" v="apartments"/>
    <tag k="building:levels" v="4"/>
  </way>
  <way id="1443819665" version="5" timestamp="2026-09-30T04:07:30Z" changeset="189754820" uid="24088502" user="skfd imports">
    <center lat="43.5149057" lon="-80.1982847"/>
    <nd ref="13248844041"/>
    <nd ref="11908223383"/>
    <nd ref="11908223379"/>
    <nd ref="11908208447"/>
    <nd ref="11908208413"/>
    <nd ref="11908223345"/>
    <nd ref="11908223380"/>
    <nd ref="13248844042"/>
    <nd ref="13248844041"/>
    <tag k="addr:city" v="Guelph"/>
    <tag k="addr:flats" v="29-32"/>
    <tag k="addr:housenumber" v="32"/>
    <tag k="addr:street" v="Arkell Road"/>
    <tag k="building" v="apartments"/>
    <tag k="building:levels" v="4"/>
  </way>
  <way id="1443819666" version="5" timestamp="2026-09-30T04:07:30Z" changeset="189754820" uid="24088502" user="skfd imports">
    <center lat="43.5146781" lon="-80.1986053"/>
    <nd ref="13248844043"/>
    <nd ref="11908208405"/>
    <nd ref="11908208444"/>
    <nd ref="11908223274"/>
    <nd ref="11908223347"/>
    <nd ref="11908208442"/>
    <nd ref="11908223289"/>
    <nd ref="13248844044"/>
    <nd ref="13248844043"/>
    <tag k="addr:city" v="Guelph"/>
    <tag k="addr:flats" v="13-16"/>
    <tag k="addr:housenumber" v="32"/>
    <tag k="addr:street" v="Arkell Road"/>
    <tag k="building" v="apartments"/>
    <tag k="building:levels" v="4"/>
  </way>
  <way id="1450184510" version="3" timestamp="2026-09-30T04:04:19Z" changeset="189754746" uid="24088502" user="skfd imports">
    <center lat="43.4981510" lon="-80.2319249"/>
    <nd ref="7509893769"/>
    <nd ref="13300988199"/>
    <nd ref="13300988200"/>
    <nd ref="7509893770"/>
    <nd ref="7509893769"/>
    <tag k="addr:city" v="Guelph"/>
    <tag k="addr:flats" v="24A;24B"/>
    <tag k="addr:housenumber" v="146"/>
    <tag k="addr:postcode" v="N1C 1A3"/>
    <tag k="addr:street" v="Downey Road"/>
    <tag k="building" v="house"/>
    <tag k="house" v="terraced"/>
    <tag k="source" v="microsoft/BuildingFootprints"/>
  </way>
  <way id="1450184516" version="3" timestamp="2026-09-30T04:04:19Z" changeset="189754746" uid="24088502" user="skfd imports">
    <center lat="43.4986151" lon="-80.2320854"/>
    <nd ref="13300988810"/>
    <nd ref="13300988811"/>
    <nd ref="13300988812"/>
    <nd ref="13300988813"/>
    <nd ref="13300988810"/>
    <tag k="addr:city" v="Guelph"/>
    <tag k="addr:flats" v="17A;17B"/>
    <tag k="addr:housenumber" v="146"/>
    <tag k="addr:postcode" v="N1C 1A3"/>
    <tag k="addr:street" v="Downey Road"/>
    <tag k="building" v="house"/>
    <tag k="house" v="terraced"/>
    <tag k="source" v="microsoft/BuildingFootprints"/>
  </way>
  <way id="1450184517" version="4" timestamp="2026-09-30T04:04:19Z" changeset="189754746" uid="24088502" user="skfd imports">
    <center lat="43.4985600" lon="-80.2320677"/>
    <nd ref="13300988811"/>
    <nd ref="13300988814"/>
    <nd ref="13300988815"/>
    <nd ref="13300988812"/>
    <nd ref="13300988811"/>
    <tag k="addr:city" v="Guelph"/>
    <tag k="addr:flats" v="18A;18B"/>
    <tag k="addr:housenumber" v="146"/>
    <tag k="addr:postcode" v="N1C 1A3"/>
    <tag k="addr:street" v="Downey Road"/>
    <tag k="building" v="house"/>
    <tag k="house" v="terraced"/>
    <tag k="source" v="microsoft/BuildingFootprints"/>
  </way>
  <way id="1450184675" version="3" timestamp="2026-09-30T04:04:19Z" changeset="189754746" uid="24088502" user="skfd imports">
    <center lat="43.4984241" lon="-80.2320198"/>
    <nd ref="13300966344"/>
    <nd ref="13300966345"/>
    <nd ref="13300966346"/>
    <nd ref="13300966347"/>
    <nd ref="13300966344"/>
    <tag k="addr:city" v="Guelph"/>
    <tag k="addr:flats" v="20A;20B"/>
    <tag k="addr:housenumber" v="146"/>
    <tag k="addr:postcode" v="N1C 1A3"/>
    <tag k="addr:street" v="Downey Road"/>
    <tag k="building" v="house"/>
    <tag k="house" v="terraced"/>
    <tag k="source" v="microsoft/BuildingFootprints"/>
  </way>
  <way id="1450184676" version="3" timestamp="2026-09-30T04:04:19Z" changeset="189754746" uid="24088502" user="skfd imports">
    <center lat="43.4984792" lon="-80.2320375"/>
    <nd ref="13300966348"/>
    <nd ref="13300966344"/>
    <nd ref="13300966347"/>
    <nd ref="13300966349"/>
    <nd ref="13300966348"/>
    <tag k="addr:city" v="Guelph"/>
    <tag k="addr:flats" v="19A;19B"/>
    <tag k="addr:housenumber" v="146"/>
    <tag k="addr:postcode" v="N1C 1A3"/>
    <tag k="addr:street" v="Downey Road"/>
    <tag k="building" v="house"/>
    <tag k="house" v="terraced"/>
    <tag k="source" v="microsoft/BuildingFootprints"/>
  </way>
  <way id="1450184680" version="3" timestamp="2026-09-30T04:04:19Z" changeset="189754746" uid="24088502" user="skfd imports">
    <center lat="43.4982877" lon="-80.2319668"/>
    <nd ref="13300966353"/>
    <nd ref="13300966354"/>
    <nd ref="13300966355"/>
    <nd ref="13300966356"/>
    <nd ref="13300966353"/>
    <tag k="addr:city" v="Guelph"/>
    <tag k="addr:flats" v="22A;22B"/>
    <tag k="addr:housenumber" v="146"/>
    <tag k="addr:postcode" v="N1C 1A3"/>
    <tag k="addr:street" v="Downey Road"/>
    <tag k="building" v="house"/>
    <tag k="house" v="terraced"/>
    <tag k="source" v="microsoft/BuildingFootprints"/>
  </way>
  <way id="1450184684" version="3" timestamp="2026-09-30T04:04:19Z" changeset="189754746" uid="24088502" user="skfd imports">
    <center lat="43.4983428" lon="-80.2319845"/>
    <nd ref="13300966361"/>
    <nd ref="13300966353"/>
    <nd ref="13300966356"/>
    <nd ref="13300966359"/>
    <nd ref="13300966361"/>
    <tag k="addr:city" v="Guelph"/>
    <tag k="addr:flats" v="21A;21B"/>
    <tag k="addr:housenumber" v="146"/>
    <tag k="addr:postcode" v="N1C 1A3"/>
    <tag k="addr:street" v="Downey Road"/>
    <tag k="building" v="house"/>
    <tag k="house" v="terraced"/>
    <tag k="source" v="microsoft/BuildingFootprints"/>
  </way>

</osm>
