batch,area,type,id,version,street,housenumber,action,group,unit,flats_before,in_osm_listing,inside_footprint,blocked_by,lat,lon,tags
1,Non-Residential - B,way,177694773,3,Taggart Street,2,modify,2 Taggart Street,,2;4A;6;8,,,,,,
1,Non-Residential - B,node,-53936,,Taggart Street,2,create,2 Taggart Street,2,,yes,yes,,43.5611,-80.20679,"{""addr:city"": ""Guelph"", ""addr:housenumber"": ""2"", ""addr:source"": ""Guelph Open Data"", ""addr:street"": ""Taggart Street"", ""addr:unit"": ""2""}"
1,Non-Residential - B,node,-53937,,Taggart Street,2,create,2 Taggart Street,4A,,yes,yes,,43.56099,-80.20661,"{""addr:city"": ""Guelph"", ""addr:housenumber"": ""2"", ""addr:source"": ""Guelph Open Data"", ""addr:street"": ""Taggart Street"", ""addr:unit"": ""4A""}"
1,Non-Residential - B,node,-53938,,Taggart Street,2,create,2 Taggart Street,6,,yes,yes,,43.56103,-80.20642,"{""addr:city"": ""Guelph"", ""addr:housenumber"": ""2"", ""addr:source"": ""Guelph Open Data"", ""addr:street"": ""Taggart Street"", ""addr:unit"": ""6""}"
1,Non-Residential - B,node,-53939,,Taggart Street,2,create,2 Taggart Street,8,,yes,yes,,43.56117,-80.20622,"{""addr:city"": ""Guelph"", ""addr:housenumber"": ""2"", ""addr:source"": ""Guelph Open Data"", ""addr:street"": ""Taggart Street"", ""addr:unit"": ""8""}"
1,Non-Residential - B,way,802544817,5,Watson Parkway South,70,modify,70 Watson Parkway South,,1-8,,,,,,
1,Non-Residential - B,node,-53628,,Watson Parkway South,70,create,70 Watson Parkway South,1,,yes,yes,,43.55993,-80.20505,"{""addr:city"": ""Guelph"", ""addr:housenumber"": ""70"", ""addr:source"": ""Guelph Open Data"", ""addr:street"": ""Watson Parkway South"", ""addr:unit"": ""1""}"
1,Non-Residential - B,node,-53618,,Watson Parkway South,70,create,70 Watson Parkway South,2,,yes,yes,,43.55997,-80.205,"{""addr:city"": ""Guelph"", ""addr:housenumber"": ""70"", ""addr:source"": ""Guelph Open Data"", ""addr:street"": ""Watson Parkway South"", ""addr:unit"": ""2""}"
1,Non-Residential - B,node,-53614,,Watson Parkway South,70,create,70 Watson Parkway South,3,,yes,yes,,43.56001,-80.20493,"{""addr:city"": ""Guelph"", ""addr:housenumber"": ""70"", ""addr:source"": ""Guelph Open Data"", ""addr:street"": ""Watson Parkway South"", ""addr:unit"": ""3""}"
1,Non-Residential - B,node,-53613,,Watson Parkway South,70,create,70 Watson Parkway South,4,,yes,yes,,43.56005,-80.20488,"{""addr:city"": ""Guelph"", ""addr:housenumber"": ""70"", ""addr:source"": ""Guelph Open Data"", ""addr:street"": ""Watson Parkway South"", ""addr:unit"": ""4""}"
1,Non-Residential - B,node,-53624,,Watson Parkway South,70,create,70 Watson Parkway South,5,,yes,yes,,43.56011,-80.2048,"{""addr:city"": ""Guelph"", ""addr:housenumber"": ""70"", ""addr:source"": ""Guelph Open Data"", ""addr:street"": ""Watson Parkway South"", ""addr:unit"": ""5""}"
1,Non-Residential - B,node,-53622,,Watson Parkway South,70,create,70 Watson Parkway South,6,,yes,yes,,43.56015,-80.20475,"{""addr:city"": ""Guelph"", ""addr:housenumber"": ""70"", ""addr:source"": ""Guelph Open Data"", ""addr:street"": ""Watson Parkway South"", ""addr:unit"": ""6""}"
1,Non-Residential - B,node,-53623,,Watson Parkway South,70,create,70 Watson Parkway South,7,,yes,yes,,43.56019,-80.20468,"{""addr:city"": ""Guelph"", ""addr:housenumber"": ""70"", ""addr:source"": ""Guelph Open Data"", ""addr:street"": ""Watson Parkway South"", ""addr:unit"": ""7""}"
1,Non-Residential - B,node,-53627,,Watson Parkway South,70,create,70 Watson Parkway South,8,,yes,yes,,43.56023,-80.20463,"{""addr:city"": ""Guelph"", ""addr:housenumber"": ""70"", ""addr:source"": ""Guelph Open Data"", ""addr:street"": ""Watson Parkway South"", ""addr:unit"": ""8""}"
1,Non-Residential - B,way,802544833,4,Watson Road South,3,modify,3 Watson Road South,,1-3;8,,,,,,
1,Non-Residential - B,node,-54227,,Watson Road South,3,create,3 Watson Road South,1,,yes,yes,,43.56412,-80.20611,"{""addr:city"": ""Guelph"", ""addr:housenumber"": ""3"", ""addr:source"": ""Guelph Open Data"", ""addr:street"": ""Watson Road South"", ""addr:unit"": ""1""}"
1,Non-Residential - B,node,-54225,,Watson Road South,3,create,3 Watson Road South,2,,yes,yes,,43.56417,-80.20618,"{""addr:city"": ""Guelph"", ""addr:housenumber"": ""3"", ""addr:source"": ""Guelph Open Data"", ""addr:street"": ""Watson Road South"", ""addr:unit"": ""2""}"
1,Non-Residential - B,node,-54226,,Watson Road South,3,create,3 Watson Road South,3,,yes,yes,,43.56426,-80.20629,"{""addr:city"": ""Guelph"", ""addr:housenumber"": ""3"", ""addr:source"": ""Guelph Open Data"", ""addr:street"": ""Watson Road South"", ""addr:unit"": ""3""}"
1,Non-Residential - B,node,-54228,,Watson Road South,3,create,3 Watson Road South,8,,yes,yes,,43.56444,-80.20611,"{""addr:city"": ""Guelph"", ""addr:housenumber"": ""3"", ""addr:source"": ""Guelph Open Data"", ""addr:street"": ""Watson Road South"", ""addr:unit"": ""8""}"
2,Downtown - Sunny Acres,way,923609578,6,Waterloo Avenue,121,modify,121 Waterloo Avenue,,101-110,,,,,,
2,Downtown - Sunny Acres,node,-15695,,Waterloo Avenue,121,create,121 Waterloo Avenue,101,,yes,yes,,43.53805,-80.25385,"{""addr:city"": ""Guelph"", ""addr:housenumber"": ""121"", ""addr:source"": ""Guelph Open Data"", ""addr:street"": ""Waterloo Avenue"", ""addr:unit"": ""101""}"
2,Downtown - Sunny Acres,node,-46194,,Waterloo Avenue,121,create,121 Waterloo Avenue,102,,yes,yes,,43.53797,-80.25394,"{""addr:city"": ""Guelph"", ""addr:housenumber"": ""121"", ""addr:source"": ""Guelph Open Data"", ""addr:street"": ""Waterloo Avenue"", ""addr:unit"": ""102""}"
2,Downtown - Sunny Acres,node,-20201,,Waterloo Avenue,121,create,121 Waterloo Avenue,103,,yes,yes,,43.53809,-80.25392,"{""addr:city"": ""Guelph"", ""addr:housenumber"": ""121"", ""addr:source"": ""Guelph Open Data"", ""addr:street"": ""Waterloo Avenue"", ""addr:unit"": ""103""}"
2,Downtown - Sunny Acres,node,-33056,,Waterloo Avenue,121,create,121 Waterloo Avenue,104,,yes,yes,,43.538,-80.25399,"{""addr:city"": ""Guelph"", ""addr:housenumber"": ""121"", ""addr:source"": ""Guelph Open Data"", ""addr:street"": ""Waterloo Avenue"", ""addr:unit"": ""104""}"
2,Downtown - Sunny Acres,node,-16237,,Waterloo Avenue,121,create,121 Waterloo Avenue,105,,yes,yes,,43.53813,-80.25399,"{""addr:city"": ""Guelph"", ""addr:housenumber"": ""121"", ""addr:source"": ""Guelph Open Data"", ""addr:street"": ""Waterloo Avenue"", ""addr:unit"": ""105""}"
2,Downtown - Sunny Acres,node,-20880,,Waterloo Avenue,121,create,121 Waterloo Avenue,106,,yes,yes,,43.53805,-80.25406,"{""addr:city"": ""Guelph"", ""addr:housenumber"": ""121"", ""addr:source"": ""Guelph Open Data"", ""addr:street"": ""Waterloo Avenue"", ""addr:unit"": ""106""}"
2,Downtown - Sunny Acres,node,-26958,,Waterloo Avenue,121,create,121 Waterloo Avenue,107,,yes,yes,,43.53816,-80.25405,"{""addr:city"": ""Guelph"", ""addr:housenumber"": ""121"", ""addr:source"": ""Guelph Open Data"", ""addr:street"": ""Waterloo Avenue"", ""addr:unit"": ""107""}"
2,Downtown - Sunny Acres,node,-37027,,Waterloo Avenue,121,create,121 Waterloo Avenue,108,,yes,yes,,43.53809,-80.25413,"{""addr:city"": ""Guelph"", ""addr:housenumber"": ""121"", ""addr:source"": ""Guelph Open Data"", ""addr:street"": ""Waterloo Avenue"", ""addr:unit"": ""108""}"
2,Downtown - Sunny Acres,node,-34491,,Waterloo Avenue,121,create,121 Waterloo Avenue,109,,yes,yes,,43.53821,-80.25412,"{""addr:city"": ""Guelph"", ""addr:housenumber"": ""121"", ""addr:source"": ""Guelph Open Data"", ""addr:street"": ""Waterloo Avenue"", ""addr:unit"": ""109""}"
2,Downtown - Sunny Acres,node,-30155,,Waterloo Avenue,121,create,121 Waterloo Avenue,110,,yes,yes,,43.53814,-80.2542,"{""addr:city"": ""Guelph"", ""addr:housenumber"": ""121"", ""addr:source"": ""Guelph Open Data"", ""addr:street"": ""Waterloo Avenue"", ""addr:unit"": ""110""}"
3,Two Rivers,way,927975771,3,Huron Street,47,modify,47 Huron Street,,A;B,,,,,,
3,Two Rivers,node,-47189,,Huron Street,47,create,47 Huron Street,A,,yes,yes,,43.54897,-80.23827,"{""addr:city"": ""Guelph"", ""addr:housenumber"": ""47"", ""addr:source"": ""Guelph Open Data"", ""addr:street"": ""Huron Street"", ""addr:unit"": ""A""}"
3,Two Rivers,node,-47190,,Huron Street,47,create,47 Huron Street,B,,yes,yes,,43.54893,-80.23841,"{""addr:city"": ""Guelph"", ""addr:housenumber"": ""47"", ""addr:source"": ""Guelph Open Data"", ""addr:street"": ""Huron Street"", ""addr:unit"": ""B""}"
3,Two Rivers,way,260551704,9,Victoria Road South,199,modify,199 Victoria Road South,,1-8,,,,,,
3,Two Rivers,node,-55077,,Victoria Road South,199,create,199 Victoria Road South,1,,yes,yes,,43.5523,-80.22623,"{""addr:city"": ""Guelph"", ""addr:housenumber"": ""199"", ""addr:source"": ""Guelph Open Data"", ""addr:street"": ""Victoria Road South"", ""addr:unit"": ""1""}"
3,Two Rivers,node,-55073,,Victoria Road South,199,create,199 Victoria Road South,2,,yes,yes,,43.55217,-80.22593,"{""addr:city"": ""Guelph"", ""addr:housenumber"": ""199"", ""addr:source"": ""Guelph Open Data"", ""addr:street"": ""Victoria Road South"", ""addr:unit"": ""2""}"
3,Two Rivers,node,-55079,,Victoria Road South,199,create,199 Victoria Road South,3,,yes,yes,,43.55218,-80.22571,"{""addr:city"": ""Guelph"", ""addr:housenumber"": ""199"", ""addr:source"": ""Guelph Open Data"", ""addr:street"": ""Victoria Road South"", ""addr:unit"": ""3""}"
3,Two Rivers,node,-55075,,Victoria Road South,199,create,199 Victoria Road South,4,,yes,yes,,43.55217,-80.22555,"{""addr:city"": ""Guelph"", ""addr:housenumber"": ""199"", ""addr:source"": ""Guelph Open Data"", ""addr:street"": ""Victoria Road South"", ""addr:unit"": ""4""}"
3,Two Rivers,node,-55076,,Victoria Road South,199,create,199 Victoria Road South,5,,yes,yes,,43.55216,-80.22537,"{""addr:city"": ""Guelph"", ""addr:housenumber"": ""199"", ""addr:source"": ""Guelph Open Data"", ""addr:street"": ""Victoria Road South"", ""addr:unit"": ""5""}"
3,Two Rivers,node,-55072,,Victoria Road South,199,create,199 Victoria Road South,6,,yes,yes,,43.55217,-80.22524,"{""addr:city"": ""Guelph"", ""addr:housenumber"": ""199"", ""addr:source"": ""Guelph Open Data"", ""addr:street"": ""Victoria Road South"", ""addr:unit"": ""6""}"
3,Two Rivers,node,-55078,,Victoria Road South,199,create,199 Victoria Road South,7,,yes,yes,,43.55219,-80.22512,"{""addr:city"": ""Guelph"", ""addr:housenumber"": ""199"", ""addr:source"": ""Guelph Open Data"", ""addr:street"": ""Victoria Road South"", ""addr:unit"": ""7""}"
3,Two Rivers,node,-55074,,Victoria Road South,199,create,199 Victoria Road South,8,,yes,yes,,43.5522,-80.22498,"{""addr:city"": ""Guelph"", ""addr:housenumber"": ""199"", ""addr:source"": ""Guelph Open Data"", ""addr:street"": ""Victoria Road South"", ""addr:unit"": ""8""}"
4,Clairfields,way,399342891,4,Gordon Street,1467,modify,1467 Gordon Street,,1-3,,,,,,
4,Clairfields,node,-55039,,Gordon Street,1467,create,1467 Gordon Street,1,,yes,yes,,43.51027,-80.19678,"{""addr:city"": ""Guelph"", ""addr:housenumber"": ""1467"", ""addr:source"": ""Guelph Open Data"", ""addr:street"": ""Gordon Street"", ""addr:unit"": ""1""}"
4,Clairfields,node,-55040,,Gordon Street,1467,create,1467 Gordon Street,2,,yes,yes,,43.51034,-80.19653,"{""addr:city"": ""Guelph"", ""addr:housenumber"": ""1467"", ""addr:source"": ""Guelph Open Data"", ""addr:street"": ""Gordon Street"", ""addr:unit"": ""2""}"
4,Clairfields,node,-55038,,Gordon Street,1467,create,1467 Gordon Street,3,,yes,yes,,43.51039,-80.19661,"{""addr:city"": ""Guelph"", ""addr:housenumber"": ""1467"", ""addr:source"": ""Guelph Open Data"", ""addr:street"": ""Gordon Street"", ""addr:unit"": ""3""}"
4,Clairfields,way,208650114,4,Southgate Drive,200,modify,200 Southgate Drive,,1-3,,,,,,
4,Clairfields,node,-30811,,Southgate Drive,200,create,200 Southgate Drive,1,,yes,yes,,43.5,-80.21386,"{""addr:city"": ""Guelph"", ""addr:housenumber"": ""200"", ""addr:source"": ""Guelph Open Data"", ""addr:street"": ""Southgate Drive"", ""addr:unit"": ""1""}"
4,Clairfields,node,-55232,,Southgate Drive,200,create,200 Southgate Drive,2,,yes,yes,,43.49983,-80.21403,"{""addr:city"": ""Guelph"", ""addr:housenumber"": ""200"", ""addr:source"": ""Guelph Open Data"", ""addr:street"": ""Southgate Drive"", ""addr:unit"": ""2""}"
4,Clairfields,node,-55233,,Southgate Drive,200,create,200 Southgate Drive,3,,yes,yes,,43.4997,-80.21418,"{""addr:city"": ""Guelph"", ""addr:housenumber"": ""200"", ""addr:source"": ""Guelph Open Data"", ""addr:street"": ""Southgate Drive"", ""addr:unit"": ""3""}"
4,Clairfields,way,337955594,7,Southgate Drive,245,modify,245 Southgate Drive,,7-12,,,,,,
4,Clairfields,node,-53615,,Southgate Drive,245,create,245 Southgate Drive,1,,yes,yes,,43.50097,-80.21443,"{""addr:city"": ""Guelph"", ""addr:housenumber"": ""245"", ""addr:source"": ""Guelph Open Data"", ""addr:street"": ""Southgate Drive"", ""addr:unit"": ""1""}"
4,Clairfields,node,-53611,,Southgate Drive,245,create,245 Southgate Drive,2,,yes,yes,,43.50105,-80.21435,"{""addr:city"": ""Guelph"", ""addr:housenumber"": ""245"", ""addr:source"": ""Guelph Open Data"", ""addr:street"": ""Southgate Drive"", ""addr:unit"": ""2""}"
4,Clairfields,node,-53604,,Southgate Drive,245,create,245 Southgate Drive,3,,yes,yes,,43.5011,-80.21429,"{""addr:city"": ""Guelph"", ""addr:housenumber"": ""245"", ""addr:source"": ""Guelph Open Data"", ""addr:street"": ""Southgate Drive"", ""addr:unit"": ""3""}"
4,Clairfields,node,-53607,,Southgate Drive,245,create,245 Southgate Drive,4,,yes,yes,,43.50117,-80.21421,"{""addr:city"": ""Guelph"", ""addr:housenumber"": ""245"", ""addr:source"": ""Guelph Open Data"", ""addr:street"": ""Southgate Drive"", ""addr:unit"": ""4""}"
4,Clairfields,node,-53621,,Southgate Drive,245,create,245 Southgate Drive,5,,yes,yes,,43.50122,-80.21416,"{""addr:city"": ""Guelph"", ""addr:housenumber"": ""245"", ""addr:source"": ""Guelph Open Data"", ""addr:street"": ""Southgate Drive"", ""addr:unit"": ""5""}"
4,Clairfields,node,-53610,,Southgate Drive,245,create,245 Southgate Drive,6,,yes,yes,,43.50129,-80.21408,"{""addr:city"": ""Guelph"", ""addr:housenumber"": ""245"", ""addr:source"": ""Guelph Open Data"", ""addr:street"": ""Southgate Drive"", ""addr:unit"": ""6""}"
4,Clairfields,node,-53617,,Southgate Drive,245,create,245 Southgate Drive,7,,yes,yes,,43.50123,-80.21494,"{""addr:city"": ""Guelph"", ""addr:housenumber"": ""245"", ""addr:source"": ""Guelph Open Data"", ""addr:street"": ""Southgate Drive"", ""addr:unit"": ""7""}"
4,Clairfields,node,-53626,,Southgate Drive,245,create,245 Southgate Drive,8,,yes,yes,,43.50131,-80.21486,"{""addr:city"": ""Guelph"", ""addr:housenumber"": ""245"", ""addr:source"": ""Guelph Open Data"", ""addr:street"": ""Southgate Drive"", ""addr:unit"": ""8""}"
4,Clairfields,node,-53616,,Southgate Drive,245,create,245 Southgate Drive,9,,yes,yes,,43.50136,-80.2148,"{""addr:city"": ""Guelph"", ""addr:housenumber"": ""245"", ""addr:source"": ""Guelph Open Data"", ""addr:street"": ""Southgate Drive"", ""addr:unit"": ""9""}"
4,Clairfields,node,-53612,,Southgate Drive,245,create,245 Southgate Drive,10,,yes,yes,,43.50144,-80.21472,"{""addr:city"": ""Guelph"", ""addr:housenumber"": ""245"", ""addr:source"": ""Guelph Open Data"", ""addr:street"": ""Southgate Drive"", ""addr:unit"": ""10""}"
4,Clairfields,node,-53605,,Southgate Drive,245,create,245 Southgate Drive,11,,yes,yes,,43.50148,-80.21467,"{""addr:city"": ""Guelph"", ""addr:housenumber"": ""245"", ""addr:source"": ""Guelph Open Data"", ""addr:street"": ""Southgate Drive"", ""addr:unit"": ""11""}"
4,Clairfields,node,-53608,,Southgate Drive,245,create,245 Southgate Drive,12,,yes,yes,,43.50155,-80.21459,"{""addr:city"": ""Guelph"", ""addr:housenumber"": ""245"", ""addr:source"": ""Guelph Open Data"", ""addr:street"": ""Southgate Drive"", ""addr:unit"": ""12""}"
4,Clairfields,way,337955609,7,Southgate Drive,245,modify,245 Southgate Drive,,1-6,,,,,,
5,Onward Willow,way,1442367112,2,Paisley Road,305,modify,305 Paisley Road,,A;B,,,,,,
5,Onward Willow,node,-55292,,Paisley Road,305,create,305 Paisley Road,A,,yes,yes,,43.54017,-80.26444,"{""addr:city"": ""Guelph"", ""addr:housenumber"": ""305"", ""addr:source"": ""Guelph Open Data"", ""addr:street"": ""Paisley Road"", ""addr:unit"": ""A""}"
5,Onward Willow,node,-55293,,Paisley Road,305,create,305 Paisley Road,B,,yes,yes,,43.54022,-80.26448,"{""addr:city"": ""Guelph"", ""addr:housenumber"": ""305"", ""addr:source"": ""Guelph Open Data"", ""addr:street"": ""Paisley Road"", ""addr:unit"": ""B""}"
5,Onward Willow,way,1442367111,2,Paisley Road,307,modify,307 Paisley Road,,A;B,,,,,,
5,Onward Willow,node,-55294,,Paisley Road,307,create,307 Paisley Road,A,,yes,yes,,43.54013,-80.26451,"{""addr:city"": ""Guelph"", ""addr:housenumber"": ""307"", ""addr:source"": ""Guelph Open Data"", ""addr:street"": ""Paisley Road"", ""addr:unit"": ""A""}"
5,Onward Willow,node,-55295,,Paisley Road,307,create,307 Paisley Road,B,,yes,yes,,43.54017,-80.26455,"{""addr:city"": ""Guelph"", ""addr:housenumber"": ""307"", ""addr:source"": ""Guelph Open Data"", ""addr:street"": ""Paisley Road"", ""addr:unit"": ""B""}"
5,Onward Willow,way,208492557,4,Silvercreek Parkway North,106,modify,106 Silvercreek Parkway North,,1-2;4-5;7,,,,,,
5,Onward Willow,node,-54828,,Silvercreek Parkway North,106,create,106 Silvercreek Parkway North,1,,yes,yes,,43.53792,-80.27955,"{""addr:city"": ""Guelph"", ""addr:housenumber"": ""106"", ""addr:source"": ""Guelph Open Data"", ""addr:street"": ""Silvercreek Parkway North"", ""addr:unit"": ""1""}"
5,Onward Willow,node,-54827,,Silvercreek Parkway North,106,create,106 Silvercreek Parkway North,2,,yes,yes,,43.53799,-80.27964,"{""addr:city"": ""Guelph"", ""addr:housenumber"": ""106"", ""addr:source"": ""Guelph Open Data"", ""addr:street"": ""Silvercreek Parkway North"", ""addr:unit"": ""2""}"
5,Onward Willow,node,-54825,,Silvercreek Parkway North,106,create,106 Silvercreek Parkway North,4,,yes,yes,,43.53804,-80.27971,"{""addr:city"": ""Guelph"", ""addr:housenumber"": ""106"", ""addr:source"": ""Guelph Open Data"", ""addr:street"": ""Silvercreek Parkway North"", ""addr:unit"": ""4""}"
5,Onward Willow,node,-53946,,Silvercreek Parkway North,106,create,106 Silvercreek Parkway North,5,,yes,yes,,43.5381,-80.27979,"{""addr:city"": ""Guelph"", ""addr:housenumber"": ""106"", ""addr:source"": ""Guelph Open Data"", ""addr:street"": ""Silvercreek Parkway North"", ""addr:unit"": ""5""}"
5,Onward Willow,node,-53945,,Silvercreek Parkway North,106,create,106 Silvercreek Parkway North,7,,yes,yes,,43.53815,-80.27986,"{""addr:city"": ""Guelph"", ""addr:housenumber"": ""106"", ""addr:source"": ""Guelph Open Data"", ""addr:street"": ""Silvercreek Parkway North"", ""addr:unit"": ""7""}"
5,Onward Willow,way,1442367349,3,Silvercreek Parkway North,40,modify,40 Silvercreek Parkway North,,47-48,,,,,,
5,Onward Willow,node,-18907,,Silvercreek Parkway North,40,create,40 Silvercreek Parkway North,47,,yes,yes,,43.5345,-80.2739,"{""addr:city"": ""Guelph"", ""addr:housenumber"": ""40"", ""addr:source"": ""Guelph Open Data"", ""addr:street"": ""Silvercreek Parkway North"", ""addr:unit"": ""47""}"
5,Onward Willow,node,-32050,,Silvercreek Parkway North,40,create,40 Silvercreek Parkway North,48,,yes,yes,,43.53455,-80.2739,"{""addr:city"": ""Guelph"", ""addr:housenumber"": ""40"", ""addr:source"": ""Guelph Open Data"", ""addr:street"": ""Silvercreek Parkway North"", ""addr:unit"": ""48""}"
5,Onward Willow,,,,Silvercreek Parkway North,40,skip-existing,40 Silvercreek Parkway North,1,,no,no,way/1442367379,43.53494,-80.27398,
5,Onward Willow,,,,Silvercreek Parkway North,40,skip-existing,40 Silvercreek Parkway North,2,,no,no,way/1442367380,43.53501,-80.27403,
5,Onward Willow,,,,Silvercreek Parkway North,40,skip-existing,40 Silvercreek Parkway North,3,,no,no,way/1442367377,43.53497,-80.27408,
5,Onward Willow,,,,Silvercreek Parkway North,40,skip-existing,40 Silvercreek Parkway North,4,,no,no,way/1442367378,43.53504,-80.27417,
5,Onward Willow,,,,Silvercreek Parkway North,40,skip-existing,40 Silvercreek Parkway North,5,,no,no,way/1442367376,43.53508,-80.27413,
5,Onward Willow,,,,Silvercreek Parkway North,40,skip-existing,40 Silvercreek Parkway North,6,,no,no,way/803274560,43.53512,-80.27423,
5,Onward Willow,,,,Silvercreek Parkway North,40,skip-existing,40 Silvercreek Parkway North,7,,no,no,way/1442367383,43.53516,-80.27428,
5,Onward Willow,,,,Silvercreek Parkway North,40,skip-existing,40 Silvercreek Parkway North,8,,no,no,way/1442367382,43.53519,-80.27432,
5,Onward Willow,,,,Silvercreek Parkway North,40,skip-existing,40 Silvercreek Parkway North,9,,no,no,way/1442367381,43.53524,-80.27437,
5,Onward Willow,,,,Silvercreek Parkway North,40,skip-existing,40 Silvercreek Parkway North,10,,no,no,way/1442367374,43.53524,-80.27443,
5,Onward Willow,,,,Silvercreek Parkway North,40,skip-existing,40 Silvercreek Parkway North,11,,no,no,way/1442367375,43.53518,-80.27447,
5,Onward Willow,,,,Silvercreek Parkway North,40,skip-existing,40 Silvercreek Parkway North,12,,no,no,way/1442367373,43.53514,-80.27452,
5,Onward Willow,,,,Silvercreek Parkway North,40,skip-existing,40 Silvercreek Parkway North,13,,no,no,way/1442367372,43.53511,-80.27457,
5,Onward Willow,,,,Silvercreek Parkway North,40,skip-existing,40 Silvercreek Parkway North,14,,no,no,way/1442367371,43.53508,-80.27461,
5,Onward Willow,,,,Silvercreek Parkway North,40,skip-existing,40 Silvercreek Parkway North,15,,no,no,way/1442367370,43.53505,-80.27465,
5,Onward Willow,,,,Silvercreek Parkway North,40,skip-existing,40 Silvercreek Parkway North,16,,no,no,way/1442367369,43.53502,-80.27469,
5,Onward Willow,,,,Silvercreek Parkway North,40,skip-existing,40 Silvercreek Parkway North,17,,no,no,way/1442367362,43.5346,-80.27452,
5,Onward Willow,,,,Silvercreek Parkway North,40,skip-existing,40 Silvercreek Parkway North,18,,no,no,way/1442367363,43.53463,-80.27457,
5,Onward Willow,,,,Silvercreek Parkway North,40,skip-existing,40 Silvercreek Parkway North,19,,no,no,way/1442367368,43.53466,-80.27462,
5,Onward Willow,,,,Silvercreek Parkway North,40,skip-existing,40 Silvercreek Parkway North,20,,no,no,way/1442367366,43.53472,-80.27467,
5,Onward Willow,,,,Silvercreek Parkway North,40,skip-existing,40 Silvercreek Parkway North,21,,no,no,way/1442367365,43.53469,-80.27472,
5,Onward Willow,,,,Silvercreek Parkway North,40,skip-existing,40 Silvercreek Parkway North,22,,no,no,way/1442367364,43.53474,-80.27481,
5,Onward Willow,,,,Silvercreek Parkway North,40,skip-existing,40 Silvercreek Parkway North,23,,no,no,way/803274561,43.53478,-80.27476,
5,Onward Willow,,,,Silvercreek Parkway North,40,skip-existing,40 Silvercreek Parkway North,24,,no,no,way/1442367367,43.53481,-80.27487,
5,Onward Willow,,,,Silvercreek Parkway North,40,skip-existing,40 Silvercreek Parkway North,25,,no,no,way/1442367361,43.53484,-80.27491,
5,Onward Willow,,,,Silvercreek Parkway North,40,skip-existing,40 Silvercreek Parkway North,26,,no,no,way/1442367360,43.53486,-80.27495,
5,Onward Willow,,,,Silvercreek Parkway North,40,skip-existing,40 Silvercreek Parkway North,27,,no,no,way/1442367359,43.5349,-80.27501,
5,Onward Willow,,,,Silvercreek Parkway North,40,skip-existing,40 Silvercreek Parkway North,28,,no,no,way/1442367336,43.53434,-80.27421,
5,Onward Willow,,,,Silvercreek Parkway North,40,skip-existing,40 Silvercreek Parkway North,29,,no,no,way/1442367337,43.53431,-80.27417,
5,Onward Willow,,,,Silvercreek Parkway North,40,skip-existing,40 Silvercreek Parkway North,30,,no,no,way/1442367338,43.53428,-80.27412,
5,Onward Willow,,,,Silvercreek Parkway North,40,skip-existing,40 Silvercreek Parkway North,31,,no,no,way/1442367339,43.53425,-80.27408,
5,Onward Willow,,,,Silvercreek Parkway North,40,skip-existing,40 Silvercreek Parkway North,32,,no,no,way/1442367331,43.53422,-80.274,
5,Onward Willow,,,,Silvercreek Parkway North,40,skip-existing,40 Silvercreek Parkway North,33,,no,no,way/803274565,43.53419,-80.27405,
5,Onward Willow,,,,Silvercreek Parkway North,40,skip-existing,40 Silvercreek Parkway North,34,,no,no,way/1442367335,43.53412,-80.27395,
5,Onward Willow,,,,Silvercreek Parkway North,40,skip-existing,40 Silvercreek Parkway North,35,,no,no,way/1442367332,43.53416,-80.27391,
5,Onward Willow,,,,Silvercreek Parkway North,40,skip-existing,40 Silvercreek Parkway North,36,,no,no,way/1442367340,43.53408,-80.27385,
5,Onward Willow,,,,Silvercreek Parkway North,40,skip-existing,40 Silvercreek Parkway North,37,,no,no,way/1442367334,43.53406,-80.27381,
5,Onward Willow,,,,Silvercreek Parkway North,40,skip-existing,40 Silvercreek Parkway North,38,,no,no,way/1442367333,43.53402,-80.27377,
5,Onward Willow,,,,Silvercreek Parkway North,40,skip-existing,40 Silvercreek Parkway North,39,,no,no,way/1442367343,43.53423,-80.27348,
5,Onward Willow,,,,Silvercreek Parkway North,40,skip-existing,40 Silvercreek Parkway North,40,,no,no,way/1442367344,43.53426,-80.27356,
5,Onward Willow,,,,Silvercreek Parkway North,40,skip-existing,40 Silvercreek Parkway North,41,,no,no,way/1442367341,43.5343,-80.27351,
5,Onward Willow,,,,Silvercreek Parkway North,40,skip-existing,40 Silvercreek Parkway North,42,,no,no,way/1442367342,43.53436,-80.27361,
5,Onward Willow,,,,Silvercreek Parkway North,40,skip-existing,40 Silvercreek Parkway North,43,,no,no,way/1442367345,43.53433,-80.27366,
5,Onward Willow,,,,Silvercreek Parkway North,40,skip-existing,40 Silvercreek Parkway North,44,,no,no,way/1442367346,43.5344,-80.27373,
5,Onward Willow,,,,Silvercreek Parkway North,40,skip-existing,40 Silvercreek Parkway North,45,,no,no,way/1442367347,43.53443,-80.27379,
5,Onward Willow,,,,Silvercreek Parkway North,40,skip-existing,40 Silvercreek Parkway North,46,,no,no,way/1442367348,43.53449,-80.27381,
5,Onward Willow,,,,Silvercreek Parkway North,40,skip-existing,40 Silvercreek Parkway North,49,,no,no,way/803274564,43.53456,-80.27383,
5,Onward Willow,,,,Silvercreek Parkway North,40,skip-existing,40 Silvercreek Parkway North,50,,no,no,way/1442367350,43.5346,-80.27379,
5,Onward Willow,,,,Silvercreek Parkway North,40,skip-existing,40 Silvercreek Parkway North,51,,no,no,way/1442367351,43.53463,-80.27375,
5,Onward Willow,,,,Silvercreek Parkway North,40,skip-existing,40 Silvercreek Parkway North,52,,no,no,way/1442367352,43.53467,-80.2737,
5,Onward Willow,,,,Silvercreek Parkway North,40,skip-existing,40 Silvercreek Parkway North,53,,no,no,way/1442367353,43.5347,-80.27365,
5,Onward Willow,,,,Silvercreek Parkway North,40,skip-existing,40 Silvercreek Parkway North,54,,no,no,way/803274563,43.53474,-80.27361,
5,Onward Willow,,,,Silvercreek Parkway North,40,skip-existing,40 Silvercreek Parkway North,55,,no,no,way/1442367358,43.53417,-80.27318,
5,Onward Willow,,,,Silvercreek Parkway North,40,skip-existing,40 Silvercreek Parkway North,56,,no,no,way/1442367355,43.53413,-80.27312,
5,Onward Willow,,,,Silvercreek Parkway North,40,skip-existing,40 Silvercreek Parkway North,57,,no,no,way/1442367356,43.5342,-80.27308,
5,Onward Willow,,,,Silvercreek Parkway North,40,skip-existing,40 Silvercreek Parkway North,58,,no,no,way/1442367357,43.53422,-80.27303,
5,Onward Willow,,,,Silvercreek Parkway North,40,skip-existing,40 Silvercreek Parkway North,59,,no,no,way/803274566,43.53425,-80.27296,
5,Onward Willow,,,,Silvercreek Parkway North,40,skip-existing,40 Silvercreek Parkway North,60,,no,no,way/1442367354,43.5343,-80.273,
6,Pine Ridge - Westminster Woods,way,802540407,4,Frederick Drive,100,modify,100 Frederick Drive,,1-16,,,,,,
6,Pine Ridge - Westminster Woods,node,-28597,,Frederick Drive,100,create,100 Frederick Drive,1,,yes,no,,43.51555,-80.17513,"{""addr:city"": ""Guelph"", ""addr:housenumber"": ""100"", ""addr:source"": ""Guelph Open Data"", ""addr:street"": ""Frederick Drive"", ""addr:unit"": ""1""}"
6,Pine Ridge - Westminster Woods,node,-6097,,Frederick Drive,100,create,100 Frederick Drive,2,,yes,yes,,43.51553,-80.17522,"{""addr:city"": ""Guelph"", ""addr:housenumber"": ""100"", ""addr:source"": ""Guelph Open Data"", ""addr:street"": ""Frederick Drive"", ""addr:unit"": ""2""}"
6,Pine Ridge - Westminster Woods,node,-22936,,Frederick Drive,100,create,100 Frederick Drive,3,,yes,yes,,43.51558,-80.17527,"{""addr:city"": ""Guelph"", ""addr:housenumber"": ""100"", ""addr:source"": ""Guelph Open Data"", ""addr:street"": ""Frederick Drive"", ""addr:unit"": ""3""}"
6,Pine Ridge - Westminster Woods,node,-17358,,Frederick Drive,100,create,100 Frederick Drive,4,,yes,no,,43.51563,-80.17531,"{""addr:city"": ""Guelph"", ""addr:housenumber"": ""100"", ""addr:source"": ""Guelph Open Data"", ""addr:street"": ""Frederick Drive"", ""addr:unit"": ""4""}"
6,Pine Ridge - Westminster Woods,node,-20547,,Frederick Drive,100,create,100 Frederick Drive,5,,yes,no,,43.51565,-80.17526,"{""addr:city"": ""Guelph"", ""addr:housenumber"": ""100"", ""addr:source"": ""Guelph Open Data"", ""addr:street"": ""Frederick Drive"", ""addr:unit"": ""5""}"
6,Pine Ridge - Westminster Woods,node,-34470,,Frederick Drive,100,create,100 Frederick Drive,6,,yes,no,,43.5157,-80.17517,"{""addr:city"": ""Guelph"", ""addr:housenumber"": ""100"", ""addr:source"": ""Guelph Open Data"", ""addr:street"": ""Frederick Drive"", ""addr:unit"": ""6""}"
6,Pine Ridge - Westminster Woods,node,-11632,,Frederick Drive,100,create,100 Frederick Drive,7,,yes,yes,,43.5157,-80.17511,"{""addr:city"": ""Guelph"", ""addr:housenumber"": ""100"", ""addr:source"": ""Guelph Open Data"", ""addr:street"": ""Frederick Drive"", ""addr:unit"": ""7""}"
6,Pine Ridge - Westminster Woods,node,-42809,,Frederick Drive,100,create,100 Frederick Drive,8,,yes,no,,43.51564,-80.17507,"{""addr:city"": ""Guelph"", ""addr:housenumber"": ""100"", ""addr:source"": ""Guelph Open Data"", ""addr:street"": ""Frederick Drive"", ""addr:unit"": ""8""}"
6,Pine Ridge - Westminster Woods,node,-41586,,Frederick Drive,100,create,100 Frederick Drive,9,,yes,yes,,43.51569,-80.17499,"{""addr:city"": ""Guelph"", ""addr:housenumber"": ""100"", ""addr:source"": ""Guelph Open Data"", ""addr:street"": ""Frederick Drive"", ""addr:unit"": ""9""}"
6,Pine Ridge - Westminster Woods,node,-25156,,Frederick Drive,100,create,100 Frederick Drive,10,,yes,yes,,43.51574,-80.17506,"{""addr:city"": ""Guelph"", ""addr:housenumber"": ""100"", ""addr:source"": ""Guelph Open Data"", ""addr:street"": ""Frederick Drive"", ""addr:unit"": ""10""}"
6,Pine Ridge - Westminster Woods,node,-41607,,Frederick Drive,100,create,100 Frederick Drive,11,,yes,no,,43.51577,-80.17508,"{""addr:city"": ""Guelph"", ""addr:housenumber"": ""100"", ""addr:source"": ""Guelph Open Data"", ""addr:street"": ""Frederick Drive"", ""addr:unit"": ""11""}"
6,Pine Ridge - Westminster Woods,node,-25157,,Frederick Drive,100,create,100 Frederick Drive,12,,yes,no,,43.5158,-80.17503,"{""addr:city"": ""Guelph"", ""addr:housenumber"": ""100"", ""addr:source"": ""Guelph Open Data"", ""addr:street"": ""Frederick Drive"", ""addr:unit"": ""12""}"
6,Pine Ridge - Westminster Woods,node,-33546,,Frederick Drive,100,create,100 Frederick Drive,13,,yes,no,,43.51585,-80.17497,"{""addr:city"": ""Guelph"", ""addr:housenumber"": ""100"", ""addr:source"": ""Guelph Open Data"", ""addr:street"": ""Frederick Drive"", ""addr:unit"": ""13""}"
6,Pine Ridge - Westminster Woods,node,-11091,,Frederick Drive,100,create,100 Frederick Drive,14,,yes,yes,,43.51584,-80.1749,"{""addr:city"": ""Guelph"", ""addr:housenumber"": ""100"", ""addr:source"": ""Guelph Open Data"", ""addr:street"": ""Frederick Drive"", ""addr:unit"": ""14""}"
6,Pine Ridge - Westminster Woods,node,-11092,,Frederick Drive,100,create,100 Frederick Drive,15,,yes,yes,,43.51581,-80.17484,"{""addr:city"": ""Guelph"", ""addr:housenumber"": ""100"", ""addr:source"": ""Guelph Open Data"", ""addr:street"": ""Frederick Drive"", ""addr:unit"": ""15""}"
6,Pine Ridge - Westminster Woods,node,-24297,,Frederick Drive,100,create,100 Frederick Drive,16,,yes,no,,43.51576,-80.17485,"{""addr:city"": ""Guelph"", ""addr:housenumber"": ""100"", ""addr:source"": ""Guelph Open Data"", ""addr:street"": ""Frederick Drive"", ""addr:unit"": ""16""}"
6,Pine Ridge - Westminster Woods,way,802540411,4,Frederick Drive,101,modify,101 Frederick Drive,,1-16,,,,,,
6,Pine Ridge - Westminster Woods,node,-46890,,Frederick Drive,101,create,101 Frederick Drive,1,,yes,yes,,43.51538,-80.17426,"{""addr:city"": ""Guelph"", ""addr:housenumber"": ""101"", ""addr:source"": ""Guelph Open Data"", ""addr:street"": ""Frederick Drive"", ""addr:unit"": ""1""}"
6,Pine Ridge - Westminster Woods,node,-46891,,Frederick Drive,101,create,101 Frederick Drive,2,,yes,yes,,43.5154,-80.17414,"{""addr:city"": ""Guelph"", ""addr:housenumber"": ""101"", ""addr:source"": ""Guelph Open Data"", ""addr:street"": ""Frederick Drive"", ""addr:unit"": ""2""}"
6,Pine Ridge - Westminster Woods,node,-46892,,Frederick Drive,101,create,101 Frederick Drive,3,,yes,yes,,43.51536,-80.17409,"{""addr:city"": ""Guelph"", ""addr:housenumber"": ""101"", ""addr:source"": ""Guelph Open Data"", ""addr:street"": ""Frederick Drive"", ""addr:unit"": ""3""}"
6,Pine Ridge - Westminster Woods,node,-46893,,Frederick Drive,101,create,101 Frederick Drive,4,,yes,yes,,43.51532,-80.17402,"{""addr:city"": ""Guelph"", ""addr:housenumber"": ""101"", ""addr:source"": ""Guelph Open Data"", ""addr:street"": ""Frederick Drive"", ""addr:unit"": ""4""}"
6,Pine Ridge - Westminster Woods,node,-46894,,Frederick Drive,101,create,101 Frederick Drive,5,,yes,yes,,43.51527,-80.17415,"{""addr:city"": ""Guelph"", ""addr:housenumber"": ""101"", ""addr:source"": ""Guelph Open Data"", ""addr:street"": ""Frederick Drive"", ""addr:unit"": ""5""}"
6,Pine Ridge - Westminster Woods,node,-46895,,Frederick Drive,101,create,101 Frederick Drive,6,,yes,yes,,43.51521,-80.17418,"{""addr:city"": ""Guelph"", ""addr:housenumber"": ""101"", ""addr:source"": ""Guelph Open Data"", ""addr:street"": ""Frederick Drive"", ""addr:unit"": ""6""}"
6,Pine Ridge - Westminster Woods,node,-46896,,Frederick Drive,101,create,101 Frederick Drive,7,,yes,yes,,43.5152,-80.17427,"{""addr:city"": ""Guelph"", ""addr:housenumber"": ""101"", ""addr:source"": ""Guelph Open Data"", ""addr:street"": ""Frederick Drive"", ""addr:unit"": ""7""}"
6,Pine Ridge - Westminster Woods,node,-46897,,Frederick Drive,101,create,101 Frederick Drive,8,,yes,yes,,43.51524,-80.17432,"{""addr:city"": ""Guelph"", ""addr:housenumber"": ""101"", ""addr:source"": ""Guelph Open Data"", ""addr:street"": ""Frederick Drive"", ""addr:unit"": ""8""}"
6,Pine Ridge - Westminster Woods,node,-46898,,Frederick Drive,101,create,101 Frederick Drive,9,,yes,yes,,43.51521,-80.17437,"{""addr:city"": ""Guelph"", ""addr:housenumber"": ""101"", ""addr:source"": ""Guelph Open Data"", ""addr:street"": ""Frederick Drive"", ""addr:unit"": ""9""}"
6,Pine Ridge - Westminster Woods,node,-46899,,Frederick Drive,101,create,101 Frederick Drive,10,,yes,yes,,43.51517,-80.1743,"{""addr:city"": ""Guelph"", ""addr:housenumber"": ""101"", ""addr:source"": ""Guelph Open Data"", ""addr:street"": ""Frederick Drive"", ""addr:unit"": ""10""}"
6,Pine Ridge - Westminster Woods,node,-46900,,Frederick Drive,101,create,101 Frederick Drive,11,,yes,yes,,43.51511,-80.17432,"{""addr:city"": ""Guelph"", ""addr:housenumber"": ""101"", ""addr:source"": ""Guelph Open Data"", ""addr:street"": ""Frederick Drive"", ""addr:unit"": ""11""}"
6,Pine Ridge - Westminster Woods,node,-46901,,Frederick Drive,101,create,101 Frederick Drive,12,,yes,yes,,43.51509,-80.1744,"{""addr:city"": ""Guelph"", ""addr:housenumber"": ""101"", ""addr:source"": ""Guelph Open Data"", ""addr:street"": ""Frederick Drive"", ""addr:unit"": ""12""}"
6,Pine Ridge - Westminster Woods,node,-46902,,Frederick Drive,101,create,101 Frederick Drive,13,,yes,yes,,43.51501,-80.17444,"{""addr:city"": ""Guelph"", ""addr:housenumber"": ""101"", ""addr:source"": ""Guelph Open Data"", ""addr:street"": ""Frederick Drive"", ""addr:unit"": ""13""}"
6,Pine Ridge - Westminster Woods,node,-46903,,Frederick Drive,101,create,101 Frederick Drive,14,,yes,yes,,43.51504,-80.17453,"{""addr:city"": ""Guelph"", ""addr:housenumber"": ""101"", ""addr:source"": ""Guelph Open Data"", ""addr:street"": ""Frederick Drive"", ""addr:unit"": ""14""}"
6,Pine Ridge - Westminster Woods,node,-46904,,Frederick Drive,101,create,101 Frederick Drive,15,,yes,yes,,43.51508,-80.17458,"{""addr:city"": ""Guelph"", ""addr:housenumber"": ""101"", ""addr:source"": ""Guelph Open Data"", ""addr:street"": ""Frederick Drive"", ""addr:unit"": ""15""}"
6,Pine Ridge - Westminster Woods,node,-46905,,Frederick Drive,101,create,101 Frederick Drive,16,,yes,yes,,43.51515,-80.17455,"{""addr:city"": ""Guelph"", ""addr:housenumber"": ""101"", ""addr:source"": ""Guelph Open Data"", ""addr:street"": ""Frederick Drive"", ""addr:unit"": ""16""}"
6,Pine Ridge - Westminster Woods,way,950227736,4,Frederick Drive,65,modify,65 Frederick Drive,,1-6,,,,,,
6,Pine Ridge - Westminster Woods,node,-46882,,Frederick Drive,65,create,65 Frederick Drive,1,,yes,yes,,43.5148,-80.17498,"{""addr:city"": ""Guelph"", ""addr:housenumber"": ""65"", ""addr:source"": ""Guelph Open Data"", ""addr:street"": ""Frederick Drive"", ""addr:unit"": ""1""}"
6,Pine Ridge - Westminster Woods,node,-46883,,Frederick Drive,65,create,65 Frederick Drive,2,,yes,yes,,43.51476,-80.17483,"{""addr:city"": ""Guelph"", ""addr:housenumber"": ""65"", ""addr:source"": ""Guelph Open Data"", ""addr:street"": ""Frederick Drive"", ""addr:unit"": ""2""}"
6,Pine Ridge - Westminster Woods,node,-46884,,Frederick Drive,65,create,65 Frederick Drive,3,,yes,yes,,43.51475,-80.17492,"{""addr:city"": ""Guelph"", ""addr:housenumber"": ""65"", ""addr:source"": ""Guelph Open Data"", ""addr:street"": ""Frederick Drive"", ""addr:unit"": ""3""}"
6,Pine Ridge - Westminster Woods,node,-46885,,Frederick Drive,65,create,65 Frederick Drive,4,,yes,yes,,43.51473,-80.17496,"{""addr:city"": ""Guelph"", ""addr:housenumber"": ""65"", ""addr:source"": ""Guelph Open Data"", ""addr:street"": ""Frederick Drive"", ""addr:unit"": ""4""}"
6,Pine Ridge - Westminster Woods,node,-46886,,Frederick Drive,65,create,65 Frederick Drive,5,,yes,yes,,43.51465,-80.17497,"{""addr:city"": ""Guelph"", ""addr:housenumber"": ""65"", ""addr:source"": ""Guelph Open Data"", ""addr:street"": ""Frederick Drive"", ""addr:unit"": ""5""}"
6,Pine Ridge - Westminster Woods,node,-46887,,Frederick Drive,65,create,65 Frederick Drive,6,,yes,yes,,43.51477,-80.17502,"{""addr:city"": ""Guelph"", ""addr:housenumber"": ""65"", ""addr:source"": ""Guelph Open Data"", ""addr:street"": ""Frederick Drive"", ""addr:unit"": ""6""}"
6,Pine Ridge - Westminster Woods,way,949555552,3,Goodwin Drive,161,modify,161 Goodwin Drive,,B,,,,,,
6,Pine Ridge - Westminster Woods,node,-57106,,Goodwin Drive,161,create,161 Goodwin Drive,B,,yes,yes,,43.51054,-80.17836,"{""addr:city"": ""Guelph"", ""addr:housenumber"": ""161"", ""addr:source"": ""Guelph Open Data"", ""addr:street"": ""Goodwin Drive"", ""addr:unit"": ""B""}"
7,St. Georges Parkway,way,208488067,5,Eramosa Road,265,modify,265 Eramosa Road,,1-4,,,,,,
7,St. Georges Parkway,node,-54018,,Eramosa Road,265,create,265 Eramosa Road,1,,yes,yes,,43.55735,-80.24845,"{""addr:city"": ""Guelph"", ""addr:housenumber"": ""265"", ""addr:source"": ""Guelph Open Data"", ""addr:street"": ""Eramosa Road"", ""addr:unit"": ""1""}"
7,St. Georges Parkway,node,-54019,,Eramosa Road,265,create,265 Eramosa Road,2,,yes,yes,,43.55719,-80.24852,"{""addr:city"": ""Guelph"", ""addr:housenumber"": ""265"", ""addr:source"": ""Guelph Open Data"", ""addr:street"": ""Eramosa Road"", ""addr:unit"": ""2""}"
7,St. Georges Parkway,node,-54021,,Eramosa Road,265,create,265 Eramosa Road,3,,yes,yes,,43.55709,-80.24856,"{""addr:city"": ""Guelph"", ""addr:housenumber"": ""265"", ""addr:source"": ""Guelph Open Data"", ""addr:street"": ""Eramosa Road"", ""addr:unit"": ""3""}"
7,St. Georges Parkway,node,-54020,,Eramosa Road,265,create,265 Eramosa Road,4,,yes,yes,,43.55698,-80.24861,"{""addr:city"": ""Guelph"", ""addr:housenumber"": ""265"", ""addr:source"": ""Guelph Open Data"", ""addr:street"": ""Eramosa Road"", ""addr:unit"": ""4""}"
7,St. Georges Parkway,way,240744882,7,Eramosa Road,297,modify,297 Eramosa Road,,1-2,,,,,,
7,St. Georges Parkway,node,-21586,,Eramosa Road,297,create,297 Eramosa Road,1,,yes,yes,,43.55843,-80.24796,"{""addr:city"": ""Guelph"", ""addr:housenumber"": ""297"", ""addr:source"": ""Guelph Open Data"", ""addr:street"": ""Eramosa Road"", ""addr:unit"": ""1""}"
7,St. Georges Parkway,node,-47691,,Eramosa Road,297,create,297 Eramosa Road,2,,yes,yes,,43.55924,-80.24778,"{""addr:city"": ""Guelph"", ""addr:housenumber"": ""297"", ""addr:source"": ""Guelph Open Data"", ""addr:street"": ""Eramosa Road"", ""addr:unit"": ""2""}"
7,St. Georges Parkway,way,803260905,3,Ottawa Crescent,37,modify,37 Ottawa Crescent,,B,,,,,,
7,St. Georges Parkway,node,-56806,,Ottawa Crescent,37,create,37 Ottawa Crescent,B,,yes,no,,43.56076,-80.24173,"{""addr:city"": ""Guelph"", ""addr:housenumber"": ""37"", ""addr:source"": ""Guelph Open Data"", ""addr:street"": ""Ottawa Crescent"", ""addr:unit"": ""B""}"
7,St. Georges Parkway,way,929589622,7,Stuart Street,10,modify,10 Stuart Street,,1-10,,,,,,
7,St. Georges Parkway,node,-22850,,Stuart Street,10,create,10 Stuart Street,1,,yes,yes,,43.55027,-80.24437,"{""addr:city"": ""Guelph"", ""addr:housenumber"": ""10"", ""addr:source"": ""Guelph Open Data"", ""addr:street"": ""Stuart Street"", ""addr:unit"": ""1""}"
7,St. Georges Parkway,node,-12530,,Stuart Street,10,create,10 Stuart Street,2,,yes,yes,,43.55024,-80.24441,"{""addr:city"": ""Guelph"", ""addr:housenumber"": ""10"", ""addr:source"": ""Guelph Open Data"", ""addr:street"": ""Stuart Street"", ""addr:unit"": ""2""}"
7,St. Georges Parkway,node,-25030,,Stuart Street,10,create,10 Stuart Street,3,,yes,yes,,43.55021,-80.24446,"{""addr:city"": ""Guelph"", ""addr:housenumber"": ""10"", ""addr:source"": ""Guelph Open Data"", ""addr:street"": ""Stuart Street"", ""addr:unit"": ""3""}"
7,St. Georges Parkway,node,-25577,,Stuart Street,10,create,10 Stuart Street,4,,yes,yes,,43.55018,-80.24453,"{""addr:city"": ""Guelph"", ""addr:housenumber"": ""10"", ""addr:source"": ""Guelph Open Data"", ""addr:street"": ""Stuart Street"", ""addr:unit"": ""4""}"
7,St. Georges Parkway,node,-44232,,Stuart Street,10,create,10 Stuart Street,5,,yes,yes,,43.55016,-80.24462,"{""addr:city"": ""Guelph"", ""addr:housenumber"": ""10"", ""addr:source"": ""Guelph Open Data"", ""addr:street"": ""Stuart Street"", ""addr:unit"": ""5""}"
7,St. Georges Parkway,node,-23917,,Stuart Street,10,create,10 Stuart Street,6,,yes,yes,,43.55015,-80.2447,"{""addr:city"": ""Guelph"", ""addr:housenumber"": ""10"", ""addr:source"": ""Guelph Open Data"", ""addr:street"": ""Stuart Street"", ""addr:unit"": ""6""}"
7,St. Georges Parkway,node,-8673,,Stuart Street,10,create,10 Stuart Street,7,,yes,yes,,43.55016,-80.24478,"{""addr:city"": ""Guelph"", ""addr:housenumber"": ""10"", ""addr:source"": ""Guelph Open Data"", ""addr:street"": ""Stuart Street"", ""addr:unit"": ""7""}"
7,St. Georges Parkway,node,-38726,,Stuart Street,10,create,10 Stuart Street,8,,yes,yes,,43.5502,-80.24485,"{""addr:city"": ""Guelph"", ""addr:housenumber"": ""10"", ""addr:source"": ""Guelph Open Data"", ""addr:street"": ""Stuart Street"", ""addr:unit"": ""8""}"
7,St. Georges Parkway,node,-19800,,Stuart Street,10,create,10 Stuart Street,9,,yes,yes,,43.55025,-80.24491,"{""addr:city"": ""Guelph"", ""addr:housenumber"": ""10"", ""addr:source"": ""Guelph Open Data"", ""addr:street"": ""Stuart Street"", ""addr:unit"": ""9""}"
7,St. Georges Parkway,node,-4103,,Stuart Street,10,create,10 Stuart Street,10,,yes,yes,,43.5503,-80.24496,"{""addr:city"": ""Guelph"", ""addr:housenumber"": ""10"", ""addr:source"": ""Guelph Open Data"", ""addr:street"": ""Stuart Street"", ""addr:unit"": ""10""}"
8,Waverley,way,761343575,4,Country Club Drive,120,modify,120 Country Club Drive,,11-12;14-33,,,,,,
8,Waverley,node,-13625,,Country Club Drive,120,create,120 Country Club Drive,1,,yes,yes,,43.57231,-80.26865,"{""addr:city"": ""Guelph"", ""addr:housenumber"": ""120"", ""addr:source"": ""Guelph Open Data"", ""addr:street"": ""Country Club Drive"", ""addr:unit"": ""1""}"
8,Waverley,node,-18556,,Country Club Drive,120,create,120 Country Club Drive,2,,yes,yes,,43.57237,-80.26873,"{""addr:city"": ""Guelph"", ""addr:housenumber"": ""120"", ""addr:source"": ""Guelph Open Data"", ""addr:street"": ""Country Club Drive"", ""addr:unit"": ""2""}"
8,Waverley,node,-6331,,Country Club Drive,120,create,120 Country Club Drive,3,,yes,yes,,43.57233,-80.26878,"{""addr:city"": ""Guelph"", ""addr:housenumber"": ""120"", ""addr:source"": ""Guelph Open Data"", ""addr:street"": ""Country Club Drive"", ""addr:unit"": ""3""}"
8,Waverley,node,-37495,,Country Club Drive,120,create,120 Country Club Drive,4,,yes,yes,,43.57227,-80.26869,"{""addr:city"": ""Guelph"", ""addr:housenumber"": ""120"", ""addr:source"": ""Guelph Open Data"", ""addr:street"": ""Country Club Drive"", ""addr:unit"": ""4""}"
8,Waverley,node,-45333,,Country Club Drive,120,create,120 Country Club Drive,5,,yes,yes,,43.57222,-80.26874,"{""addr:city"": ""Guelph"", ""addr:housenumber"": ""120"", ""addr:source"": ""Guelph Open Data"", ""addr:street"": ""Country Club Drive"", ""addr:unit"": ""5""}"
8,Waverley,node,-12132,,Country Club Drive,120,create,120 Country Club Drive,6,,yes,yes,,43.57218,-80.26879,"{""addr:city"": ""Guelph"", ""addr:housenumber"": ""120"", ""addr:source"": ""Guelph Open Data"", ""addr:street"": ""Country Club Drive"", ""addr:unit"": ""6""}"
8,Waverley,node,-44511,,Country Club Drive,120,create,120 Country Club Drive,7,,yes,yes,,43.57215,-80.26886,"{""addr:city"": ""Guelph"", ""addr:housenumber"": ""120"", ""addr:source"": ""Guelph Open Data"", ""addr:street"": ""Country Club Drive"", ""addr:unit"": ""7""}"
8,Waverley,node,-18937,,Country Club Drive,120,create,120 Country Club Drive,8,,yes,yes,,43.57221,-80.26895,"{""addr:city"": ""Guelph"", ""addr:housenumber"": ""120"", ""addr:source"": ""Guelph Open Data"", ""addr:street"": ""Country Club Drive"", ""addr:unit"": ""8""}"
8,Waverley,node,-46170,,Country Club Drive,120,create,120 Country Club Drive,9,,yes,yes,,43.57217,-80.26899,"{""addr:city"": ""Guelph"", ""addr:housenumber"": ""120"", ""addr:source"": ""Guelph Open Data"", ""addr:street"": ""Country Club Drive"", ""addr:unit"": ""9""}"
8,Waverley,node,-2601,,Country Club Drive,120,create,120 Country Club Drive,10,,yes,yes,,43.57211,-80.26891,"{""addr:city"": ""Guelph"", ""addr:housenumber"": ""120"", ""addr:source"": ""Guelph Open Data"", ""addr:street"": ""Country Club Drive"", ""addr:unit"": ""10""}"
8,Waverley,node,-10856,,Country Club Drive,120,create,120 Country Club Drive,11,,yes,yes,,43.5722,-80.26809,"{""addr:city"": ""Guelph"", ""addr:housenumber"": ""120"", ""addr:source"": ""Guelph Open Data"", ""addr:street"": ""Country Club Drive"", ""addr:unit"": ""11""}"
8,Waverley,node,-46101,,Country Club Drive,120,create,120 Country Club Drive,12,,yes,yes,,43.57225,-80.26817,"{""addr:city"": ""Guelph"", ""addr:housenumber"": ""120"", ""addr:source"": ""Guelph Open Data"", ""addr:street"": ""Country Club Drive"", ""addr:unit"": ""12""}"
8,Waverley,node,-44653,,Country Club Drive,120,create,120 Country Club Drive,14,,yes,yes,,43.57221,-80.26821,"{""addr:city"": ""Guelph"", ""addr:housenumber"": ""120"", ""addr:source"": ""Guelph Open Data"", ""addr:street"": ""Country Club Drive"", ""addr:unit"": ""14""}"
8,Waverley,node,-3983,,Country Club Drive,120,create,120 Country Club Drive,15,,yes,yes,,43.57216,-80.26814,"{""addr:city"": ""Guelph"", ""addr:housenumber"": ""120"", ""addr:source"": ""Guelph Open Data"", ""addr:street"": ""Country Club Drive"", ""addr:unit"": ""15""}"
8,Waverley,node,-25419,,Country Club Drive,120,create,120 Country Club Drive,16,,yes,yes,,43.5721,-80.26818,"{""addr:city"": ""Guelph"", ""addr:housenumber"": ""120"", ""addr:source"": ""Guelph Open Data"", ""addr:street"": ""Country Club Drive"", ""addr:unit"": ""16""}"
8,Waverley,node,-42153,,Country Club Drive,120,create,120 Country Club Drive,17,,yes,yes,,43.57206,-80.26823,"{""addr:city"": ""Guelph"", ""addr:housenumber"": ""120"", ""addr:source"": ""Guelph Open Data"", ""addr:street"": ""Country Club Drive"", ""addr:unit"": ""17""}"
8,Waverley,node,-23429,,Country Club Drive,120,create,120 Country Club Drive,18,,yes,yes,,43.57203,-80.26831,"{""addr:city"": ""Guelph"", ""addr:housenumber"": ""120"", ""addr:source"": ""Guelph Open Data"", ""addr:street"": ""Country Club Drive"", ""addr:unit"": ""18""}"
8,Waverley,node,-18737,,Country Club Drive,120,create,120 Country Club Drive,19,,yes,yes,,43.57209,-80.26839,"{""addr:city"": ""Guelph"", ""addr:housenumber"": ""120"", ""addr:source"": ""Guelph Open Data"", ""addr:street"": ""Country Club Drive"", ""addr:unit"": ""19""}"
8,Waverley,node,-46040,,Country Club Drive,120,create,120 Country Club Drive,20,,yes,yes,,43.57205,-80.26844,"{""addr:city"": ""Guelph"", ""addr:housenumber"": ""120"", ""addr:source"": ""Guelph Open Data"", ""addr:street"": ""Country Club Drive"", ""addr:unit"": ""20""}"
8,Waverley,node,-32298,,Country Club Drive,120,create,120 Country Club Drive,21,,yes,yes,,43.572,-80.26837,"{""addr:city"": ""Guelph"", ""addr:housenumber"": ""120"", ""addr:source"": ""Guelph Open Data"", ""addr:street"": ""Country Club Drive"", ""addr:unit"": ""21""}"
8,Waverley,node,-16496,,Country Club Drive,120,create,120 Country Club Drive,22,,yes,yes,,43.57194,-80.2684,"{""addr:city"": ""Guelph"", ""addr:housenumber"": ""120"", ""addr:source"": ""Guelph Open Data"", ""addr:street"": ""Country Club Drive"", ""addr:unit"": ""22""}"
8,Waverley,node,-6926,,Country Club Drive,120,create,120 Country Club Drive,23,,yes,yes,,43.5719,-80.26846,"{""addr:city"": ""Guelph"", ""addr:housenumber"": ""120"", ""addr:source"": ""Guelph Open Data"", ""addr:street"": ""Country Club Drive"", ""addr:unit"": ""23""}"
8,Waverley,node,-32910,,Country Club Drive,120,create,120 Country Club Drive,24,,yes,yes,,43.57187,-80.26853,"{""addr:city"": ""Guelph"", ""addr:housenumber"": ""120"", ""addr:source"": ""Guelph Open Data"", ""addr:street"": ""Country Club Drive"", ""addr:unit"": ""24""}"
8,Waverley,node,-44987,,Country Club Drive,120,create,120 Country Club Drive,25,,yes,yes,,43.57193,-80.26861,"{""addr:city"": ""Guelph"", ""addr:housenumber"": ""120"", ""addr:source"": ""Guelph Open Data"", ""addr:street"": ""Country Club Drive"", ""addr:unit"": ""25""}"
8,Waverley,node,-20748,,Country Club Drive,120,create,120 Country Club Drive,26,,yes,yes,,43.57189,-80.26867,"{""addr:city"": ""Guelph"", ""addr:housenumber"": ""120"", ""addr:source"": ""Guelph Open Data"", ""addr:street"": ""Country Club Drive"", ""addr:unit"": ""26""}"
8,Waverley,node,-26470,,Country Club Drive,120,create,120 Country Club Drive,27,,yes,yes,,43.57184,-80.26858,"{""addr:city"": ""Guelph"", ""addr:housenumber"": ""120"", ""addr:source"": ""Guelph Open Data"", ""addr:street"": ""Country Club Drive"", ""addr:unit"": ""27""}"
8,Waverley,node,-39229,,Country Club Drive,120,create,120 Country Club Drive,28,,yes,yes,,43.57178,-80.26862,"{""addr:city"": ""Guelph"", ""addr:housenumber"": ""120"", ""addr:source"": ""Guelph Open Data"", ""addr:street"": ""Country Club Drive"", ""addr:unit"": ""28""}"
8,Waverley,node,-44906,,Country Club Drive,120,create,120 Country Club Drive,29,,yes,yes,,43.57174,-80.26867,"{""addr:city"": ""Guelph"", ""addr:housenumber"": ""120"", ""addr:source"": ""Guelph Open Data"", ""addr:street"": ""Country Club Drive"", ""addr:unit"": ""29""}"
8,Waverley,node,-34246,,Country Club Drive,120,create,120 Country Club Drive,30,,yes,yes,,43.57171,-80.26875,"{""addr:city"": ""Guelph"", ""addr:housenumber"": ""120"", ""addr:source"": ""Guelph Open Data"", ""addr:street"": ""Country Club Drive"", ""addr:unit"": ""30""}"
8,Waverley,node,-4935,,Country Club Drive,120,create,120 Country Club Drive,31,,yes,yes,,43.57177,-80.26883,"{""addr:city"": ""Guelph"", ""addr:housenumber"": ""120"", ""addr:source"": ""Guelph Open Data"", ""addr:street"": ""Country Club Drive"", ""addr:unit"": ""31""}"
8,Waverley,node,-9719,,Country Club Drive,120,create,120 Country Club Drive,32,,yes,yes,,43.57173,-80.26888,"{""addr:city"": ""Guelph"", ""addr:housenumber"": ""120"", ""addr:source"": ""Guelph Open Data"", ""addr:street"": ""Country Club Drive"", ""addr:unit"": ""32""}"
8,Waverley,node,-9222,,Country Club Drive,120,create,120 Country Club Drive,33,,yes,yes,,43.57168,-80.2688,"{""addr:city"": ""Guelph"", ""addr:housenumber"": ""120"", ""addr:source"": ""Guelph Open Data"", ""addr:street"": ""Country Club Drive"", ""addr:unit"": ""33""}"
8,Waverley,node,-35337,,Country Club Drive,120,create,120 Country Club Drive,58,,yes,yes,,43.57247,-80.26943,"{""addr:city"": ""Guelph"", ""addr:housenumber"": ""120"", ""addr:source"": ""Guelph Open Data"", ""addr:street"": ""Country Club Drive"", ""addr:unit"": ""58""}"
8,Waverley,node,-40453,,Country Club Drive,120,create,120 Country Club Drive,59,,yes,yes,,43.57242,-80.26935,"{""addr:city"": ""Guelph"", ""addr:housenumber"": ""120"", ""addr:source"": ""Guelph Open Data"", ""addr:street"": ""Country Club Drive"", ""addr:unit"": ""59""}"
8,Waverley,node,-15597,,Country Club Drive,120,create,120 Country Club Drive,60,,yes,yes,,43.57246,-80.26929,"{""addr:city"": ""Guelph"", ""addr:housenumber"": ""120"", ""addr:source"": ""Guelph Open Data"", ""addr:street"": ""Country Club Drive"", ""addr:unit"": ""60""}"
8,Waverley,node,-16416,,Country Club Drive,120,create,120 Country Club Drive,61,,yes,yes,,43.57251,-80.26937,"{""addr:city"": ""Guelph"", ""addr:housenumber"": ""120"", ""addr:source"": ""Guelph Open Data"", ""addr:street"": ""Country Club Drive"", ""addr:unit"": ""61""}"
8,Waverley,way,761343576,4,Country Club Drive,120,modify,120 Country Club Drive,,1-10,,,,,,
8,Waverley,way,761343584,4,Country Club Drive,120,modify,120 Country Club Drive,,58-61,,,,,,
8,Waverley,way,803281467,6,Woodlawn Road East,100,modify,100 Woodlawn Road East,,5-6,,,,,,
8,Waverley,node,-26356,,Woodlawn Road East,100,create,100 Woodlawn Road East,1,,yes,no,,43.57132,-80.26974,"{""addr:city"": ""Guelph"", ""addr:housenumber"": ""100"", ""addr:source"": ""Guelph Open Data"", ""addr:street"": ""Woodlawn Road East"", ""addr:unit"": ""1""}"
8,Waverley,node,-10034,,Woodlawn Road East,100,create,100 Woodlawn Road East,2,,yes,yes,,43.57124,-80.26961,"{""addr:city"": ""Guelph"", ""addr:housenumber"": ""100"", ""addr:source"": ""Guelph Open Data"", ""addr:street"": ""Woodlawn Road East"", ""addr:unit"": ""2""}"
8,Waverley,node,-33584,,Woodlawn Road East,100,create,100 Woodlawn Road East,3,,yes,yes,,43.57117,-80.2697,"{""addr:city"": ""Guelph"", ""addr:housenumber"": ""100"", ""addr:source"": ""Guelph Open Data"", ""addr:street"": ""Woodlawn Road East"", ""addr:unit"": ""3""}"
8,Waverley,node,-35020,,Woodlawn Road East,100,create,100 Woodlawn Road East,4,,yes,yes,,43.57126,-80.2698,"{""addr:city"": ""Guelph"", ""addr:housenumber"": ""100"", ""addr:source"": ""Guelph Open Data"", ""addr:street"": ""Woodlawn Road East"", ""addr:unit"": ""4""}"
8,Waverley,node,-4430,,Woodlawn Road East,100,create,100 Woodlawn Road East,5,,yes,yes,,43.57118,-80.26992,"{""addr:city"": ""Guelph"", ""addr:housenumber"": ""100"", ""addr:source"": ""Guelph Open Data"", ""addr:street"": ""Woodlawn Road East"", ""addr:unit"": ""5""}"
8,Waverley,node,-30729,,Woodlawn Road East,100,create,100 Woodlawn Road East,6,,yes,yes,,43.57109,-80.2698,"{""addr:city"": ""Guelph"", ""addr:housenumber"": ""100"", ""addr:source"": ""Guelph Open Data"", ""addr:street"": ""Woodlawn Road East"", ""addr:unit"": ""6""}"
8,Waverley,node,-16539,,Woodlawn Road East,100,create,100 Woodlawn Road East,7,,yes,yes,,43.57104,-80.26987,"{""addr:city"": ""Guelph"", ""addr:housenumber"": ""100"", ""addr:source"": ""Guelph Open Data"", ""addr:street"": ""Woodlawn Road East"", ""addr:unit"": ""7""}"
8,Waverley,node,-44319,,Woodlawn Road East,100,create,100 Woodlawn Road East,8,,yes,yes,,43.57112,-80.26999,"{""addr:city"": ""Guelph"", ""addr:housenumber"": ""100"", ""addr:source"": ""Guelph Open Data"", ""addr:street"": ""Woodlawn Road East"", ""addr:unit"": ""8""}"
8,Waverley,way,803281468,6,Woodlawn Road East,100,modify,100 Woodlawn Road East,,1-2,,,,,,
8,Waverley,way,954036919,4,Woodlawn Road East,100,modify,100 Woodlawn Road East,,3-4,,,,,,
8,Waverley,way,954036924,4,Woodlawn Road East,100,modify,100 Woodlawn Road East,,7-8,,,,,,
8,Waverley,,,,Country Club Drive,120,skip-existing,120 Country Club Drive,34,,no,no,way/954050315,43.5718,-80.2691,
8,Waverley,,,,Country Club Drive,120,skip-existing,120 Country Club Drive,35,,no,no,way/954050314,43.57184,-80.26915,
8,Waverley,,,,Country Club Drive,120,skip-existing,120 Country Club Drive,36,,no,no,way/954050313,43.57188,-80.26921,
8,Waverley,,,,Country Club Drive,120,skip-existing,120 Country Club Drive,37,,no,no,way/954050312,43.57192,-80.26926,
8,Waverley,,,,Country Club Drive,120,skip-existing,120 Country Club Drive,38,,no,no,way/954050311,43.57196,-80.26931,
8,Waverley,,,,Country Club Drive,120,skip-existing,120 Country Club Drive,39,,no,no,way/954050310,43.57202,-80.2694,
8,Waverley,,,,Country Club Drive,120,skip-existing,120 Country Club Drive,40,,no,no,way/954050309,43.57206,-80.26946,
8,Waverley,,,,Country Club Drive,120,skip-existing,120 Country Club Drive,41,,no,no,way/954050308,43.57211,-80.26952,
8,Waverley,,,,Country Club Drive,120,skip-existing,120 Country Club Drive,42,,no,no,way/954050307,43.57214,-80.26958,
8,Waverley,,,,Country Club Drive,120,skip-existing,120 Country Club Drive,43,,no,no,way/954050306,43.57218,-80.26962,
8,Waverley,,,,Country Club Drive,120,skip-existing,120 Country Club Drive,44,,no,no,way/761343579,43.57225,-80.26971,
8,Waverley,,,,Country Club Drive,120,skip-existing,120 Country Club Drive,45,,no,no,way/954050302,43.5723,-80.26978,
8,Waverley,,,,Country Club Drive,120,skip-existing,120 Country Club Drive,46,,no,no,way/954050304,43.57234,-80.26983,
8,Waverley,,,,Country Club Drive,120,skip-existing,120 Country Club Drive,47,,no,no,way/954050303,43.57237,-80.26989,
8,Waverley,,,,Country Club Drive,120,skip-existing,120 Country Club Drive,48,,no,no,way/954050305,43.57241,-80.26994,
8,Waverley,,,,Country Club Drive,120,skip-existing,120 Country Club Drive,49,,no,no,way/954050300,43.57248,-80.27001,
8,Waverley,,,,Country Club Drive,120,skip-existing,120 Country Club Drive,50,,no,no,way/954050299,43.57252,-80.27007,
8,Waverley,,,,Country Club Drive,120,skip-existing,120 Country Club Drive,51,,no,no,way/954050298,43.57258,-80.27011,
8,Waverley,,,,Country Club Drive,120,skip-existing,120 Country Club Drive,52,,no,no,way/761343580,43.57262,-80.27016,
8,Waverley,,,,Country Club Drive,120,skip-existing,120 Country Club Drive,53,,no,no,way/1436028280,43.57276,-80.27004,
8,Waverley,,,,Country Club Drive,120,skip-existing,120 Country Club Drive,54,,no,no,way/1436028281,43.5727,-80.26996,
8,Waverley,,,,Country Club Drive,120,skip-existing,120 Country Club Drive,55,,no,no,way/1436028275,43.57275,-80.26989,
8,Waverley,,,,Country Club Drive,120,skip-existing,120 Country Club Drive,56,,no,no,way/761343582,43.57277,-80.26983,
8,Waverley,,,,Country Club Drive,120,skip-existing,120 Country Club Drive,57,,no,no,way/1436028276,43.57271,-80.26974,
8,Waverley,,,,Country Club Drive,120,skip-existing,120 Country Club Drive,62,,no,no,way/1436028277,43.57276,-80.26968,
8,Waverley,,,,Country Club Drive,120,skip-existing,120 Country Club Drive,63,,no,no,way/1436028279,43.57278,-80.26961,
8,Waverley,,,,Country Club Drive,120,skip-existing,120 Country Club Drive,64,,no,no,way/1436028278,43.57273,-80.26953,
8,Waverley,,,,Country Club Drive,120,skip-existing,120 Country Club Drive,65,,no,no,way/1436028282,43.57278,-80.26945,
8,Waverley,,,,Country Club Drive,120,skip-existing,120 Country Club Drive,66,,no,no,way/1436028286,43.57273,-80.26936,
8,Waverley,,,,Country Club Drive,120,skip-existing,120 Country Club Drive,67,,no,no,way/1436028283,43.57277,-80.26929,
8,Waverley,,,,Country Club Drive,120,skip-existing,120 Country Club Drive,68,,no,no,way/761343583,43.57281,-80.26925,
8,Waverley,,,,Country Club Drive,120,skip-existing,120 Country Club Drive,69,,no,no,way/1436028285,43.57282,-80.26915,
8,Waverley,,,,Country Club Drive,120,skip-existing,120 Country Club Drive,70,,no,no,way/1436028287,43.57286,-80.2691,
8,Waverley,,,,Country Club Drive,120,skip-existing,120 Country Club Drive,71,,no,no,way/1436028284,43.5729,-80.26905,
8,Waverley,,,,Country Club Drive,120,skip-existing,120 Country Club Drive,72,,no,no,way/1436028288,43.5726,-80.26898,
8,Waverley,,,,Country Club Drive,120,skip-existing,120 Country Club Drive,73,,no,no,way/1436028289,43.57256,-80.26904,
8,Waverley,,,,Country Club Drive,120,skip-existing,120 Country Club Drive,74,,no,no,way/1436028290,43.57252,-80.2691,
8,Waverley,,,,Country Club Drive,120,skip-existing,120 Country Club Drive,75,,no,no,way/761343585,43.57248,-80.26915,
9,Kortright Hills,way,1450184510,2,Downey Road,146,modify,146 Downey Road,,24A;24B,,,,,,
9,Kortright Hills,way,1450184516,2,Downey Road,146,modify,146 Downey Road,,17A;17B,,,,,,
9,Kortright Hills,way,1450184517,3,Downey Road,146,modify,146 Downey Road,,18A;18B,,,,,,
9,Kortright Hills,way,1450184675,2,Downey Road,146,modify,146 Downey Road,,20A;20B,,,,,,
9,Kortright Hills,way,1450184676,2,Downey Road,146,modify,146 Downey Road,,19A;19B,,,,,,
9,Kortright Hills,way,1450184680,2,Downey Road,146,modify,146 Downey Road,,22A;22B,,,,,,
9,Kortright Hills,way,1450184684,2,Downey Road,146,modify,146 Downey Road,,21A;21B,,,,,,
9,Kortright Hills,way,802839119,4,Downey Road,146,modify,146 Downey Road,,23A;23B,,,,,,
9,Kortright Hills,node,-47386,,Downey Road,146,create,146 Downey Road,17A,,yes,yes,,43.49865,-80.23202,"{""addr:city"": ""Guelph"", ""addr:housenumber"": ""146"", ""addr:source"": ""Guelph Open Data"", ""addr:street"": ""Downey Road"", ""addr:unit"": ""17A""}"
9,Kortright Hills,node,-47387,,Downey Road,146,create,146 Downey Road,17B,,yes,yes,,43.49863,-80.23201,"{""addr:city"": ""Guelph"", ""addr:housenumber"": ""146"", ""addr:source"": ""Guelph Open Data"", ""addr:street"": ""Downey Road"", ""addr:unit"": ""17B""}"
9,Kortright Hills,node,-47388,,Downey Road,146,create,146 Downey Road,18A,,yes,yes,,43.4986,-80.232,"{""addr:city"": ""Guelph"", ""addr:housenumber"": ""146"", ""addr:source"": ""Guelph Open Data"", ""addr:street"": ""Downey Road"", ""addr:unit"": ""18A""}"
9,Kortright Hills,node,-47389,,Downey Road,146,create,146 Downey Road,18B,,yes,yes,,43.49857,-80.23199,"{""addr:city"": ""Guelph"", ""addr:housenumber"": ""146"", ""addr:source"": ""Guelph Open Data"", ""addr:street"": ""Downey Road"", ""addr:unit"": ""18B""}"
9,Kortright Hills,node,-47390,,Downey Road,146,create,146 Downey Road,19A,,yes,no,,43.49853,-80.23197,"{""addr:city"": ""Guelph"", ""addr:housenumber"": ""146"", ""addr:source"": ""Guelph Open Data"", ""addr:street"": ""Downey Road"", ""addr:unit"": ""19A""}"
9,Kortright Hills,node,-47391,,Downey Road,146,create,146 Downey Road,19B,,yes,yes,,43.4985,-80.23196,"{""addr:city"": ""Guelph"", ""addr:housenumber"": ""146"", ""addr:source"": ""Guelph Open Data"", ""addr:street"": ""Downey Road"", ""addr:unit"": ""19B""}"
9,Kortright Hills,node,-47392,,Downey Road,146,create,146 Downey Road,20A,,yes,yes,,43.49847,-80.23195,"{""addr:city"": ""Guelph"", ""addr:housenumber"": ""146"", ""addr:source"": ""Guelph Open Data"", ""addr:street"": ""Downey Road"", ""addr:unit"": ""20A""}"
9,Kortright Hills,node,-47393,,Downey Road,146,create,146 Downey Road,20B,,yes,yes,,43.49843,-80.23194,"{""addr:city"": ""Guelph"", ""addr:housenumber"": ""146"", ""addr:source"": ""Guelph Open Data"", ""addr:street"": ""Downey Road"", ""addr:unit"": ""20B""}"
9,Kortright Hills,node,-47394,,Downey Road,146,create,146 Downey Road,21A,,yes,no,,43.49839,-80.23192,"{""addr:city"": ""Guelph"", ""addr:housenumber"": ""146"", ""addr:source"": ""Guelph Open Data"", ""addr:street"": ""Downey Road"", ""addr:unit"": ""21A""}"
9,Kortright Hills,node,-47395,,Downey Road,146,create,146 Downey Road,21B,,yes,no,,43.49836,-80.2319,"{""addr:city"": ""Guelph"", ""addr:housenumber"": ""146"", ""addr:source"": ""Guelph Open Data"", ""addr:street"": ""Downey Road"", ""addr:unit"": ""21B""}"
9,Kortright Hills,node,-47396,,Downey Road,146,create,146 Downey Road,22A,,yes,no,,43.49833,-80.23189,"{""addr:city"": ""Guelph"", ""addr:housenumber"": ""146"", ""addr:source"": ""Guelph Open Data"", ""addr:street"": ""Downey Road"", ""addr:unit"": ""22A""}"
9,Kortright Hills,node,-47397,,Downey Road,146,create,146 Downey Road,22B,,yes,no,,43.4983,-80.23188,"{""addr:city"": ""Guelph"", ""addr:housenumber"": ""146"", ""addr:source"": ""Guelph Open Data"", ""addr:street"": ""Downey Road"", ""addr:unit"": ""22B""}"
9,Kortright Hills,node,-47398,,Downey Road,146,create,146 Downey Road,23A,,yes,no,,43.49825,-80.23187,"{""addr:city"": ""Guelph"", ""addr:housenumber"": ""146"", ""addr:source"": ""Guelph Open Data"", ""addr:street"": ""Downey Road"", ""addr:unit"": ""23A""}"
9,Kortright Hills,node,-47399,,Downey Road,146,create,146 Downey Road,23B,,yes,no,,43.49822,-80.23186,"{""addr:city"": ""Guelph"", ""addr:housenumber"": ""146"", ""addr:source"": ""Guelph Open Data"", ""addr:street"": ""Downey Road"", ""addr:unit"": ""23B""}"
9,Kortright Hills,node,-47400,,Downey Road,146,create,146 Downey Road,24A,,yes,no,,43.4982,-80.23185,"{""addr:city"": ""Guelph"", ""addr:housenumber"": ""146"", ""addr:source"": ""Guelph Open Data"", ""addr:street"": ""Downey Road"", ""addr:unit"": ""24A""}"
9,Kortright Hills,node,-47401,,Downey Road,146,create,146 Downey Road,24B,,yes,no,,43.49817,-80.23184,"{""addr:city"": ""Guelph"", ""addr:housenumber"": ""146"", ""addr:source"": ""Guelph Open Data"", ""addr:street"": ""Downey Road"", ""addr:unit"": ""24B""}"
9,Kortright Hills,way,794182126,5,Hanlon Creek Boulevard,265,modify,265 Hanlon Creek Boulevard,,1;3-5;9,,,,,,
9,Kortright Hills,node,-53601,,Hanlon Creek Boulevard,265,create,265 Hanlon Creek Boulevard,1,,yes,yes,,43.4933,-80.21968,"{""addr:city"": ""Guelph"", ""addr:housenumber"": ""265"", ""addr:source"": ""Guelph Open Data"", ""addr:street"": ""Hanlon Creek Boulevard"", ""addr:unit"": ""1""}"
9,Kortright Hills,node,-53619,,Hanlon Creek Boulevard,265,create,265 Hanlon Creek Boulevard,3,,yes,yes,,43.49324,-80.21963,"{""addr:city"": ""Guelph"", ""addr:housenumber"": ""265"", ""addr:source"": ""Guelph Open Data"", ""addr:street"": ""Hanlon Creek Boulevard"", ""addr:unit"": ""3""}"
9,Kortright Hills,node,-53603,,Hanlon Creek Boulevard,265,create,265 Hanlon Creek Boulevard,4,,yes,yes,,43.49295,-80.21938,"{""addr:city"": ""Guelph"", ""addr:housenumber"": ""265"", ""addr:source"": ""Guelph Open Data"", ""addr:street"": ""Hanlon Creek Boulevard"", ""addr:unit"": ""4""}"
9,Kortright Hills,node,-53599,,Hanlon Creek Boulevard,265,create,265 Hanlon Creek Boulevard,5,,yes,yes,,43.49304,-80.21945,"{""addr:city"": ""Guelph"", ""addr:housenumber"": ""265"", ""addr:source"": ""Guelph Open Data"", ""addr:street"": ""Hanlon Creek Boulevard"", ""addr:unit"": ""5""}"
9,Kortright Hills,node,-53600,,Hanlon Creek Boulevard,265,create,265 Hanlon Creek Boulevard,9,,yes,yes,,43.49314,-80.21954,"{""addr:city"": ""Guelph"", ""addr:housenumber"": ""265"", ""addr:source"": ""Guelph Open Data"", ""addr:street"": ""Hanlon Creek Boulevard"", ""addr:unit"": ""9""}"
9,Kortright Hills,way,794182120,5,Hanlon Creek Boulevard,275,modify,275 Hanlon Creek Boulevard,,1-5,,,,,,
9,Kortright Hills,node,-53606,,Hanlon Creek Boulevard,275,create,275 Hanlon Creek Boulevard,1,,yes,yes,,43.49364,-80.21887,"{""addr:city"": ""Guelph"", ""addr:housenumber"": ""275"", ""addr:source"": ""Guelph Open Data"", ""addr:street"": ""Hanlon Creek Boulevard"", ""addr:unit"": ""1""}"
9,Kortright Hills,node,-53620,,Hanlon Creek Boulevard,275,create,275 Hanlon Creek Boulevard,2,,yes,yes,,43.49359,-80.21881,"{""addr:city"": ""Guelph"", ""addr:housenumber"": ""275"", ""addr:source"": ""Guelph Open Data"", ""addr:street"": ""Hanlon Creek Boulevard"", ""addr:unit"": ""2""}"
9,Kortright Hills,node,-53609,,Hanlon Creek Boulevard,275,create,275 Hanlon Creek Boulevard,3,,yes,yes,,43.49352,-80.21877,"{""addr:city"": ""Guelph"", ""addr:housenumber"": ""275"", ""addr:source"": ""Guelph Open Data"", ""addr:street"": ""Hanlon Creek Boulevard"", ""addr:unit"": ""3""}"
9,Kortright Hills,node,-53602,,Hanlon Creek Boulevard,275,create,275 Hanlon Creek Boulevard,4,,yes,yes,,43.49344,-80.2187,"{""addr:city"": ""Guelph"", ""addr:housenumber"": ""275"", ""addr:source"": ""Guelph Open Data"", ""addr:street"": ""Hanlon Creek Boulevard"", ""addr:unit"": ""4""}"
9,Kortright Hills,node,-53625,,Hanlon Creek Boulevard,275,create,275 Hanlon Creek Boulevard,5,,yes,yes,,43.49333,-80.21861,"{""addr:city"": ""Guelph"", ""addr:housenumber"": ""275"", ""addr:source"": ""Guelph Open Data"", ""addr:street"": ""Hanlon Creek Boulevard"", ""addr:unit"": ""5""}"
9,Kortright Hills,,,,Downey Road,146,skip-existing,146 Downey Road,1,,no,no,way/802839129,43.49813,-80.23416,
9,Kortright Hills,,,,Downey Road,146,skip-existing,146 Downey Road,2,,no,no,way/1450181026,43.49818,-80.2341,
9,Kortright Hills,,,,Downey Road,146,skip-existing,146 Downey Road,3,,no,no,way/1450181027,43.49821,-80.23406,
9,Kortright Hills,,,,Downey Road,146,skip-existing,146 Downey Road,4,,no,no,way/802839130,43.49824,-80.23384,
9,Kortright Hills,,,,Downey Road,146,skip-existing,146 Downey Road,5,,no,no,way/1450181577,43.49825,-80.23377,
9,Kortright Hills,,,,Downey Road,146,skip-existing,146 Downey Road,6,,no,no,way/1450181578,43.49826,-80.23372,
9,Kortright Hills,,,,Downey Road,146,skip-existing,146 Downey Road,7,,no,no,way/1450181579,43.49826,-80.23366,
9,Kortright Hills,,,,Downey Road,146,skip-existing,146 Downey Road,8,,no,no,way/1450181676,43.4983,-80.23345,
9,Kortright Hills,,,,Downey Road,146,skip-existing,146 Downey Road,9,,no,no,way/1450181675,43.49831,-80.23338,
9,Kortright Hills,,,,Downey Road,146,skip-existing,146 Downey Road,10,,no,no,way/1450181674,43.49832,-80.23333,
9,Kortright Hills,,,,Downey Road,146,skip-existing,146 Downey Road,11,,no,no,way/1450181673,43.49833,-80.23326,
9,Kortright Hills,,,,Downey Road,146,skip-existing,146 Downey Road,12,,no,no,way/802839132,43.49837,-80.23305,
9,Kortright Hills,,,,Downey Road,146,skip-existing,146 Downey Road,13,,no,no,way/1450182222,43.49838,-80.23298,
9,Kortright Hills,,,,Downey Road,146,skip-existing,146 Downey Road,14,,no,no,way/1450182223,43.49838,-80.23292,
9,Kortright Hills,,,,Downey Road,146,skip-existing,146 Downey Road,15,,no,no,way/1450182224,43.49838,-80.23286,
9,Kortright Hills,,,,Downey Road,146,skip-existing,146 Downey Road,16,,no,no,way/802839128,43.49831,-80.23266,
9,Kortright Hills,,,,Downey Road,146,skip-existing,146 Downey Road,25,,no,no,way/1450185659,43.49809,-80.23281,
9,Kortright Hills,,,,Downey Road,146,skip-existing,146 Downey Road,26,,no,no,way/1450185658,43.49808,-80.2329,
9,Kortright Hills,,,,Downey Road,146,skip-existing,146 Downey Road,27,,no,no,way/1450185657,43.49807,-80.23296,
9,Kortright Hills,,,,Downey Road,146,skip-existing,146 Downey Road,28,,no,no,way/802839127,43.49806,-80.23303,
9,Kortright Hills,,,,Downey Road,146,skip-existing,146 Downey Road,29,,no,no,way/1450186016,43.49803,-80.23322,
9,Kortright Hills,,,,Downey Road,146,skip-existing,146 Downey Road,30,,no,no,way/1450186015,43.49803,-80.23328,
9,Kortright Hills,,,,Downey Road,146,skip-existing,146 Downey Road,31,,no,no,way/802839134,43.49801,-80.23336,
9,Kortright Hills,,,,Downey Road,146,skip-existing,146 Downey Road,32,,no,no,way/1450186023,43.49799,-80.23348,
9,Kortright Hills,,,,Downey Road,146,skip-existing,146 Downey Road,33,,no,no,way/1450186024,43.49798,-80.23356,
9,Kortright Hills,,,,Downey Road,146,skip-existing,146 Downey Road,34,,no,no,way/1450186025,43.49797,-80.23363,
9,Kortright Hills,,,,Downey Road,146,skip-existing,146 Downey Road,35,,no,no,way/1450186498,43.49796,-80.23373,
9,Kortright Hills,,,,Downey Road,146,skip-existing,146 Downey Road,36,,no,no,way/1450186497,43.49795,-80.2338,
9,Kortright Hills,,,,Downey Road,146,skip-existing,146 Downey Road,37,,no,no,way/1450186496,43.49794,-80.23386,
10,Old University,node,13251106172,2,Janefield Avenue,33,modify,33 Janefield Avenue,,B;C,,,,,,
10,Old University,node,-56791,,Janefield Avenue,33,create,33 Janefield Avenue,B,,yes,node-listing,,43.51928,-80.24791,"{""addr:city"": ""Guelph"", ""addr:housenumber"": ""33"", ""addr:source"": ""Guelph Open Data"", ""addr:street"": ""Janefield Avenue"", ""addr:unit"": ""B""}"
10,Old University,node,-56792,,Janefield Avenue,33,create,33 Janefield Avenue,C,,yes,node-listing,,43.51917,-80.24805,"{""addr:city"": ""Guelph"", ""addr:housenumber"": ""33"", ""addr:source"": ""Guelph Open Data"", ""addr:street"": ""Janefield Avenue"", ""addr:unit"": ""C""}"
10,Old University,node,13251106188,2,Janefield Avenue,35,modify,35 Janefield Avenue,,B;C,,,,,,
10,Old University,node,-56783,,Janefield Avenue,35,create,35 Janefield Avenue,B,,yes,node-listing,,43.51923,-80.24784,"{""addr:city"": ""Guelph"", ""addr:housenumber"": ""35"", ""addr:source"": ""Guelph Open Data"", ""addr:street"": ""Janefield Avenue"", ""addr:unit"": ""B""}"
10,Old University,node,-56789,,Janefield Avenue,35,create,35 Janefield Avenue,C,,yes,node-listing,,43.51912,-80.24798,"{""addr:city"": ""Guelph"", ""addr:housenumber"": ""35"", ""addr:source"": ""Guelph Open Data"", ""addr:street"": ""Janefield Avenue"", ""addr:unit"": ""C""}"
10,Old University,node,13251106171,2,Janefield Avenue,37,modify,37 Janefield Avenue,,B,,,,,,
10,Old University,node,-57012,,Janefield Avenue,37,create,37 Janefield Avenue,B,,yes,node-listing,,43.51908,-80.2479,"{""addr:city"": ""Guelph"", ""addr:housenumber"": ""37"", ""addr:source"": ""Guelph Open Data"", ""addr:street"": ""Janefield Avenue"", ""addr:unit"": ""B""}"
10,Old University,node,13251106168,2,Janefield Avenue,39,modify,39 Janefield Avenue,,B,,,,,,
10,Old University,node,-57014,,Janefield Avenue,39,create,39 Janefield Avenue,B,,yes,node-listing,,43.51902,-80.24783,"{""addr:city"": ""Guelph"", ""addr:housenumber"": ""39"", ""addr:source"": ""Guelph Open Data"", ""addr:street"": ""Janefield Avenue"", ""addr:unit"": ""B""}"
10,Old University,node,13251106187,2,Janefield Avenue,41,modify,41 Janefield Avenue,,B,,,,,,
10,Old University,node,-57017,,Janefield Avenue,41,create,41 Janefield Avenue,B,,yes,node-listing,,43.51897,-80.24775,"{""addr:city"": ""Guelph"", ""addr:housenumber"": ""41"", ""addr:source"": ""Guelph Open Data"", ""addr:street"": ""Janefield Avenue"", ""addr:unit"": ""B""}"
10,Old University,node,13251106167,2,Janefield Avenue,43,modify,43 Janefield Avenue,,B,,,,,,
10,Old University,node,-57016,,Janefield Avenue,43,create,43 Janefield Avenue,B,,yes,node-listing,,43.51892,-80.24768,"{""addr:city"": ""Guelph"", ""addr:housenumber"": ""43"", ""addr:source"": ""Guelph Open Data"", ""addr:street"": ""Janefield Avenue"", ""addr:unit"": ""B""}"
10,Old University,way,802811015,6,Manor Park Crescent,25,modify,25 Manor Park Crescent,,13-15,,,,,,
10,Old University,node,-36564,,Manor Park Crescent,25,create,25 Manor Park Crescent,13,,yes,yes,,43.53127,-80.2536,"{""addr:city"": ""Guelph"", ""addr:housenumber"": ""25"", ""addr:source"": ""Guelph Open Data"", ""addr:street"": ""Manor Park Crescent"", ""addr:unit"": ""13""}"
10,Old University,node,-29840,,Manor Park Crescent,25,create,25 Manor Park Crescent,14,,yes,yes,,43.53131,-80.25355,"{""addr:city"": ""Guelph"", ""addr:housenumber"": ""25"", ""addr:source"": ""Guelph Open Data"", ""addr:street"": ""Manor Park Crescent"", ""addr:unit"": ""14""}"
10,Old University,node,-8342,,Manor Park Crescent,25,create,25 Manor Park Crescent,15,,yes,yes,,43.53134,-80.2535,"{""addr:city"": ""Guelph"", ""addr:housenumber"": ""25"", ""addr:source"": ""Guelph Open Data"", ""addr:street"": ""Manor Park Crescent"", ""addr:unit"": ""15""}"
10,Old University,node,13251106170,2,Mason Court,10,modify,10 Mason Court,,B;C,,,,,,
10,Old University,node,-56785,,Mason Court,10,create,10 Mason Court,B,,yes,node-listing,,43.5192,-80.2483,"{""addr:city"": ""Guelph"", ""addr:housenumber"": ""10"", ""addr:source"": ""Guelph Open Data"", ""addr:street"": ""Mason Court"", ""addr:unit"": ""B""}"
10,Old University,node,-56794,,Mason Court,10,create,10 Mason Court,C,,yes,node-listing,,43.51908,-80.24812,"{""addr:city"": ""Guelph"", ""addr:housenumber"": ""10"", ""addr:source"": ""Guelph Open Data"", ""addr:street"": ""Mason Court"", ""addr:unit"": ""C""}"
10,Old University,node,13251106169,2,Mason Court,12,modify,12 Mason Court,,B;C,,,,,,
10,Old University,node,-56787,,Mason Court,12,create,12 Mason Court,B,,yes,node-listing,,43.51915,-80.24837,"{""addr:city"": ""Guelph"", ""addr:housenumber"": ""12"", ""addr:source"": ""Guelph Open Data"", ""addr:street"": ""Mason Court"", ""addr:unit"": ""B""}"
10,Old University,node,-56795,,Mason Court,12,create,12 Mason Court,C,,yes,node-listing,,43.51903,-80.24819,"{""addr:city"": ""Guelph"", ""addr:housenumber"": ""12"", ""addr:source"": ""Guelph Open Data"", ""addr:street"": ""Mason Court"", ""addr:unit"": ""C""}"
10,Old University,node,13251106174,2,Mason Court,6,modify,6 Mason Court,,B,,,,,,
10,Old University,node,-56780,,Mason Court,6,create,6 Mason Court,B,,yes,node-listing,,43.5193,-80.24815,"{""addr:city"": ""Guelph"", ""addr:housenumber"": ""6"", ""addr:source"": ""Guelph Open Data"", ""addr:street"": ""Mason Court"", ""addr:unit"": ""B""}"
10,Old University,node,13251106173,2,Mason Court,8,modify,8 Mason Court,,B,,,,,,
10,Old University,node,-56782,,Mason Court,8,create,8 Mason Court,B,,yes,node-listing,,43.51925,-80.24822,"{""addr:city"": ""Guelph"", ""addr:housenumber"": ""8"", ""addr:source"": ""Guelph Open Data"", ""addr:street"": ""Mason Court"", ""addr:unit"": ""B""}"
10,Old University,,,,Manor Park Crescent,25,skip-existing,25 Manor Park Crescent,1,,no,no,way/802811028,43.53198,-80.25347,
10,Old University,,,,Manor Park Crescent,25,skip-existing,25 Manor Park Crescent,2,,no,no,way/802811023,43.53176,-80.25362,
10,Old University,,,,Manor Park Crescent,25,skip-existing,25 Manor Park Crescent,3,,no,no,way/802811022,43.53165,-80.25376,
10,Old University,,,,Manor Park Crescent,25,skip-existing,25 Manor Park Crescent,4,,no,no,way/802811021,43.53155,-80.2539,
10,Old University,,,,Manor Park Crescent,25,skip-existing,25 Manor Park Crescent,5,,no,no,way/802811020,43.53144,-80.25399,
10,Old University,,,,Manor Park Crescent,25,skip-existing,25 Manor Park Crescent,6,,no,no,way/802811019,43.53127,-80.25412,
10,Old University,,,,Manor Park Crescent,25,skip-existing,25 Manor Park Crescent,7,,no,no,way/802811018,43.53113,-80.25406,
10,Old University,,,,Manor Park Crescent,25,skip-existing,25 Manor Park Crescent,8,,no,no,way/802811017,43.53098,-80.25384,
10,Old University,,,,Manor Park Crescent,25,skip-existing,25 Manor Park Crescent,9,,no,no,way/802811016,43.53091,-80.25365,
10,Old University,,,,Manor Park Crescent,25,skip-existing,25 Manor Park Crescent,10,,no,no,way/802811026,43.53133,-80.25307,
10,Old University,,,,Manor Park Crescent,25,skip-existing,25 Manor Park Crescent,11,,no,no,way/802811025,43.53144,-80.25325,
10,Old University,,,,Manor Park Crescent,25,skip-existing,25 Manor Park Crescent,12,,no,no,way/802811024,43.53153,-80.25334,
11,Non-Residential - A,way,1436604416,3,Burns Drive,80,modify,80 Burns Drive,,11-12,,,,,,
11,Non-Residential - A,way,1436604417,3,Burns Drive,80,modify,80 Burns Drive,,13-14,,,,,,
11,Non-Residential - A,way,1436604418,3,Burns Drive,80,modify,80 Burns Drive,,15-16,,,,,,
11,Non-Residential - A,way,1436604419,3,Burns Drive,80,modify,80 Burns Drive,,17-18,,,,,,
11,Non-Residential - A,way,632319013,5,Burns Drive,80,modify,80 Burns Drive,,19-20,,,,,,
11,Non-Residential - A,node,-45481,,Burns Drive,80,create,80 Burns Drive,11,,yes,yes,,43.55563,-80.28255,"{""addr:city"": ""Guelph"", ""addr:housenumber"": ""80"", ""addr:source"": ""Guelph Open Data"", ""addr:street"": ""Burns Drive"", ""addr:unit"": ""11""}"
11,Non-Residential - A,node,-32239,,Burns Drive,80,create,80 Burns Drive,12,,yes,yes,,43.55559,-80.28259,"{""addr:city"": ""Guelph"", ""addr:housenumber"": ""80"", ""addr:source"": ""Guelph Open Data"", ""addr:street"": ""Burns Drive"", ""addr:unit"": ""12""}"
11,Non-Residential - A,node,-28848,,Burns Drive,80,create,80 Burns Drive,13,,yes,yes,,43.55559,-80.28249,"{""addr:city"": ""Guelph"", ""addr:housenumber"": ""80"", ""addr:source"": ""Guelph Open Data"", ""addr:street"": ""Burns Drive"", ""addr:unit"": ""13""}"
11,Non-Residential - A,node,-22524,,Burns Drive,80,create,80 Burns Drive,14,,yes,yes,,43.55555,-80.28254,"{""addr:city"": ""Guelph"", ""addr:housenumber"": ""80"", ""addr:source"": ""Guelph Open Data"", ""addr:street"": ""Burns Drive"", ""addr:unit"": ""14""}"
11,Non-Residential - A,node,-40545,,Burns Drive,80,create,80 Burns Drive,15,,yes,yes,,43.55555,-80.28243,"{""addr:city"": ""Guelph"", ""addr:housenumber"": ""80"", ""addr:source"": ""Guelph Open Data"", ""addr:street"": ""Burns Drive"", ""addr:unit"": ""15""}"
11,Non-Residential - A,node,-12121,,Burns Drive,80,create,80 Burns Drive,16,,yes,yes,,43.55551,-80.28248,"{""addr:city"": ""Guelph"", ""addr:housenumber"": ""80"", ""addr:source"": ""Guelph Open Data"", ""addr:street"": ""Burns Drive"", ""addr:unit"": ""16""}"
11,Non-Residential - A,node,-3161,,Burns Drive,80,create,80 Burns Drive,17,,yes,yes,,43.55551,-80.28238,"{""addr:city"": ""Guelph"", ""addr:housenumber"": ""80"", ""addr:source"": ""Guelph Open Data"", ""addr:street"": ""Burns Drive"", ""addr:unit"": ""17""}"
11,Non-Residential - A,node,-7422,,Burns Drive,80,create,80 Burns Drive,18,,yes,yes,,43.55548,-80.28243,"{""addr:city"": ""Guelph"", ""addr:housenumber"": ""80"", ""addr:source"": ""Guelph Open Data"", ""addr:street"": ""Burns Drive"", ""addr:unit"": ""18""}"
11,Non-Residential - A,node,-36496,,Burns Drive,80,create,80 Burns Drive,19,,yes,yes,,43.55548,-80.28233,"{""addr:city"": ""Guelph"", ""addr:housenumber"": ""80"", ""addr:source"": ""Guelph Open Data"", ""addr:street"": ""Burns Drive"", ""addr:unit"": ""19""}"
11,Non-Residential - A,node,-5114,,Burns Drive,80,create,80 Burns Drive,20,,yes,yes,,43.55544,-80.28237,"{""addr:city"": ""Guelph"", ""addr:housenumber"": ""80"", ""addr:source"": ""Guelph Open Data"", ""addr:street"": ""Burns Drive"", ""addr:unit"": ""20""}"
11,Non-Residential - A,way,1436604420,3,Burns Drive,86,modify,86 Burns Drive,,1-2,,,,,,
11,Non-Residential - A,way,1436604421,3,Burns Drive,86,modify,86 Burns Drive,,3-4,,,,,,
11,Non-Residential - A,way,1436604422,3,Burns Drive,86,modify,86 Burns Drive,,5-6,,,,,,
11,Non-Residential - A,way,1436604423,3,Burns Drive,86,modify,86 Burns Drive,,7-8,,,,,,
11,Non-Residential - A,way,632319014,5,Burns Drive,86,modify,86 Burns Drive,,9-10,,,,,,
11,Non-Residential - A,node,-4054,,Burns Drive,86,create,86 Burns Drive,1,,yes,yes,,43.55586,-80.28282,"{""addr:city"": ""Guelph"", ""addr:housenumber"": ""86"", ""addr:source"": ""Guelph Open Data"", ""addr:street"": ""Burns Drive"", ""addr:unit"": ""1""}"
11,Non-Residential - A,node,-22080,,Burns Drive,86,create,86 Burns Drive,2,,yes,yes,,43.55582,-80.28287,"{""addr:city"": ""Guelph"", ""addr:housenumber"": ""86"", ""addr:source"": ""Guelph Open Data"", ""addr:street"": ""Burns Drive"", ""addr:unit"": ""2""}"
11,Non-Residential - A,node,-21885,,Burns Drive,86,create,86 Burns Drive,3,,yes,yes,,43.55582,-80.28277,"{""addr:city"": ""Guelph"", ""addr:housenumber"": ""86"", ""addr:source"": ""Guelph Open Data"", ""addr:street"": ""Burns Drive"", ""addr:unit"": ""3""}"
11,Non-Residential - A,node,-29375,,Burns Drive,86,create,86 Burns Drive,4,,yes,yes,,43.55578,-80.28282,"{""addr:city"": ""Guelph"", ""addr:housenumber"": ""86"", ""addr:source"": ""Guelph Open Data"", ""addr:street"": ""Burns Drive"", ""addr:unit"": ""4""}"
11,Non-Residential - A,node,-35182,,Burns Drive,86,create,86 Burns Drive,5,,yes,yes,,43.55578,-80.28272,"{""addr:city"": ""Guelph"", ""addr:housenumber"": ""86"", ""addr:source"": ""Guelph Open Data"", ""addr:street"": ""Burns Drive"", ""addr:unit"": ""5""}"
11,Non-Residential - A,node,-27256,,Burns Drive,86,create,86 Burns Drive,6,,yes,yes,,43.55574,-80.28277,"{""addr:city"": ""Guelph"", ""addr:housenumber"": ""86"", ""addr:source"": ""Guelph Open Data"", ""addr:street"": ""Burns Drive"", ""addr:unit"": ""6""}"
11,Non-Residential - A,node,-37881,,Burns Drive,86,create,86 Burns Drive,7,,yes,yes,,43.55575,-80.28266,"{""addr:city"": ""Guelph"", ""addr:housenumber"": ""86"", ""addr:source"": ""Guelph Open Data"", ""addr:street"": ""Burns Drive"", ""addr:unit"": ""7""}"
11,Non-Residential - A,node,-34970,,Burns Drive,86,create,86 Burns Drive,8,,yes,yes,,43.5557,-80.28272,"{""addr:city"": ""Guelph"", ""addr:housenumber"": ""86"", ""addr:source"": ""Guelph Open Data"", ""addr:street"": ""Burns Drive"", ""addr:unit"": ""8""}"
11,Non-Residential - A,node,-3596,,Burns Drive,86,create,86 Burns Drive,9,,yes,yes,,43.55571,-80.28261,"{""addr:city"": ""Guelph"", ""addr:housenumber"": ""86"", ""addr:source"": ""Guelph Open Data"", ""addr:street"": ""Burns Drive"", ""addr:unit"": ""9""}"
11,Non-Residential - A,node,-33229,,Burns Drive,86,create,86 Burns Drive,10,,yes,yes,,43.55567,-80.28266,"{""addr:city"": ""Guelph"", ""addr:housenumber"": ""86"", ""addr:source"": ""Guelph Open Data"", ""addr:street"": ""Burns Drive"", ""addr:unit"": ""10""}"
11,Non-Residential - A,way,399149535,5,Elmira Road North,473,modify,473 Elmira Road North,,1-4,,,,,,
11,Non-Residential - A,node,-46647,,Elmira Road North,473,create,473 Elmira Road North,1,,yes,yes,,43.5364,-80.31087,"{""addr:city"": ""Guelph"", ""addr:housenumber"": ""473"", ""addr:source"": ""Guelph Open Data"", ""addr:street"": ""Elmira Road North"", ""addr:unit"": ""1""}"
11,Non-Residential - A,node,-46648,,Elmira Road North,473,create,473 Elmira Road North,2,,yes,yes,,43.53647,-80.31077,"{""addr:city"": ""Guelph"", ""addr:housenumber"": ""473"", ""addr:source"": ""Guelph Open Data"", ""addr:street"": ""Elmira Road North"", ""addr:unit"": ""2""}"
11,Non-Residential - A,node,-46649,,Elmira Road North,473,create,473 Elmira Road North,3,,yes,yes,,43.53655,-80.31067,"{""addr:city"": ""Guelph"", ""addr:housenumber"": ""473"", ""addr:source"": ""Guelph Open Data"", ""addr:street"": ""Elmira Road North"", ""addr:unit"": ""3""}"
11,Non-Residential - A,node,-46650,,Elmira Road North,473,create,473 Elmira Road North,4,,yes,yes,,43.53662,-80.31058,"{""addr:city"": ""Guelph"", ""addr:housenumber"": ""473"", ""addr:source"": ""Guelph Open Data"", ""addr:street"": ""Elmira Road North"", ""addr:unit"": ""4""}"
11,Non-Residential - A,way,802121047,4,Monarch Road,27,modify,27 Monarch Road,,1-6,,,,,,
11,Non-Residential - A,node,-7303,,Monarch Road,27,create,27 Monarch Road,1,,yes,yes,,43.54877,-80.30573,"{""addr:city"": ""Guelph"", ""addr:housenumber"": ""27"", ""addr:source"": ""Guelph Open Data"", ""addr:street"": ""Monarch Road"", ""addr:unit"": ""1""}"
11,Non-Residential - A,node,-45070,,Monarch Road,27,create,27 Monarch Road,2,,yes,yes,,43.54881,-80.30562,"{""addr:city"": ""Guelph"", ""addr:housenumber"": ""27"", ""addr:source"": ""Guelph Open Data"", ""addr:street"": ""Monarch Road"", ""addr:unit"": ""2""}"
11,Non-Residential - A,node,-19857,,Monarch Road,27,create,27 Monarch Road,3,,yes,yes,,43.54886,-80.30554,"{""addr:city"": ""Guelph"", ""addr:housenumber"": ""27"", ""addr:source"": ""Guelph Open Data"", ""addr:street"": ""Monarch Road"", ""addr:unit"": ""3""}"
11,Non-Residential - A,node,-27212,,Monarch Road,27,create,27 Monarch Road,4,,yes,yes,,43.54892,-80.30546,"{""addr:city"": ""Guelph"", ""addr:housenumber"": ""27"", ""addr:source"": ""Guelph Open Data"", ""addr:street"": ""Monarch Road"", ""addr:unit"": ""4""}"
11,Non-Residential - A,node,-31940,,Monarch Road,27,create,27 Monarch Road,5,,yes,yes,,43.54898,-80.30539,"{""addr:city"": ""Guelph"", ""addr:housenumber"": ""27"", ""addr:source"": ""Guelph Open Data"", ""addr:street"": ""Monarch Road"", ""addr:unit"": ""5""}"
11,Non-Residential - A,node,-11272,,Monarch Road,27,create,27 Monarch Road,6,,yes,yes,,43.54902,-80.30533,"{""addr:city"": ""Guelph"", ""addr:housenumber"": ""27"", ""addr:source"": ""Guelph Open Data"", ""addr:street"": ""Monarch Road"", ""addr:unit"": ""6""}"
12,June Avenue,way,475631431,4,Arrow Road,31,modify,31 Arrow Road,,1-11,,,,,,
12,June Avenue,node,-13762,,Arrow Road,31,create,31 Arrow Road,1,,yes,yes,,43.55502,-80.29416,"{""addr:city"": ""Guelph"", ""addr:housenumber"": ""31"", ""addr:source"": ""Guelph Open Data"", ""addr:street"": ""Arrow Road"", ""addr:unit"": ""1""}"
12,June Avenue,node,-26117,,Arrow Road,31,create,31 Arrow Road,2,,yes,yes,,43.55505,-80.2941,"{""addr:city"": ""Guelph"", ""addr:housenumber"": ""31"", ""addr:source"": ""Guelph Open Data"", ""addr:street"": ""Arrow Road"", ""addr:unit"": ""2""}"
12,June Avenue,node,-9721,,Arrow Road,31,create,31 Arrow Road,3,,yes,yes,,43.5551,-80.29404,"{""addr:city"": ""Guelph"", ""addr:housenumber"": ""31"", ""addr:source"": ""Guelph Open Data"", ""addr:street"": ""Arrow Road"", ""addr:unit"": ""3""}"
12,June Avenue,node,-41631,,Arrow Road,31,create,31 Arrow Road,4,,yes,yes,,43.55516,-80.29395,"{""addr:city"": ""Guelph"", ""addr:housenumber"": ""31"", ""addr:source"": ""Guelph Open Data"", ""addr:street"": ""Arrow Road"", ""addr:unit"": ""4""}"
12,June Avenue,node,-9785,,Arrow Road,31,create,31 Arrow Road,5,,yes,yes,,43.55524,-80.29385,"{""addr:city"": ""Guelph"", ""addr:housenumber"": ""31"", ""addr:source"": ""Guelph Open Data"", ""addr:street"": ""Arrow Road"", ""addr:unit"": ""5""}"
12,June Avenue,node,-35080,,Arrow Road,31,create,31 Arrow Road,6,,yes,yes,,43.5553,-80.29376,"{""addr:city"": ""Guelph"", ""addr:housenumber"": ""31"", ""addr:source"": ""Guelph Open Data"", ""addr:street"": ""Arrow Road"", ""addr:unit"": ""6""}"
12,June Avenue,node,-38033,,Arrow Road,31,create,31 Arrow Road,7,,yes,yes,,43.55536,-80.29367,"{""addr:city"": ""Guelph"", ""addr:housenumber"": ""31"", ""addr:source"": ""Guelph Open Data"", ""addr:street"": ""Arrow Road"", ""addr:unit"": ""7""}"
12,June Avenue,node,-45813,,Arrow Road,31,create,31 Arrow Road,8,,yes,yes,,43.55541,-80.2936,"{""addr:city"": ""Guelph"", ""addr:housenumber"": ""31"", ""addr:source"": ""Guelph Open Data"", ""addr:street"": ""Arrow Road"", ""addr:unit"": ""8""}"
12,June Avenue,node,-8680,,Arrow Road,31,create,31 Arrow Road,9,,yes,yes,,43.55547,-80.29352,"{""addr:city"": ""Guelph"", ""addr:housenumber"": ""31"", ""addr:source"": ""Guelph Open Data"", ""addr:street"": ""Arrow Road"", ""addr:unit"": ""9""}"
12,June Avenue,node,-7777,,Arrow Road,31,create,31 Arrow Road,10,,yes,yes,,43.55554,-80.29343,"{""addr:city"": ""Guelph"", ""addr:housenumber"": ""31"", ""addr:source"": ""Guelph Open Data"", ""addr:street"": ""Arrow Road"", ""addr:unit"": ""10""}"
12,June Avenue,node,-16429,,Arrow Road,31,create,31 Arrow Road,11,,yes,yes,,43.5556,-80.29334,"{""addr:city"": ""Guelph"", ""addr:housenumber"": ""31"", ""addr:source"": ""Guelph Open Data"", ""addr:street"": ""Arrow Road"", ""addr:unit"": ""11""}"
12,June Avenue,way,1436604427,3,Burns Drive,11,modify,11 Burns Drive,,13-16,,,,,,
12,June Avenue,way,802123329,4,Burns Drive,11,modify,11 Burns Drive,,17-20,,,,,,
12,June Avenue,node,-37422,,Burns Drive,11,create,11 Burns Drive,13,,yes,yes,,43.55848,-80.28055,"{""addr:city"": ""Guelph"", ""addr:housenumber"": ""11"", ""addr:source"": ""Guelph Open Data"", ""addr:street"": ""Burns Drive"", ""addr:unit"": ""13""}"
12,June Avenue,node,-29045,,Burns Drive,11,create,11 Burns Drive,14,,yes,yes,,43.55844,-80.2806,"{""addr:city"": ""Guelph"", ""addr:housenumber"": ""11"", ""addr:source"": ""Guelph Open Data"", ""addr:street"": ""Burns Drive"", ""addr:unit"": ""14""}"
12,June Avenue,node,-23823,,Burns Drive,11,create,11 Burns Drive,15,,yes,yes,,43.55852,-80.2806,"{""addr:city"": ""Guelph"", ""addr:housenumber"": ""11"", ""addr:source"": ""Guelph Open Data"", ""addr:street"": ""Burns Drive"", ""addr:unit"": ""15""}"
12,June Avenue,node,-23771,,Burns Drive,11,create,11 Burns Drive,16,,yes,yes,,43.55848,-80.28065,"{""addr:city"": ""Guelph"", ""addr:housenumber"": ""11"", ""addr:source"": ""Guelph Open Data"", ""addr:street"": ""Burns Drive"", ""addr:unit"": ""16""}"
12,June Avenue,node,-39847,,Burns Drive,11,create,11 Burns Drive,17,,yes,yes,,43.55855,-80.28065,"{""addr:city"": ""Guelph"", ""addr:housenumber"": ""11"", ""addr:source"": ""Guelph Open Data"", ""addr:street"": ""Burns Drive"", ""addr:unit"": ""17""}"
12,June Avenue,node,-28108,,Burns Drive,11,create,11 Burns Drive,18,,yes,yes,,43.55851,-80.28071,"{""addr:city"": ""Guelph"", ""addr:housenumber"": ""11"", ""addr:source"": ""Guelph Open Data"", ""addr:street"": ""Burns Drive"", ""addr:unit"": ""18""}"
12,June Avenue,node,-23699,,Burns Drive,11,create,11 Burns Drive,19,,yes,no,,43.55859,-80.28071,"{""addr:city"": ""Guelph"", ""addr:housenumber"": ""11"", ""addr:source"": ""Guelph Open Data"", ""addr:street"": ""Burns Drive"", ""addr:unit"": ""19""}"
12,June Avenue,node,-3255,,Burns Drive,11,create,11 Burns Drive,20,,yes,no,,43.55856,-80.28076,"{""addr:city"": ""Guelph"", ""addr:housenumber"": ""11"", ""addr:source"": ""Guelph Open Data"", ""addr:street"": ""Burns Drive"", ""addr:unit"": ""20""}"
12,June Avenue,way,1436604432,3,Burns Drive,15,modify,15 Burns Drive,,21-24,,,,,,
12,June Avenue,way,802123326,4,Burns Drive,15,modify,15 Burns Drive,,25-28,,,,,,
12,June Avenue,node,-30391,,Burns Drive,15,create,15 Burns Drive,21,,yes,no,,43.55846,-80.2809,"{""addr:city"": ""Guelph"", ""addr:housenumber"": ""15"", ""addr:source"": ""Guelph Open Data"", ""addr:street"": ""Burns Drive"", ""addr:unit"": ""21""}"
12,June Avenue,node,-14837,,Burns Drive,15,create,15 Burns Drive,22,,yes,yes,,43.55842,-80.28085,"{""addr:city"": ""Guelph"", ""addr:housenumber"": ""15"", ""addr:source"": ""Guelph Open Data"", ""addr:street"": ""Burns Drive"", ""addr:unit"": ""22""}"
12,June Avenue,node,-45020,,Burns Drive,15,create,15 Burns Drive,23,,yes,yes,,43.55842,-80.28095,"{""addr:city"": ""Guelph"", ""addr:housenumber"": ""15"", ""addr:source"": ""Guelph Open Data"", ""addr:street"": ""Burns Drive"", ""addr:unit"": ""23""}"
12,June Avenue,node,-3065,,Burns Drive,15,create,15 Burns Drive,24,,yes,yes,,43.55839,-80.2809,"{""addr:city"": ""Guelph"", ""addr:housenumber"": ""15"", ""addr:source"": ""Guelph Open Data"", ""addr:street"": ""Burns Drive"", ""addr:unit"": ""24""}"
12,June Avenue,node,-21612,,Burns Drive,15,create,15 Burns Drive,25,,yes,no,,43.55839,-80.28101,"{""addr:city"": ""Guelph"", ""addr:housenumber"": ""15"", ""addr:source"": ""Guelph Open Data"", ""addr:street"": ""Burns Drive"", ""addr:unit"": ""25""}"
12,June Avenue,node,-5323,,Burns Drive,15,create,15 Burns Drive,26,,yes,yes,,43.55834,-80.28096,"{""addr:city"": ""Guelph"", ""addr:housenumber"": ""15"", ""addr:source"": ""Guelph Open Data"", ""addr:street"": ""Burns Drive"", ""addr:unit"": ""26""}"
12,June Avenue,node,-4785,,Burns Drive,15,create,15 Burns Drive,27,,yes,yes,,43.55834,-80.28106,"{""addr:city"": ""Guelph"", ""addr:housenumber"": ""15"", ""addr:source"": ""Guelph Open Data"", ""addr:street"": ""Burns Drive"", ""addr:unit"": ""27""}"
12,June Avenue,node,-7820,,Burns Drive,15,create,15 Burns Drive,28,,yes,yes,,43.55831,-80.28102,"{""addr:city"": ""Guelph"", ""addr:housenumber"": ""15"", ""addr:source"": ""Guelph Open Data"", ""addr:street"": ""Burns Drive"", ""addr:unit"": ""28""}"
12,June Avenue,way,1436604433,3,Burns Drive,17,modify,17 Burns Drive,,35-40,,,,,,
12,June Avenue,way,802123325,4,Burns Drive,17,modify,17 Burns Drive,,29-34,,,,,,
12,June Avenue,node,-25589,,Burns Drive,17,create,17 Burns Drive,29,,yes,no,,43.55829,-80.28115,"{""addr:city"": ""Guelph"", ""addr:housenumber"": ""17"", ""addr:source"": ""Guelph Open Data"", ""addr:street"": ""Burns Drive"", ""addr:unit"": ""29""}"
12,June Avenue,node,-32519,,Burns Drive,17,create,17 Burns Drive,30,,yes,yes,,43.55825,-80.28109,"{""addr:city"": ""Guelph"", ""addr:housenumber"": ""17"", ""addr:source"": ""Guelph Open Data"", ""addr:street"": ""Burns Drive"", ""addr:unit"": ""30""}"
12,June Avenue,node,-18819,,Burns Drive,17,create,17 Burns Drive,31,,yes,no,,43.55825,-80.28121,"{""addr:city"": ""Guelph"", ""addr:housenumber"": ""17"", ""addr:source"": ""Guelph Open Data"", ""addr:street"": ""Burns Drive"", ""addr:unit"": ""31""}"
12,June Avenue,node,-25544,,Burns Drive,17,create,17 Burns Drive,32,,yes,yes,,43.55821,-80.28115,"{""addr:city"": ""Guelph"", ""addr:housenumber"": ""17"", ""addr:source"": ""Guelph Open Data"", ""addr:street"": ""Burns Drive"", ""addr:unit"": ""32""}"
12,June Avenue,node,-5202,,Burns Drive,17,create,17 Burns Drive,33,,yes,no,,43.55821,-80.28126,"{""addr:city"": ""Guelph"", ""addr:housenumber"": ""17"", ""addr:source"": ""Guelph Open Data"", ""addr:street"": ""Burns Drive"", ""addr:unit"": ""33""}"
12,June Avenue,node,-46112,,Burns Drive,17,create,17 Burns Drive,34,,yes,yes,,43.55817,-80.2812,"{""addr:city"": ""Guelph"", ""addr:housenumber"": ""17"", ""addr:source"": ""Guelph Open Data"", ""addr:street"": ""Burns Drive"", ""addr:unit"": ""34""}"
12,June Avenue,node,-31584,,Burns Drive,17,create,17 Burns Drive,35,,yes,no,,43.55817,-80.28131,"{""addr:city"": ""Guelph"", ""addr:housenumber"": ""17"", ""addr:source"": ""Guelph Open Data"", ""addr:street"": ""Burns Drive"", ""addr:unit"": ""35""}"
12,June Avenue,node,-32254,,Burns Drive,17,create,17 Burns Drive,36,,yes,yes,,43.55813,-80.28125,"{""addr:city"": ""Guelph"", ""addr:housenumber"": ""17"", ""addr:source"": ""Guelph Open Data"", ""addr:street"": ""Burns Drive"", ""addr:unit"": ""36""}"
12,June Avenue,node,-6384,,Burns Drive,17,create,17 Burns Drive,37,,yes,no,,43.55814,-80.28136,"{""addr:city"": ""Guelph"", ""addr:housenumber"": ""17"", ""addr:source"": ""Guelph Open Data"", ""addr:street"": ""Burns Drive"", ""addr:unit"": ""37""}"
12,June Avenue,node,-13324,,Burns Drive,17,create,17 Burns Drive,38,,yes,yes,,43.5581,-80.2813,"{""addr:city"": ""Guelph"", ""addr:housenumber"": ""17"", ""addr:source"": ""Guelph Open Data"", ""addr:street"": ""Burns Drive"", ""addr:unit"": ""38""}"
12,June Avenue,node,-31936,,Burns Drive,17,create,17 Burns Drive,39,,yes,no,,43.5581,-80.28141,"{""addr:city"": ""Guelph"", ""addr:housenumber"": ""17"", ""addr:source"": ""Guelph Open Data"", ""addr:street"": ""Burns Drive"", ""addr:unit"": ""39""}"
12,June Avenue,node,-22900,,Burns Drive,17,create,17 Burns Drive,40,,yes,yes,,43.55806,-80.28135,"{""addr:city"": ""Guelph"", ""addr:housenumber"": ""17"", ""addr:source"": ""Guelph Open Data"", ""addr:street"": ""Burns Drive"", ""addr:unit"": ""40""}"
12,June Avenue,way,1436604430,3,Burns Drive,19,modify,19 Burns Drive,,41-44,,,,,,
12,June Avenue,way,1436604431,3,Burns Drive,19,modify,19 Burns Drive,,49-52,,,,,,
12,June Avenue,way,802123324,4,Burns Drive,19,modify,19 Burns Drive,,45-48,,,,,,
12,June Avenue,node,-18364,,Burns Drive,19,create,19 Burns Drive,41,,yes,no,,43.55795,-80.28164,"{""addr:city"": ""Guelph"", ""addr:housenumber"": ""19"", ""addr:source"": ""Guelph Open Data"", ""addr:street"": ""Burns Drive"", ""addr:unit"": ""41""}"
12,June Avenue,node,-11116,,Burns Drive,19,create,19 Burns Drive,42,,yes,no,,43.558,-80.28158,"{""addr:city"": ""Guelph"", ""addr:housenumber"": ""19"", ""addr:source"": ""Guelph Open Data"", ""addr:street"": ""Burns Drive"", ""addr:unit"": ""42""}"
12,June Avenue,node,-2321,,Burns Drive,19,create,19 Burns Drive,43,,yes,yes,,43.55792,-80.2816,"{""addr:city"": ""Guelph"", ""addr:housenumber"": ""19"", ""addr:source"": ""Guelph Open Data"", ""addr:street"": ""Burns Drive"", ""addr:unit"": ""43""}"
12,June Avenue,node,-37703,,Burns Drive,19,create,19 Burns Drive,44,,yes,yes,,43.55796,-80.28154,"{""addr:city"": ""Guelph"", ""addr:housenumber"": ""19"", ""addr:source"": ""Guelph Open Data"", ""addr:street"": ""Burns Drive"", ""addr:unit"": ""44""}"
12,June Avenue,node,-19569,,Burns Drive,19,create,19 Burns Drive,45,,yes,yes,,43.55788,-80.28155,"{""addr:city"": ""Guelph"", ""addr:housenumber"": ""19"", ""addr:source"": ""Guelph Open Data"", ""addr:street"": ""Burns Drive"", ""addr:unit"": ""45""}"
12,June Avenue,node,-36833,,Burns Drive,19,create,19 Burns Drive,46,,yes,yes,,43.55793,-80.28149,"{""addr:city"": ""Guelph"", ""addr:housenumber"": ""19"", ""addr:source"": ""Guelph Open Data"", ""addr:street"": ""Burns Drive"", ""addr:unit"": ""46""}"
12,June Avenue,node,-27526,,Burns Drive,19,create,19 Burns Drive,47,,yes,yes,,43.55784,-80.28149,"{""addr:city"": ""Guelph"", ""addr:housenumber"": ""19"", ""addr:source"": ""Guelph Open Data"", ""addr:street"": ""Burns Drive"", ""addr:unit"": ""47""}"
12,June Avenue,node,-31748,,Burns Drive,19,create,19 Burns Drive,48,,yes,yes,,43.55788,-80.28143,"{""addr:city"": ""Guelph"", ""addr:housenumber"": ""19"", ""addr:source"": ""Guelph Open Data"", ""addr:street"": ""Burns Drive"", ""addr:unit"": ""48""}"
12,June Avenue,node,-34567,,Burns Drive,19,create,19 Burns Drive,49,,yes,yes,,43.55784,-80.28137,"{""addr:city"": ""Guelph"", ""addr:housenumber"": ""19"", ""addr:source"": ""Guelph Open Data"", ""addr:street"": ""Burns Drive"", ""addr:unit"": ""49""}"
12,June Avenue,node,-29821,,Burns Drive,19,create,19 Burns Drive,50,,yes,no,,43.55788,-80.28132,"{""addr:city"": ""Guelph"", ""addr:housenumber"": ""19"", ""addr:source"": ""Guelph Open Data"", ""addr:street"": ""Burns Drive"", ""addr:unit"": ""50""}"
12,June Avenue,node,-43660,,Burns Drive,19,create,19 Burns Drive,51,,yes,yes,,43.5578,-80.28132,"{""addr:city"": ""Guelph"", ""addr:housenumber"": ""19"", ""addr:source"": ""Guelph Open Data"", ""addr:street"": ""Burns Drive"", ""addr:unit"": ""51""}"
12,June Avenue,node,-30306,,Burns Drive,19,create,19 Burns Drive,52,,yes,yes,,43.55784,-80.28126,"{""addr:city"": ""Guelph"", ""addr:housenumber"": ""19"", ""addr:source"": ""Guelph Open Data"", ""addr:street"": ""Burns Drive"", ""addr:unit"": ""52""}"
12,June Avenue,way,1436604425,3,Burns Drive,3,modify,3 Burns Drive,,1-4,,,,,,
12,June Avenue,way,1436604426,3,Burns Drive,3,modify,3 Burns Drive,,5-8,,,,,,
12,June Avenue,way,802123328,4,Burns Drive,3,modify,3 Burns Drive,,9-12,,,,,,
12,June Avenue,node,-30929,,Burns Drive,3,create,3 Burns Drive,1,,yes,yes,,43.55823,-80.2802,"{""addr:city"": ""Guelph"", ""addr:housenumber"": ""3"", ""addr:source"": ""Guelph Open Data"", ""addr:street"": ""Burns Drive"", ""addr:unit"": ""1""}"
12,June Avenue,node,-22447,,Burns Drive,3,create,3 Burns Drive,2,,yes,yes,,43.55819,-80.28025,"{""addr:city"": ""Guelph"", ""addr:housenumber"": ""3"", ""addr:source"": ""Guelph Open Data"", ""addr:street"": ""Burns Drive"", ""addr:unit"": ""2""}"
12,June Avenue,node,-44964,,Burns Drive,3,create,3 Burns Drive,3,,yes,yes,,43.55827,-80.28025,"{""addr:city"": ""Guelph"", ""addr:housenumber"": ""3"", ""addr:source"": ""Guelph Open Data"", ""addr:street"": ""Burns Drive"", ""addr:unit"": ""3""}"
12,June Avenue,node,-41145,,Burns Drive,3,create,3 Burns Drive,4,,yes,yes,,43.55823,-80.2803,"{""addr:city"": ""Guelph"", ""addr:housenumber"": ""3"", ""addr:source"": ""Guelph Open Data"", ""addr:street"": ""Burns Drive"", ""addr:unit"": ""4""}"
12,June Avenue,node,-7315,,Burns Drive,3,create,3 Burns Drive,5,,yes,yes,,43.55831,-80.2803,"{""addr:city"": ""Guelph"", ""addr:housenumber"": ""3"", ""addr:source"": ""Guelph Open Data"", ""addr:street"": ""Burns Drive"", ""addr:unit"": ""5""}"
12,June Avenue,node,-7414,,Burns Drive,3,create,3 Burns Drive,6,,yes,yes,,43.55827,-80.28036,"{""addr:city"": ""Guelph"", ""addr:housenumber"": ""3"", ""addr:source"": ""Guelph Open Data"", ""addr:street"": ""Burns Drive"", ""addr:unit"": ""6""}"
12,June Avenue,node,-24473,,Burns Drive,3,create,3 Burns Drive,7,,yes,yes,,43.55835,-80.28036,"{""addr:city"": ""Guelph"", ""addr:housenumber"": ""3"", ""addr:source"": ""Guelph Open Data"", ""addr:street"": ""Burns Drive"", ""addr:unit"": ""7""}"
12,June Avenue,node,-38267,,Burns Drive,3,create,3 Burns Drive,8,,yes,yes,,43.55831,-80.28041,"{""addr:city"": ""Guelph"", ""addr:housenumber"": ""3"", ""addr:source"": ""Guelph Open Data"", ""addr:street"": ""Burns Drive"", ""addr:unit"": ""8""}"
12,June Avenue,node,-18611,,Burns Drive,3,create,3 Burns Drive,9,,yes,yes,,43.55838,-80.28041,"{""addr:city"": ""Guelph"", ""addr:housenumber"": ""3"", ""addr:source"": ""Guelph Open Data"", ""addr:street"": ""Burns Drive"", ""addr:unit"": ""9""}"
12,June Avenue,node,-15701,,Burns Drive,3,create,3 Burns Drive,10,,yes,yes,,43.55834,-80.28046,"{""addr:city"": ""Guelph"", ""addr:housenumber"": ""3"", ""addr:source"": ""Guelph Open Data"", ""addr:street"": ""Burns Drive"", ""addr:unit"": ""10""}"
12,June Avenue,node,-26441,,Burns Drive,3,create,3 Burns Drive,11,,yes,yes,,43.55842,-80.28046,"{""addr:city"": ""Guelph"", ""addr:housenumber"": ""3"", ""addr:source"": ""Guelph Open Data"", ""addr:street"": ""Burns Drive"", ""addr:unit"": ""11""}"
12,June Avenue,node,-25874,,Burns Drive,3,create,3 Burns Drive,12,,yes,yes,,43.55838,-80.28052,"{""addr:city"": ""Guelph"", ""addr:housenumber"": ""3"", ""addr:source"": ""Guelph Open Data"", ""addr:street"": ""Burns Drive"", ""addr:unit"": ""12""}"
12,June Avenue,way,1436604428,3,Burns Drive,9,modify,9 Burns Drive,,53-58,,,,,,
12,June Avenue,way,1436604429,3,Burns Drive,9,modify,9 Burns Drive,,59-64,,,,,,
12,June Avenue,way,802123327,4,Burns Drive,9,modify,9 Burns Drive,,65-70,,,,,,
12,June Avenue,node,-12316,,Burns Drive,9,create,9 Burns Drive,53,,yes,yes,,43.55792,-80.28102,"{""addr:city"": ""Guelph"", ""addr:housenumber"": ""9"", ""addr:source"": ""Guelph Open Data"", ""addr:street"": ""Burns Drive"", ""addr:unit"": ""53""}"
12,June Avenue,node,-31918,,Burns Drive,9,create,9 Burns Drive,54,,yes,no,,43.55796,-80.28107,"{""addr:city"": ""Guelph"", ""addr:housenumber"": ""9"", ""addr:source"": ""Guelph Open Data"", ""addr:street"": ""Burns Drive"", ""addr:unit"": ""54""}"
12,June Avenue,node,-26494,,Burns Drive,9,create,9 Burns Drive,55,,yes,yes,,43.55796,-80.28096,"{""addr:city"": ""Guelph"", ""addr:housenumber"": ""9"", ""addr:source"": ""Guelph Open Data"", ""addr:street"": ""Burns Drive"", ""addr:unit"": ""55""}"
12,June Avenue,node,-45182,,Burns Drive,9,create,9 Burns Drive,56,,yes,no,,43.558,-80.28102,"{""addr:city"": ""Guelph"", ""addr:housenumber"": ""9"", ""addr:source"": ""Guelph Open Data"", ""addr:street"": ""Burns Drive"", ""addr:unit"": ""56""}"
12,June Avenue,node,-3955,,Burns Drive,9,create,9 Burns Drive,57,,yes,yes,,43.558,-80.28091,"{""addr:city"": ""Guelph"", ""addr:housenumber"": ""9"", ""addr:source"": ""Guelph Open Data"", ""addr:street"": ""Burns Drive"", ""addr:unit"": ""57""}"
12,June Avenue,node,-3079,,Burns Drive,9,create,9 Burns Drive,58,,yes,no,,43.55803,-80.28097,"{""addr:city"": ""Guelph"", ""addr:housenumber"": ""9"", ""addr:source"": ""Guelph Open Data"", ""addr:street"": ""Burns Drive"", ""addr:unit"": ""58""}"
12,June Avenue,node,-29493,,Burns Drive,9,create,9 Burns Drive,59,,yes,yes,,43.55804,-80.28085,"{""addr:city"": ""Guelph"", ""addr:housenumber"": ""9"", ""addr:source"": ""Guelph Open Data"", ""addr:street"": ""Burns Drive"", ""addr:unit"": ""59""}"
12,June Avenue,node,-32157,,Burns Drive,9,create,9 Burns Drive,60,,yes,no,,43.55808,-80.28091,"{""addr:city"": ""Guelph"", ""addr:housenumber"": ""9"", ""addr:source"": ""Guelph Open Data"", ""addr:street"": ""Burns Drive"", ""addr:unit"": ""60""}"
12,June Avenue,node,-14698,,Burns Drive,9,create,9 Burns Drive,61,,yes,yes,,43.55807,-80.2808,"{""addr:city"": ""Guelph"", ""addr:housenumber"": ""9"", ""addr:source"": ""Guelph Open Data"", ""addr:street"": ""Burns Drive"", ""addr:unit"": ""61""}"
12,June Avenue,node,-38268,,Burns Drive,9,create,9 Burns Drive,62,,yes,no,,43.55811,-80.28086,"{""addr:city"": ""Guelph"", ""addr:housenumber"": ""9"", ""addr:source"": ""Guelph Open Data"", ""addr:street"": ""Burns Drive"", ""addr:unit"": ""62""}"
12,June Avenue,node,-34161,,Burns Drive,9,create,9 Burns Drive,63,,yes,yes,,43.55811,-80.28075,"{""addr:city"": ""Guelph"", ""addr:housenumber"": ""9"", ""addr:source"": ""Guelph Open Data"", ""addr:street"": ""Burns Drive"", ""addr:unit"": ""63""}"
12,June Avenue,node,-17061,,Burns Drive,9,create,9 Burns Drive,64,,yes,no,,43.55815,-80.28081,"{""addr:city"": ""Guelph"", ""addr:housenumber"": ""9"", ""addr:source"": ""Guelph Open Data"", ""addr:street"": ""Burns Drive"", ""addr:unit"": ""64""}"
12,June Avenue,node,-31602,,Burns Drive,9,create,9 Burns Drive,65,,yes,yes,,43.55815,-80.28071,"{""addr:city"": ""Guelph"", ""addr:housenumber"": ""9"", ""addr:source"": ""Guelph Open Data"", ""addr:street"": ""Burns Drive"", ""addr:unit"": ""65""}"
12,June Avenue,node,-44169,,Burns Drive,9,create,9 Burns Drive,66,,yes,no,,43.55819,-80.28076,"{""addr:city"": ""Guelph"", ""addr:housenumber"": ""9"", ""addr:source"": ""Guelph Open Data"", ""addr:street"": ""Burns Drive"", ""addr:unit"": ""66""}"
12,June Avenue,node,-36711,,Burns Drive,9,create,9 Burns Drive,67,,yes,yes,,43.55818,-80.28066,"{""addr:city"": ""Guelph"", ""addr:housenumber"": ""9"", ""addr:source"": ""Guelph Open Data"", ""addr:street"": ""Burns Drive"", ""addr:unit"": ""67""}"
12,June Avenue,node,-5877,,Burns Drive,9,create,9 Burns Drive,68,,yes,no,,43.55822,-80.28071,"{""addr:city"": ""Guelph"", ""addr:housenumber"": ""9"", ""addr:source"": ""Guelph Open Data"", ""addr:street"": ""Burns Drive"", ""addr:unit"": ""68""}"
12,June Avenue,node,-8615,,Burns Drive,9,create,9 Burns Drive,69,,yes,yes,,43.55823,-80.2806,"{""addr:city"": ""Guelph"", ""addr:housenumber"": ""9"", ""addr:source"": ""Guelph Open Data"", ""addr:street"": ""Burns Drive"", ""addr:unit"": ""69""}"
12,June Avenue,node,-11190,,Burns Drive,9,create,9 Burns Drive,70,,yes,no,,43.55827,-80.28065,"{""addr:city"": ""Guelph"", ""addr:housenumber"": ""9"", ""addr:source"": ""Guelph Open Data"", ""addr:street"": ""Burns Drive"", ""addr:unit"": ""70""}"
13,Exhibition Park,way,925775122,5,Cardigan Street,122,modify,122 Cardigan Street,,1-4,,,,,,
13,Exhibition Park,node,-53896,,Cardigan Street,122,create,122 Cardigan Street,1,,yes,yes,,43.55093,-80.25544,"{""addr:city"": ""Guelph"", ""addr:housenumber"": ""122"", ""addr:source"": ""Guelph Open Data"", ""addr:street"": ""Cardigan Street"", ""addr:unit"": ""1""}"
13,Exhibition Park,node,-53895,,Cardigan Street,122,create,122 Cardigan Street,2,,yes,yes,,43.55096,-80.2555,"{""addr:city"": ""Guelph"", ""addr:housenumber"": ""122"", ""addr:source"": ""Guelph Open Data"", ""addr:street"": ""Cardigan Street"", ""addr:unit"": ""2""}"
13,Exhibition Park,node,-53897,,Cardigan Street,122,create,122 Cardigan Street,3,,yes,yes,,43.55093,-80.25554,"{""addr:city"": ""Guelph"", ""addr:housenumber"": ""122"", ""addr:source"": ""Guelph Open Data"", ""addr:street"": ""Cardigan Street"", ""addr:unit"": ""3""}"
13,Exhibition Park,node,-53898,,Cardigan Street,122,create,122 Cardigan Street,4,,yes,yes,,43.5509,-80.25548,"{""addr:city"": ""Guelph"", ""addr:housenumber"": ""122"", ""addr:source"": ""Guelph Open Data"", ""addr:street"": ""Cardigan Street"", ""addr:unit"": ""4""}"
13,Exhibition Park,way,1430415280,2,Dublin Street North,124,modify,124 Dublin Street North,,A;B,,,,,,
13,Exhibition Park,node,-33586,,Dublin Street North,124,create,124 Dublin Street North,A,,yes,yes,,43.54488,-80.2549,"{""addr:city"": ""Guelph"", ""addr:housenumber"": ""124"", ""addr:source"": ""Guelph Open Data"", ""addr:street"": ""Dublin Street North"", ""addr:unit"": ""A""}"
13,Exhibition Park,node,-46637,,Dublin Street North,124,create,124 Dublin Street North,B,,yes,yes,,43.54486,-80.25495,"{""addr:city"": ""Guelph"", ""addr:housenumber"": ""124"", ""addr:source"": ""Guelph Open Data"", ""addr:street"": ""Dublin Street North"", ""addr:unit"": ""B""}"
13,Exhibition Park,way,925437750,4,Dublin Street North,126,modify,126 Dublin Street North,,A;B,,,,,,
13,Exhibition Park,node,-46638,,Dublin Street North,126,create,126 Dublin Street North,A,,yes,yes,,43.54494,-80.25495,"{""addr:city"": ""Guelph"", ""addr:housenumber"": ""126"", ""addr:source"": ""Guelph Open Data"", ""addr:street"": ""Dublin Street North"", ""addr:unit"": ""A""}"
13,Exhibition Park,node,-46639,,Dublin Street North,126,create,126 Dublin Street North,B,,yes,yes,,43.54491,-80.25499,"{""addr:city"": ""Guelph"", ""addr:housenumber"": ""126"", ""addr:source"": ""Guelph Open Data"", ""addr:street"": ""Dublin Street North"", ""addr:unit"": ""B""}"
13,Exhibition Park,way,925746826,5,Liverpool Street,23,modify,23 Liverpool Street,,A;B;C,,,,,,
13,Exhibition Park,node,-55242,,Liverpool Street,23,create,23 Liverpool Street,A,,yes,yes,,43.54664,-80.25478,"{""addr:city"": ""Guelph"", ""addr:housenumber"": ""23"", ""addr:source"": ""Guelph Open Data"", ""addr:street"": ""Liverpool Street"", ""addr:unit"": ""A""}"
13,Exhibition Park,node,-55243,,Liverpool Street,23,create,23 Liverpool Street,B,,yes,yes,,43.54667,-80.25482,"{""addr:city"": ""Guelph"", ""addr:housenumber"": ""23"", ""addr:source"": ""Guelph Open Data"", ""addr:street"": ""Liverpool Street"", ""addr:unit"": ""B""}"
13,Exhibition Park,node,-55244,,Liverpool Street,23,create,23 Liverpool Street,C,,yes,yes,,43.54671,-80.25486,"{""addr:city"": ""Guelph"", ""addr:housenumber"": ""23"", ""addr:source"": ""Guelph Open Data"", ""addr:street"": ""Liverpool Street"", ""addr:unit"": ""C""}"
13,Exhibition Park,way,1369220537,4,Westmount Road,120,modify,120 Westmount Road,,2;4,,,,,,
13,Exhibition Park,node,-56388,,Westmount Road,120,create,120 Westmount Road,1,,yes,yes,,43.55188,-80.27263,"{""addr:city"": ""Guelph"", ""addr:housenumber"": ""120"", ""addr:source"": ""Guelph Open Data"", ""addr:street"": ""Westmount Road"", ""addr:unit"": ""1""}"
13,Exhibition Park,node,-56375,,Westmount Road,120,create,120 Westmount Road,2,,yes,yes,,43.55168,-80.27235,"{""addr:city"": ""Guelph"", ""addr:housenumber"": ""120"", ""addr:source"": ""Guelph Open Data"", ""addr:street"": ""Westmount Road"", ""addr:unit"": ""2""}"
13,Exhibition Park,node,-56387,,Westmount Road,120,create,120 Westmount Road,3,,yes,yes,,43.55183,-80.27271,"{""addr:city"": ""Guelph"", ""addr:housenumber"": ""120"", ""addr:source"": ""Guelph Open Data"", ""addr:street"": ""Westmount Road"", ""addr:unit"": ""3""}"
13,Exhibition Park,node,-56376,,Westmount Road,120,create,120 Westmount Road,4,,yes,yes,,43.55162,-80.27242,"{""addr:city"": ""Guelph"", ""addr:housenumber"": ""120"", ""addr:source"": ""Guelph Open Data"", ""addr:street"": ""Westmount Road"", ""addr:unit"": ""4""}"
13,Exhibition Park,node,-56386,,Westmount Road,120,create,120 Westmount Road,5,,yes,yes,,43.55172,-80.27285,"{""addr:city"": ""Guelph"", ""addr:housenumber"": ""120"", ""addr:source"": ""Guelph Open Data"", ""addr:street"": ""Westmount Road"", ""addr:unit"": ""5""}"
13,Exhibition Park,node,-56377,,Westmount Road,120,create,120 Westmount Road,6,,yes,yes,,43.55152,-80.27257,"{""addr:city"": ""Guelph"", ""addr:housenumber"": ""120"", ""addr:source"": ""Guelph Open Data"", ""addr:street"": ""Westmount Road"", ""addr:unit"": ""6""}"
13,Exhibition Park,node,-56385,,Westmount Road,120,create,120 Westmount Road,7,,yes,yes,,43.55167,-80.27292,"{""addr:city"": ""Guelph"", ""addr:housenumber"": ""120"", ""addr:source"": ""Guelph Open Data"", ""addr:street"": ""Westmount Road"", ""addr:unit"": ""7""}"
13,Exhibition Park,node,-56378,,Westmount Road,120,create,120 Westmount Road,8,,yes,yes,,43.55147,-80.27264,"{""addr:city"": ""Guelph"", ""addr:housenumber"": ""120"", ""addr:source"": ""Guelph Open Data"", ""addr:street"": ""Westmount Road"", ""addr:unit"": ""8""}"
13,Exhibition Park,node,-56384,,Westmount Road,120,create,120 Westmount Road,9,,yes,yes,,43.55156,-80.27307,"{""addr:city"": ""Guelph"", ""addr:housenumber"": ""120"", ""addr:source"": ""Guelph Open Data"", ""addr:street"": ""Westmount Road"", ""addr:unit"": ""9""}"
13,Exhibition Park,node,-56379,,Westmount Road,120,create,120 Westmount Road,10,,yes,yes,,43.55136,-80.27278,"{""addr:city"": ""Guelph"", ""addr:housenumber"": ""120"", ""addr:source"": ""Guelph Open Data"", ""addr:street"": ""Westmount Road"", ""addr:unit"": ""10""}"
13,Exhibition Park,node,-56383,,Westmount Road,120,create,120 Westmount Road,11,,yes,yes,,43.55151,-80.27314,"{""addr:city"": ""Guelph"", ""addr:housenumber"": ""120"", ""addr:source"": ""Guelph Open Data"", ""addr:street"": ""Westmount Road"", ""addr:unit"": ""11""}"
13,Exhibition Park,node,-56380,,Westmount Road,120,create,120 Westmount Road,12,,yes,yes,,43.55131,-80.27285,"{""addr:city"": ""Guelph"", ""addr:housenumber"": ""120"", ""addr:source"": ""Guelph Open Data"", ""addr:street"": ""Westmount Road"", ""addr:unit"": ""12""}"
13,Exhibition Park,node,-56381,,Westmount Road,120,create,120 Westmount Road,13,,yes,yes,,43.5512,-80.273,"{""addr:city"": ""Guelph"", ""addr:housenumber"": ""120"", ""addr:source"": ""Guelph Open Data"", ""addr:street"": ""Westmount Road"", ""addr:unit"": ""13""}"
13,Exhibition Park,node,-56382,,Westmount Road,120,create,120 Westmount Road,14,,yes,yes,,43.55115,-80.27307,"{""addr:city"": ""Guelph"", ""addr:housenumber"": ""120"", ""addr:source"": ""Guelph Open Data"", ""addr:street"": ""Westmount Road"", ""addr:unit"": ""14""}"
13,Exhibition Park,node,-56395,,Westmount Road,120,create,120 Westmount Road,15,,yes,yes,,43.5517,-80.27383,"{""addr:city"": ""Guelph"", ""addr:housenumber"": ""120"", ""addr:source"": ""Guelph Open Data"", ""addr:street"": ""Westmount Road"", ""addr:unit"": ""15""}"
13,Exhibition Park,node,-56396,,Westmount Road,120,create,120 Westmount Road,16,,yes,yes,,43.55175,-80.27376,"{""addr:city"": ""Guelph"", ""addr:housenumber"": ""120"", ""addr:source"": ""Guelph Open Data"", ""addr:street"": ""Westmount Road"", ""addr:unit"": ""16""}"
13,Exhibition Park,node,-56394,,Westmount Road,120,create,120 Westmount Road,17,,yes,yes,,43.55165,-80.27333,"{""addr:city"": ""Guelph"", ""addr:housenumber"": ""120"", ""addr:source"": ""Guelph Open Data"", ""addr:street"": ""Westmount Road"", ""addr:unit"": ""17""}"
13,Exhibition Park,node,-56397,,Westmount Road,120,create,120 Westmount Road,18,,yes,yes,,43.55186,-80.27361,"{""addr:city"": ""Guelph"", ""addr:housenumber"": ""120"", ""addr:source"": ""Guelph Open Data"", ""addr:street"": ""Westmount Road"", ""addr:unit"": ""18""}"
13,Exhibition Park,node,-56393,,Westmount Road,120,create,120 Westmount Road,19,,yes,yes,,43.5517,-80.27326,"{""addr:city"": ""Guelph"", ""addr:housenumber"": ""120"", ""addr:source"": ""Guelph Open Data"", ""addr:street"": ""Westmount Road"", ""addr:unit"": ""19""}"
13,Exhibition Park,node,-56398,,Westmount Road,120,create,120 Westmount Road,20,,yes,yes,,43.55191,-80.27354,"{""addr:city"": ""Guelph"", ""addr:housenumber"": ""120"", ""addr:source"": ""Guelph Open Data"", ""addr:street"": ""Westmount Road"", ""addr:unit"": ""20""}"
13,Exhibition Park,node,-56392,,Westmount Road,120,create,120 Westmount Road,21,,yes,yes,,43.55181,-80.27311,"{""addr:city"": ""Guelph"", ""addr:housenumber"": ""120"", ""addr:source"": ""Guelph Open Data"", ""addr:street"": ""Westmount Road"", ""addr:unit"": ""21""}"
13,Exhibition Park,node,-56399,,Westmount Road,120,create,120 Westmount Road,22,,yes,yes,,43.55202,-80.2734,"{""addr:city"": ""Guelph"", ""addr:housenumber"": ""120"", ""addr:source"": ""Guelph Open Data"", ""addr:street"": ""Westmount Road"", ""addr:unit"": ""22""}"
13,Exhibition Park,node,-56391,,Westmount Road,120,create,120 Westmount Road,23,,yes,yes,,43.55186,-80.27304,"{""addr:city"": ""Guelph"", ""addr:housenumber"": ""120"", ""addr:source"": ""Guelph Open Data"", ""addr:street"": ""Westmount Road"", ""addr:unit"": ""23""}"
13,Exhibition Park,node,-56400,,Westmount Road,120,create,120 Westmount Road,24,,yes,yes,,43.55207,-80.27332,"{""addr:city"": ""Guelph"", ""addr:housenumber"": ""120"", ""addr:source"": ""Guelph Open Data"", ""addr:street"": ""Westmount Road"", ""addr:unit"": ""24""}"
13,Exhibition Park,node,-56390,,Westmount Road,120,create,120 Westmount Road,25,,yes,yes,,43.55197,-80.2729,"{""addr:city"": ""Guelph"", ""addr:housenumber"": ""120"", ""addr:source"": ""Guelph Open Data"", ""addr:street"": ""Westmount Road"", ""addr:unit"": ""25""}"
13,Exhibition Park,node,-56401,,Westmount Road,120,create,120 Westmount Road,26,,yes,yes,,43.55217,-80.27318,"{""addr:city"": ""Guelph"", ""addr:housenumber"": ""120"", ""addr:source"": ""Guelph Open Data"", ""addr:street"": ""Westmount Road"", ""addr:unit"": ""26""}"
13,Exhibition Park,node,-56389,,Westmount Road,120,create,120 Westmount Road,27,,yes,yes,,43.55202,-80.27282,"{""addr:city"": ""Guelph"", ""addr:housenumber"": ""120"", ""addr:source"": ""Guelph Open Data"", ""addr:street"": ""Westmount Road"", ""addr:unit"": ""27""}"
13,Exhibition Park,node,-56402,,Westmount Road,120,create,120 Westmount Road,28,,yes,yes,,43.55223,-80.27311,"{""addr:city"": ""Guelph"", ""addr:housenumber"": ""120"", ""addr:source"": ""Guelph Open Data"", ""addr:street"": ""Westmount Road"", ""addr:unit"": ""28""}"
13,Exhibition Park,way,1369220538,4,Westmount Road,120,modify,120 Westmount Road,,6;8,,,,,,
13,Exhibition Park,way,1369220539,4,Westmount Road,120,modify,120 Westmount Road,,10;12,,,,,,
13,Exhibition Park,way,1369220540,5,Westmount Road,120,modify,120 Westmount Road,,13-14,,,,,,
13,Exhibition Park,way,1369220541,4,Westmount Road,120,modify,120 Westmount Road,,5;7,,,,,,
13,Exhibition Park,way,1369220542,5,Westmount Road,120,modify,120 Westmount Road,,9;11,,,,,,
13,Exhibition Park,way,1369220543,4,Westmount Road,120,modify,120 Westmount Road,,1;3,,,,,,
13,Exhibition Park,way,1369220544,5,Westmount Road,120,modify,120 Westmount Road,,15-16,,,,,,
13,Exhibition Park,way,1369220545,4,Westmount Road,120,modify,120 Westmount Road,,18;20,,,,,,
13,Exhibition Park,way,1369220546,4,Westmount Road,120,modify,120 Westmount Road,,22;24,,,,,,
13,Exhibition Park,way,1369220547,4,Westmount Road,120,modify,120 Westmount Road,,26;28,,,,,,
13,Exhibition Park,way,1369220548,4,Westmount Road,120,modify,120 Westmount Road,,17;19,,,,,,
13,Exhibition Park,way,1369220549,4,Westmount Road,120,modify,120 Westmount Road,,21;23,,,,,,
13,Exhibition Park,way,1369220550,4,Westmount Road,120,modify,120 Westmount Road,,25;27,,,,,,
13,Exhibition Park,node,13165539606,2,Woolwich Street,323,modify,323 Woolwich Street,,A;B,,,,,,
13,Exhibition Park,node,-54801,,Woolwich Street,323,create,323 Woolwich Street,A,,yes,node-listing,,43.55096,-80.25758,"{""addr:city"": ""Guelph"", ""addr:housenumber"": ""323"", ""addr:source"": ""Guelph Open Data"", ""addr:street"": ""Woolwich Street"", ""addr:unit"": ""A""}"
13,Exhibition Park,node,-54802,,Woolwich Street,323,create,323 Woolwich Street,B,,yes,node-listing,,43.551,-80.25752,"{""addr:city"": ""Guelph"", ""addr:housenumber"": ""323"", ""addr:source"": ""Guelph Open Data"", ""addr:street"": ""Woolwich Street"", ""addr:unit"": ""B""}"
13,Exhibition Park,node,13165539605,2,Woolwich Street,325,modify,325 Woolwich Street,,A;B,,,,,,
13,Exhibition Park,node,-54804,,Woolwich Street,325,create,325 Woolwich Street,A,,yes,node-listing,,43.55096,-80.2577,"{""addr:city"": ""Guelph"", ""addr:housenumber"": ""325"", ""addr:source"": ""Guelph Open Data"", ""addr:street"": ""Woolwich Street"", ""addr:unit"": ""A""}"
13,Exhibition Park,node,-54803,,Woolwich Street,325,create,325 Woolwich Street,B,,yes,node-listing,,43.55101,-80.25762,"{""addr:city"": ""Guelph"", ""addr:housenumber"": ""325"", ""addr:source"": ""Guelph Open Data"", ""addr:street"": ""Woolwich Street"", ""addr:unit"": ""B""}"
13,Exhibition Park,way,926071750,4,Woolwich Street,448,modify,448 Woolwich Street,,B,,,,,,
13,Exhibition Park,node,-56807,,Woolwich Street,448,create,448 Woolwich Street,B,,yes,yes,,43.55355,-80.26198,"{""addr:city"": ""Guelph"", ""addr:housenumber"": ""448"", ""addr:source"": ""Guelph Open Data"", ""addr:street"": ""Woolwich Street"", ""addr:unit"": ""B""}"
14,Hanlon Creek,way,800638895,4,Gordon Street,941,modify,941 Gordon Street,,65-68,,,,,,
14,Hanlon Creek,node,-4374,,Gordon Street,941,create,941 Gordon Street,1,,yes,yes,,43.52294,-80.21514,"{""addr:city"": ""Guelph"", ""addr:housenumber"": ""941"", ""addr:source"": ""Guelph Open Data"", ""addr:street"": ""Gordon Street"", ""addr:unit"": ""1""}"
14,Hanlon Creek,node,-21747,,Gordon Street,941,create,941 Gordon Street,2,,yes,yes,,43.523,-80.21509,"{""addr:city"": ""Guelph"", ""addr:housenumber"": ""941"", ""addr:source"": ""Guelph Open Data"", ""addr:street"": ""Gordon Street"", ""addr:unit"": ""2""}"
14,Hanlon Creek,node,-7882,,Gordon Street,941,create,941 Gordon Street,3,,yes,yes,,43.523,-80.21525,"{""addr:city"": ""Guelph"", ""addr:housenumber"": ""941"", ""addr:source"": ""Guelph Open Data"", ""addr:street"": ""Gordon Street"", ""addr:unit"": ""3""}"
14,Hanlon Creek,node,-16651,,Gordon Street,941,create,941 Gordon Street,4,,yes,yes,,43.52305,-80.2152,"{""addr:city"": ""Guelph"", ""addr:housenumber"": ""941"", ""addr:source"": ""Guelph Open Data"", ""addr:street"": ""Gordon Street"", ""addr:unit"": ""4""}"
14,Hanlon Creek,node,-7134,,Gordon Street,941,create,941 Gordon Street,5,,yes,yes,,43.5228,-80.21532,"{""addr:city"": ""Guelph"", ""addr:housenumber"": ""941"", ""addr:source"": ""Guelph Open Data"", ""addr:street"": ""Gordon Street"", ""addr:unit"": ""5""}"
14,Hanlon Creek,node,-14150,,Gordon Street,941,create,941 Gordon Street,6,,yes,yes,,43.52285,-80.21544,"{""addr:city"": ""Guelph"", ""addr:housenumber"": ""941"", ""addr:source"": ""Guelph Open Data"", ""addr:street"": ""Gordon Street"", ""addr:unit"": ""6""}"
14,Hanlon Creek,node,-39567,,Gordon Street,941,create,941 Gordon Street,7,,yes,yes,,43.52285,-80.21528,"{""addr:city"": ""Guelph"", ""addr:housenumber"": ""941"", ""addr:source"": ""Guelph Open Data"", ""addr:street"": ""Gordon Street"", ""addr:unit"": ""7""}"
14,Hanlon Creek,node,-20739,,Gordon Street,941,create,941 Gordon Street,8,,yes,yes,,43.52291,-80.21539,"{""addr:city"": ""Guelph"", ""addr:housenumber"": ""941"", ""addr:source"": ""Guelph Open Data"", ""addr:street"": ""Gordon Street"", ""addr:unit"": ""8""}"
14,Hanlon Creek,node,-23579,,Gordon Street,941,create,941 Gordon Street,9,,yes,yes,,43.52265,-80.21551,"{""addr:city"": ""Guelph"", ""addr:housenumber"": ""941"", ""addr:source"": ""Guelph Open Data"", ""addr:street"": ""Gordon Street"", ""addr:unit"": ""9""}"
14,Hanlon Creek,node,-45067,,Gordon Street,941,create,941 Gordon Street,10,,yes,no,,43.52272,-80.21545,"{""addr:city"": ""Guelph"", ""addr:housenumber"": ""941"", ""addr:source"": ""Guelph Open Data"", ""addr:street"": ""Gordon Street"", ""addr:unit"": ""10""}"
14,Hanlon Creek,node,-43311,,Gordon Street,941,create,941 Gordon Street,11,,yes,yes,,43.52272,-80.21562,"{""addr:city"": ""Guelph"", ""addr:housenumber"": ""941"", ""addr:source"": ""Guelph Open Data"", ""addr:street"": ""Gordon Street"", ""addr:unit"": ""11""}"
14,Hanlon Creek,node,-29147,,Gordon Street,941,create,941 Gordon Street,12,,yes,yes,,43.52276,-80.21557,"{""addr:city"": ""Guelph"", ""addr:housenumber"": ""941"", ""addr:source"": ""Guelph Open Data"", ""addr:street"": ""Gordon Street"", ""addr:unit"": ""12""}"
14,Hanlon Creek,node,-34752,,Gordon Street,941,create,941 Gordon Street,13,,yes,yes,,43.5225,-80.21567,"{""addr:city"": ""Guelph"", ""addr:housenumber"": ""941"", ""addr:source"": ""Guelph Open Data"", ""addr:street"": ""Gordon Street"", ""addr:unit"": ""13""}"
14,Hanlon Creek,node,-43109,,Gordon Street,941,create,941 Gordon Street,14,,yes,no,,43.52256,-80.21562,"{""addr:city"": ""Guelph"", ""addr:housenumber"": ""941"", ""addr:source"": ""Guelph Open Data"", ""addr:street"": ""Gordon Street"", ""addr:unit"": ""14""}"
14,Hanlon Creek,node,-41960,,Gordon Street,941,create,941 Gordon Street,15,,yes,yes,,43.52256,-80.21578,"{""addr:city"": ""Guelph"", ""addr:housenumber"": ""941"", ""addr:source"": ""Guelph Open Data"", ""addr:street"": ""Gordon Street"", ""addr:unit"": ""15""}"
14,Hanlon Creek,node,-6301,,Gordon Street,941,create,941 Gordon Street,16,,yes,yes,,43.52261,-80.21574,"{""addr:city"": ""Guelph"", ""addr:housenumber"": ""941"", ""addr:source"": ""Guelph Open Data"", ""addr:street"": ""Gordon Street"", ""addr:unit"": ""16""}"
14,Hanlon Creek,node,-3649,,Gordon Street,941,create,941 Gordon Street,17,,yes,yes,,43.52205,-80.21612,"{""addr:city"": ""Guelph"", ""addr:housenumber"": ""941"", ""addr:source"": ""Guelph Open Data"", ""addr:street"": ""Gordon Street"", ""addr:unit"": ""17""}"
14,Hanlon Creek,node,-18466,,Gordon Street,941,create,941 Gordon Street,18,,yes,yes,,43.5221,-80.21618,"{""addr:city"": ""Guelph"", ""addr:housenumber"": ""941"", ""addr:source"": ""Guelph Open Data"", ""addr:street"": ""Gordon Street"", ""addr:unit"": ""18""}"
14,Hanlon Creek,node,-18595,,Gordon Street,941,create,941 Gordon Street,19,,yes,yes,,43.52197,-80.21622,"{""addr:city"": ""Guelph"", ""addr:housenumber"": ""941"", ""addr:source"": ""Guelph Open Data"", ""addr:street"": ""Gordon Street"", ""addr:unit"": ""19""}"
14,Hanlon Creek,node,-31690,,Gordon Street,941,create,941 Gordon Street,20,,yes,yes,,43.52202,-80.21627,"{""addr:city"": ""Guelph"", ""addr:housenumber"": ""941"", ""addr:source"": ""Guelph Open Data"", ""addr:street"": ""Gordon Street"", ""addr:unit"": ""20""}"
14,Hanlon Creek,node,-8084,,Gordon Street,941,create,941 Gordon Street,21,,yes,yes,,43.522,-80.21579,"{""addr:city"": ""Guelph"", ""addr:housenumber"": ""941"", ""addr:source"": ""Guelph Open Data"", ""addr:street"": ""Gordon Street"", ""addr:unit"": ""21""}"
14,Hanlon Creek,node,-42061,,Gordon Street,941,create,941 Gordon Street,22,,yes,yes,,43.522,-80.21589,"{""addr:city"": ""Guelph"", ""addr:housenumber"": ""941"", ""addr:source"": ""Guelph Open Data"", ""addr:street"": ""Gordon Street"", ""addr:unit"": ""22""}"
14,Hanlon Creek,node,-8717,,Gordon Street,941,create,941 Gordon Street,23,,yes,yes,,43.52189,-80.2158,"{""addr:city"": ""Guelph"", ""addr:housenumber"": ""941"", ""addr:source"": ""Guelph Open Data"", ""addr:street"": ""Gordon Street"", ""addr:unit"": ""23""}"
14,Hanlon Creek,node,-16491,,Gordon Street,941,create,941 Gordon Street,24,,yes,yes,,43.5219,-80.21589,"{""addr:city"": ""Guelph"", ""addr:housenumber"": ""941"", ""addr:source"": ""Guelph Open Data"", ""addr:street"": ""Gordon Street"", ""addr:unit"": ""24""}"
14,Hanlon Creek,node,-41612,,Gordon Street,941,create,941 Gordon Street,25,,yes,yes,,43.52254,-80.21511,"{""addr:city"": ""Guelph"", ""addr:housenumber"": ""941"", ""addr:source"": ""Guelph Open Data"", ""addr:street"": ""Gordon Street"", ""addr:unit"": ""25""}"
14,Hanlon Creek,node,-39514,,Gordon Street,941,create,941 Gordon Street,26,,yes,yes,,43.52248,-80.21514,"{""addr:city"": ""Guelph"", ""addr:housenumber"": ""941"", ""addr:source"": ""Guelph Open Data"", ""addr:street"": ""Gordon Street"", ""addr:unit"": ""26""}"
14,Hanlon Creek,node,-21110,,Gordon Street,941,create,941 Gordon Street,27,,yes,yes,,43.52248,-80.21499,"{""addr:city"": ""Guelph"", ""addr:housenumber"": ""941"", ""addr:source"": ""Guelph Open Data"", ""addr:street"": ""Gordon Street"", ""addr:unit"": ""27""}"
14,Hanlon Creek,node,-7481,,Gordon Street,941,create,941 Gordon Street,28,,yes,yes,,43.52243,-80.21504,"{""addr:city"": ""Guelph"", ""addr:housenumber"": ""941"", ""addr:source"": ""Guelph Open Data"", ""addr:street"": ""Gordon Street"", ""addr:unit"": ""28""}"
14,Hanlon Creek,node,-12218,,Gordon Street,941,create,941 Gordon Street,29,,yes,yes,,43.52268,-80.21491,"{""addr:city"": ""Guelph"", ""addr:housenumber"": ""941"", ""addr:source"": ""Guelph Open Data"", ""addr:street"": ""Gordon Street"", ""addr:unit"": ""29""}"
14,Hanlon Creek,node,-4190,,Gordon Street,941,create,941 Gordon Street,30,,yes,yes,,43.52262,-80.21496,"{""addr:city"": ""Guelph"", ""addr:housenumber"": ""941"", ""addr:source"": ""Guelph Open Data"", ""addr:street"": ""Gordon Street"", ""addr:unit"": ""30""}"
14,Hanlon Creek,node,-39448,,Gordon Street,941,create,941 Gordon Street,31,,yes,no,,43.52263,-80.21479,"{""addr:city"": ""Guelph"", ""addr:housenumber"": ""941"", ""addr:source"": ""Guelph Open Data"", ""addr:street"": ""Gordon Street"", ""addr:unit"": ""31""}"
14,Hanlon Creek,node,-43568,,Gordon Street,941,create,941 Gordon Street,32,,yes,yes,,43.52257,-80.21486,"{""addr:city"": ""Guelph"", ""addr:housenumber"": ""941"", ""addr:source"": ""Guelph Open Data"", ""addr:street"": ""Gordon Street"", ""addr:unit"": ""32""}"
14,Hanlon Creek,node,-31884,,Gordon Street,941,create,941 Gordon Street,33,,yes,yes,,43.52282,-80.21472,"{""addr:city"": ""Guelph"", ""addr:housenumber"": ""941"", ""addr:source"": ""Guelph Open Data"", ""addr:street"": ""Gordon Street"", ""addr:unit"": ""33""}"
14,Hanlon Creek,node,-18232,,Gordon Street,941,create,941 Gordon Street,34,,yes,yes,,43.52275,-80.21476,"{""addr:city"": ""Guelph"", ""addr:housenumber"": ""941"", ""addr:source"": ""Guelph Open Data"", ""addr:street"": ""Gordon Street"", ""addr:unit"": ""34""}"
14,Hanlon Creek,node,-20541,,Gordon Street,941,create,941 Gordon Street,35,,yes,yes,,43.52276,-80.21461,"{""addr:city"": ""Guelph"", ""addr:housenumber"": ""941"", ""addr:source"": ""Guelph Open Data"", ""addr:street"": ""Gordon Street"", ""addr:unit"": ""35""}"
14,Hanlon Creek,node,-4548,,Gordon Street,941,create,941 Gordon Street,36,,yes,yes,,43.52271,-80.21465,"{""addr:city"": ""Guelph"", ""addr:housenumber"": ""941"", ""addr:source"": ""Guelph Open Data"", ""addr:street"": ""Gordon Street"", ""addr:unit"": ""36""}"
14,Hanlon Creek,node,-21939,,Gordon Street,941,create,941 Gordon Street,37,,yes,yes,,43.52224,-80.21542,"{""addr:city"": ""Guelph"", ""addr:housenumber"": ""941"", ""addr:source"": ""Guelph Open Data"", ""addr:street"": ""Gordon Street"", ""addr:unit"": ""37""}"
14,Hanlon Creek,node,-42005,,Gordon Street,941,create,941 Gordon Street,38,,yes,yes,,43.52228,-80.21548,"{""addr:city"": ""Guelph"", ""addr:housenumber"": ""941"", ""addr:source"": ""Guelph Open Data"", ""addr:street"": ""Gordon Street"", ""addr:unit"": ""38""}"
14,Hanlon Creek,node,-19181,,Gordon Street,941,create,941 Gordon Street,39,,yes,yes,,43.52216,-80.21552,"{""addr:city"": ""Guelph"", ""addr:housenumber"": ""941"", ""addr:source"": ""Guelph Open Data"", ""addr:street"": ""Gordon Street"", ""addr:unit"": ""39""}"
14,Hanlon Creek,node,-21724,,Gordon Street,941,create,941 Gordon Street,40,,yes,yes,,43.52221,-80.21558,"{""addr:city"": ""Guelph"", ""addr:housenumber"": ""941"", ""addr:source"": ""Guelph Open Data"", ""addr:street"": ""Gordon Street"", ""addr:unit"": ""40""}"
14,Hanlon Creek,node,-40673,,Gordon Street,941,create,941 Gordon Street,41,,yes,yes,,43.52211,-80.21517,"{""addr:city"": ""Guelph"", ""addr:housenumber"": ""941"", ""addr:source"": ""Guelph Open Data"", ""addr:street"": ""Gordon Street"", ""addr:unit"": ""41""}"
14,Hanlon Creek,node,-10861,,Gordon Street,941,create,941 Gordon Street,42,,yes,yes,,43.52216,-80.21524,"{""addr:city"": ""Guelph"", ""addr:housenumber"": ""941"", ""addr:source"": ""Guelph Open Data"", ""addr:street"": ""Gordon Street"", ""addr:unit"": ""42""}"
14,Hanlon Creek,node,-15485,,Gordon Street,941,create,941 Gordon Street,43,,yes,yes,,43.52205,-80.21527,"{""addr:city"": ""Guelph"", ""addr:housenumber"": ""941"", ""addr:source"": ""Guelph Open Data"", ""addr:street"": ""Gordon Street"", ""addr:unit"": ""43""}"
14,Hanlon Creek,node,-10934,,Gordon Street,941,create,941 Gordon Street,44,,yes,yes,,43.5221,-80.21534,"{""addr:city"": ""Guelph"", ""addr:housenumber"": ""941"", ""addr:source"": ""Guelph Open Data"", ""addr:street"": ""Gordon Street"", ""addr:unit"": ""44""}"
14,Hanlon Creek,node,-28891,,Gordon Street,941,create,941 Gordon Street,45,,yes,yes,,43.52201,-80.21495,"{""addr:city"": ""Guelph"", ""addr:housenumber"": ""941"", ""addr:source"": ""Guelph Open Data"", ""addr:street"": ""Gordon Street"", ""addr:unit"": ""45""}"
14,Hanlon Creek,node,-43164,,Gordon Street,941,create,941 Gordon Street,46,,yes,yes,,43.52205,-80.21502,"{""addr:city"": ""Guelph"", ""addr:housenumber"": ""941"", ""addr:source"": ""Guelph Open Data"", ""addr:street"": ""Gordon Street"", ""addr:unit"": ""46""}"
14,Hanlon Creek,node,-15944,,Gordon Street,941,create,941 Gordon Street,47,,yes,yes,,43.52194,-80.21506,"{""addr:city"": ""Guelph"", ""addr:housenumber"": ""941"", ""addr:source"": ""Guelph Open Data"", ""addr:street"": ""Gordon Street"", ""addr:unit"": ""47""}"
14,Hanlon Creek,node,-39596,,Gordon Street,941,create,941 Gordon Street,48,,yes,yes,,43.52197,-80.21512,"{""addr:city"": ""Guelph"", ""addr:housenumber"": ""941"", ""addr:source"": ""Guelph Open Data"", ""addr:street"": ""Gordon Street"", ""addr:unit"": ""48""}"
14,Hanlon Creek,node,-7702,,Gordon Street,941,create,941 Gordon Street,49,,yes,yes,,43.52189,-80.21471,"{""addr:city"": ""Guelph"", ""addr:housenumber"": ""941"", ""addr:source"": ""Guelph Open Data"", ""addr:street"": ""Gordon Street"", ""addr:unit"": ""49""}"
14,Hanlon Creek,node,-41047,,Gordon Street,941,create,941 Gordon Street,50,,yes,yes,,43.52193,-80.21478,"{""addr:city"": ""Guelph"", ""addr:housenumber"": ""941"", ""addr:source"": ""Guelph Open Data"", ""addr:street"": ""Gordon Street"", ""addr:unit"": ""50""}"
14,Hanlon Creek,node,-30048,,Gordon Street,941,create,941 Gordon Street,51,,yes,yes,,43.52182,-80.21482,"{""addr:city"": ""Guelph"", ""addr:housenumber"": ""941"", ""addr:source"": ""Guelph Open Data"", ""addr:street"": ""Gordon Street"", ""addr:unit"": ""51""}"
14,Hanlon Creek,node,-4427,,Gordon Street,941,create,941 Gordon Street,52,,yes,yes,,43.52187,-80.21487,"{""addr:city"": ""Guelph"", ""addr:housenumber"": ""941"", ""addr:source"": ""Guelph Open Data"", ""addr:street"": ""Gordon Street"", ""addr:unit"": ""52""}"
14,Hanlon Creek,node,-33478,,Gordon Street,941,create,941 Gordon Street,53,,yes,yes,,43.52182,-80.21446,"{""addr:city"": ""Guelph"", ""addr:housenumber"": ""941"", ""addr:source"": ""Guelph Open Data"", ""addr:street"": ""Gordon Street"", ""addr:unit"": ""53""}"
14,Hanlon Creek,node,-33247,,Gordon Street,941,create,941 Gordon Street,54,,yes,yes,,43.52186,-80.21452,"{""addr:city"": ""Guelph"", ""addr:housenumber"": ""941"", ""addr:source"": ""Guelph Open Data"", ""addr:street"": ""Gordon Street"", ""addr:unit"": ""54""}"
14,Hanlon Creek,node,-22051,,Gordon Street,941,create,941 Gordon Street,55,,yes,yes,,43.52175,-80.21456,"{""addr:city"": ""Guelph"", ""addr:housenumber"": ""941"", ""addr:source"": ""Guelph Open Data"", ""addr:street"": ""Gordon Street"", ""addr:unit"": ""55""}"
14,Hanlon Creek,node,-22737,,Gordon Street,941,create,941 Gordon Street,56,,yes,yes,,43.52179,-80.21462,"{""addr:city"": ""Guelph"", ""addr:housenumber"": ""941"", ""addr:source"": ""Guelph Open Data"", ""addr:street"": ""Gordon Street"", ""addr:unit"": ""56""}"
14,Hanlon Creek,node,-29325,,Gordon Street,941,create,941 Gordon Street,57,,yes,yes,,43.52171,-80.21423,"{""addr:city"": ""Guelph"", ""addr:housenumber"": ""941"", ""addr:source"": ""Guelph Open Data"", ""addr:street"": ""Gordon Street"", ""addr:unit"": ""57""}"
14,Hanlon Creek,node,-24709,,Gordon Street,941,create,941 Gordon Street,58,,yes,yes,,43.52175,-80.2143,"{""addr:city"": ""Guelph"", ""addr:housenumber"": ""941"", ""addr:source"": ""Guelph Open Data"", ""addr:street"": ""Gordon Street"", ""addr:unit"": ""58""}"
14,Hanlon Creek,node,-28695,,Gordon Street,941,create,941 Gordon Street,59,,yes,yes,,43.52164,-80.21433,"{""addr:city"": ""Guelph"", ""addr:housenumber"": ""941"", ""addr:source"": ""Guelph Open Data"", ""addr:street"": ""Gordon Street"", ""addr:unit"": ""59""}"
14,Hanlon Creek,node,-32233,,Gordon Street,941,create,941 Gordon Street,60,,yes,yes,,43.52169,-80.21438,"{""addr:city"": ""Guelph"", ""addr:housenumber"": ""941"", ""addr:source"": ""Guelph Open Data"", ""addr:street"": ""Gordon Street"", ""addr:unit"": ""60""}"
14,Hanlon Creek,node,-41850,,Gordon Street,941,create,941 Gordon Street,61,,yes,yes,,43.52161,-80.214,"{""addr:city"": ""Guelph"", ""addr:housenumber"": ""941"", ""addr:source"": ""Guelph Open Data"", ""addr:street"": ""Gordon Street"", ""addr:unit"": ""61""}"
14,Hanlon Creek,node,-3818,,Gordon Street,941,create,941 Gordon Street,62,,yes,yes,,43.52165,-80.21406,"{""addr:city"": ""Guelph"", ""addr:housenumber"": ""941"", ""addr:source"": ""Guelph Open Data"", ""addr:street"": ""Gordon Street"", ""addr:unit"": ""62""}"
14,Hanlon Creek,node,-44791,,Gordon Street,941,create,941 Gordon Street,63,,yes,yes,,43.52154,-80.21411,"{""addr:city"": ""Guelph"", ""addr:housenumber"": ""941"", ""addr:source"": ""Guelph Open Data"", ""addr:street"": ""Gordon Street"", ""addr:unit"": ""63""}"
14,Hanlon Creek,node,-31330,,Gordon Street,941,create,941 Gordon Street,64,,yes,yes,,43.52158,-80.21417,"{""addr:city"": ""Guelph"", ""addr:housenumber"": ""941"", ""addr:source"": ""Guelph Open Data"", ""addr:street"": ""Gordon Street"", ""addr:unit"": ""64""}"
14,Hanlon Creek,node,-31632,,Gordon Street,941,create,941 Gordon Street,65,,yes,yes,,43.52148,-80.21381,"{""addr:city"": ""Guelph"", ""addr:housenumber"": ""941"", ""addr:source"": ""Guelph Open Data"", ""addr:street"": ""Gordon Street"", ""addr:unit"": ""65""}"
14,Hanlon Creek,node,-35423,,Gordon Street,941,create,941 Gordon Street,66,,yes,no,,43.52152,-80.21386,"{""addr:city"": ""Guelph"", ""addr:housenumber"": ""941"", ""addr:source"": ""Guelph Open Data"", ""addr:street"": ""Gordon Street"", ""addr:unit"": ""66""}"
14,Hanlon Creek,node,-36672,,Gordon Street,941,create,941 Gordon Street,67,,yes,yes,,43.52141,-80.21391,"{""addr:city"": ""Guelph"", ""addr:housenumber"": ""941"", ""addr:source"": ""Guelph Open Data"", ""addr:street"": ""Gordon Street"", ""addr:unit"": ""67""}"
14,Hanlon Creek,node,-29765,,Gordon Street,941,create,941 Gordon Street,68,,yes,yes,,43.52144,-80.21398,"{""addr:city"": ""Guelph"", ""addr:housenumber"": ""941"", ""addr:source"": ""Guelph Open Data"", ""addr:street"": ""Gordon Street"", ""addr:unit"": ""68""}"
14,Hanlon Creek,node,-4786,,Gordon Street,941,create,941 Gordon Street,69,,yes,yes,,43.52227,-80.21472,"{""addr:city"": ""Guelph"", ""addr:housenumber"": ""941"", ""addr:source"": ""Guelph Open Data"", ""addr:street"": ""Gordon Street"", ""addr:unit"": ""69""}"
14,Hanlon Creek,node,-32346,,Gordon Street,941,create,941 Gordon Street,70,,yes,yes,,43.52224,-80.21466,"{""addr:city"": ""Guelph"", ""addr:housenumber"": ""941"", ""addr:source"": ""Guelph Open Data"", ""addr:street"": ""Gordon Street"", ""addr:unit"": ""70""}"
14,Hanlon Creek,node,-41268,,Gordon Street,941,create,941 Gordon Street,71,,yes,yes,,43.52236,-80.21465,"{""addr:city"": ""Guelph"", ""addr:housenumber"": ""941"", ""addr:source"": ""Guelph Open Data"", ""addr:street"": ""Gordon Street"", ""addr:unit"": ""71""}"
14,Hanlon Creek,node,-23219,,Gordon Street,941,create,941 Gordon Street,72,,yes,yes,,43.52231,-80.21458,"{""addr:city"": ""Guelph"", ""addr:housenumber"": ""941"", ""addr:source"": ""Guelph Open Data"", ""addr:street"": ""Gordon Street"", ""addr:unit"": ""72""}"
14,Hanlon Creek,way,800638896,4,Gordon Street,941,modify,941 Gordon Street,,61-64,,,,,,
14,Hanlon Creek,way,800638897,4,Gordon Street,941,modify,941 Gordon Street,,57-60,,,,,,
14,Hanlon Creek,way,800638898,4,Gordon Street,941,modify,941 Gordon Street,,53-56,,,,,,
14,Hanlon Creek,way,800638899,4,Gordon Street,941,modify,941 Gordon Street,,49-52,,,,,,
14,Hanlon Creek,way,800638900,4,Gordon Street,941,modify,941 Gordon Street,,45-48,,,,,,
14,Hanlon Creek,way,800638901,4,Gordon Street,941,modify,941 Gordon Street,,41-44,,,,,,
14,Hanlon Creek,way,800638902,4,Gordon Street,941,modify,941 Gordon Street,,37-40,,,,,,
14,Hanlon Creek,way,800638903,4,Gordon Street,941,modify,941 Gordon Street,,21-24,,,,,,
14,Hanlon Creek,way,800638904,4,Gordon Street,941,modify,941 Gordon Street,,17-20,,,,,,
14,Hanlon Creek,way,800638905,4,Gordon Street,941,modify,941 Gordon Street,,13-16,,,,,,
14,Hanlon Creek,way,800638906,4,Gordon Street,941,modify,941 Gordon Street,,9-12,,,,,,
14,Hanlon Creek,way,800638907,4,Gordon Street,941,modify,941 Gordon Street,,5-8,,,,,,
14,Hanlon Creek,way,800638908,4,Gordon Street,941,modify,941 Gordon Street,,1-4,,,,,,
14,Hanlon Creek,way,800638909,4,Gordon Street,941,modify,941 Gordon Street,,33-36,,,,,,
14,Hanlon Creek,way,800638910,4,Gordon Street,941,modify,941 Gordon Street,,29-32,,,,,,
14,Hanlon Creek,way,800638911,4,Gordon Street,941,modify,941 Gordon Street,,25-28,,,,,,
14,Hanlon Creek,way,800638912,4,Gordon Street,941,modify,941 Gordon Street,,69-72,,,,,,
14,Hanlon Creek,way,212559741,7,Scottsdale Drive,615,modify,615 Scottsdale Drive,,A;B,,,,,,
14,Hanlon Creek,node,-54461,,Scottsdale Drive,615,create,615 Scottsdale Drive,A,,yes,yes,,43.51459,-80.23889,"{""addr:city"": ""Guelph"", ""addr:housenumber"": ""615"", ""addr:source"": ""Guelph Open Data"", ""addr:street"": ""Scottsdale Drive"", ""addr:unit"": ""A""}"
14,Hanlon Creek,node,-54467,,Scottsdale Drive,615,create,615 Scottsdale Drive,B,,yes,yes,,43.51443,-80.23912,"{""addr:city"": ""Guelph"", ""addr:housenumber"": ""615"", ""addr:source"": ""Guelph Open Data"", ""addr:street"": ""Scottsdale Drive"", ""addr:unit"": ""B""}"
14,Hanlon Creek,way,212559742,7,Scottsdale Drive,649,modify,649 Scottsdale Drive,,100-101,,,,,,
14,Hanlon Creek,node,-54470,,Scottsdale Drive,649,create,649 Scottsdale Drive,2,,yes,yes,,43.51398,-80.23797,"{""addr:city"": ""Guelph"", ""addr:housenumber"": ""649"", ""addr:source"": ""Guelph Open Data"", ""addr:street"": ""Scottsdale Drive"", ""addr:unit"": ""2""}"
14,Hanlon Creek,node,-54466,,Scottsdale Drive,649,create,649 Scottsdale Drive,2B,,yes,yes,,43.51394,-80.23803,"{""addr:city"": ""Guelph"", ""addr:housenumber"": ""649"", ""addr:source"": ""Guelph Open Data"", ""addr:street"": ""Scottsdale Drive"", ""addr:unit"": ""2B""}"
14,Hanlon Creek,node,-54463,,Scottsdale Drive,649,create,649 Scottsdale Drive,3,,yes,yes,,43.5139,-80.23808,"{""addr:city"": ""Guelph"", ""addr:housenumber"": ""649"", ""addr:source"": ""Guelph Open Data"", ""addr:street"": ""Scottsdale Drive"", ""addr:unit"": ""3""}"
14,Hanlon Creek,node,-54469,,Scottsdale Drive,649,create,649 Scottsdale Drive,4,,yes,yes,,43.51386,-80.23814,"{""addr:city"": ""Guelph"", ""addr:housenumber"": ""649"", ""addr:source"": ""Guelph Open Data"", ""addr:street"": ""Scottsdale Drive"", ""addr:unit"": ""4""}"
14,Hanlon Creek,node,-54465,,Scottsdale Drive,649,create,649 Scottsdale Drive,5,,yes,yes,,43.51377,-80.23825,"{""addr:city"": ""Guelph"", ""addr:housenumber"": ""649"", ""addr:source"": ""Guelph Open Data"", ""addr:street"": ""Scottsdale Drive"", ""addr:unit"": ""5""}"
14,Hanlon Creek,node,-54462,,Scottsdale Drive,649,create,649 Scottsdale Drive,100,,yes,yes,,43.5137,-80.23853,"{""addr:city"": ""Guelph"", ""addr:housenumber"": ""649"", ""addr:source"": ""Guelph Open Data"", ""addr:street"": ""Scottsdale Drive"", ""addr:unit"": ""100""}"
14,Hanlon Creek,node,-54468,,Scottsdale Drive,649,create,649 Scottsdale Drive,101,,yes,yes,,43.51384,-80.23875,"{""addr:city"": ""Guelph"", ""addr:housenumber"": ""649"", ""addr:source"": ""Guelph Open Data"", ""addr:street"": ""Scottsdale Drive"", ""addr:unit"": ""101""}"
14,Hanlon Creek,way,212559745,6,Scottsdale Drive,649,modify,649 Scottsdale Drive,,1-5;2B,,,,,,
14,Hanlon Creek,way,215069452,16,Stone Road West,304,modify,304 Stone Road West,,1-4,,,,,,
14,Hanlon Creek,node,-35262,,Stone Road West,304,create,304 Stone Road West,1,,yes,yes,,43.51866,-80.2346,"{""addr:city"": ""Guelph"", ""addr:housenumber"": ""304"", ""addr:source"": ""Guelph Open Data"", ""addr:street"": ""Stone Road West"", ""addr:unit"": ""1""}"
14,Hanlon Creek,node,-46007,,Stone Road West,304,create,304 Stone Road West,2,,yes,yes,,43.51858,-80.23451,"{""addr:city"": ""Guelph"", ""addr:housenumber"": ""304"", ""addr:source"": ""Guelph Open Data"", ""addr:street"": ""Stone Road West"", ""addr:unit"": ""2""}"
14,Hanlon Creek,node,-23420,,Stone Road West,304,create,304 Stone Road West,3,,yes,yes,,43.51853,-80.23444,"{""addr:city"": ""Guelph"", ""addr:housenumber"": ""304"", ""addr:source"": ""Guelph Open Data"", ""addr:street"": ""Stone Road West"", ""addr:unit"": ""3""}"
14,Hanlon Creek,node,-12404,,Stone Road West,304,create,304 Stone Road West,4,,yes,yes,,43.51848,-80.23437,"{""addr:city"": ""Guelph"", ""addr:housenumber"": ""304"", ""addr:source"": ""Guelph Open Data"", ""addr:street"": ""Stone Road West"", ""addr:unit"": ""4""}"
14,Hanlon Creek,node,-40344,,Stone Road West,304,create,304 Stone Road West,7,,yes,yes,,43.51797,-80.2343,"{""addr:city"": ""Guelph"", ""addr:housenumber"": ""304"", ""addr:source"": ""Guelph Open Data"", ""addr:street"": ""Stone Road West"", ""addr:unit"": ""7""}"
14,Hanlon Creek,node,-30780,,Stone Road West,304,create,304 Stone Road West,8,,yes,yes,,43.51803,-80.23422,"{""addr:city"": ""Guelph"", ""addr:housenumber"": ""304"", ""addr:source"": ""Guelph Open Data"", ""addr:street"": ""Stone Road West"", ""addr:unit"": ""8""}"
14,Hanlon Creek,node,-12405,,Stone Road West,304,create,304 Stone Road West,9,,yes,yes,,43.51808,-80.23414,"{""addr:city"": ""Guelph"", ""addr:housenumber"": ""304"", ""addr:source"": ""Guelph Open Data"", ""addr:street"": ""Stone Road West"", ""addr:unit"": ""9""}"
14,Hanlon Creek,node,-35263,,Stone Road West,304,create,304 Stone Road West,10,,yes,yes,,43.51813,-80.23407,"{""addr:city"": ""Guelph"", ""addr:housenumber"": ""304"", ""addr:source"": ""Guelph Open Data"", ""addr:street"": ""Stone Road West"", ""addr:unit"": ""10""}"
14,Hanlon Creek,node,-12406,,Stone Road West,304,create,304 Stone Road West,12,,yes,yes,,43.51824,-80.23393,"{""addr:city"": ""Guelph"", ""addr:housenumber"": ""304"", ""addr:source"": ""Guelph Open Data"", ""addr:street"": ""Stone Road West"", ""addr:unit"": ""12""}"
14,Hanlon Creek,way,215069453,6,Stone Road West,304,modify,304 Stone Road West,,7-12,,,,,,
14,Hanlon Creek,,,,Stone Road West,304,skip-existing,304 Stone Road West,11,,yes,yes,node/11581352095,43.51818,-80.23401,
14,Hanlon Creek,,,,Scottsdale Drive,649,skip-existing,649 Scottsdale Drive,1,,yes,yes,node/7202168500,43.51403,-80.23791,
15,Grange Hill East,way,802544822,3,Airpark Place,35,modify,35 Airpark Place,,1;3,,,,,,
15,Grange Hill East,node,-53870,,Airpark Place,35,create,35 Airpark Place,1,,yes,no,,43.56298,-80.20026,"{""addr:city"": ""Guelph"", ""addr:housenumber"": ""35"", ""addr:source"": ""Guelph Open Data"", ""addr:street"": ""Airpark Place"", ""addr:unit"": ""1""}"
15,Grange Hill East,node,-53876,,Airpark Place,35,create,35 Airpark Place,3,,yes,yes,,43.56307,-80.20015,"{""addr:city"": ""Guelph"", ""addr:housenumber"": ""35"", ""addr:source"": ""Guelph Open Data"", ""addr:street"": ""Airpark Place"", ""addr:unit"": ""3""}"
15,Grange Hill East,way,802544823,4,Airpark Place,45,modify,45 Airpark Place,,1-8,,,,,,
15,Grange Hill East,node,-53873,,Airpark Place,45,create,45 Airpark Place,1,,yes,no,,43.56337,-80.20017,"{""addr:city"": ""Guelph"", ""addr:housenumber"": ""45"", ""addr:source"": ""Guelph Open Data"", ""addr:street"": ""Airpark Place"", ""addr:unit"": ""1""}"
15,Grange Hill East,node,-53874,,Airpark Place,45,create,45 Airpark Place,2,,yes,no,,43.56327,-80.20002,"{""addr:city"": ""Guelph"", ""addr:housenumber"": ""45"", ""addr:source"": ""Guelph Open Data"", ""addr:street"": ""Airpark Place"", ""addr:unit"": ""2""}"
15,Grange Hill East,node,-53879,,Airpark Place,45,create,45 Airpark Place,3,,yes,no,,43.5632,-80.19992,"{""addr:city"": ""Guelph"", ""addr:housenumber"": ""45"", ""addr:source"": ""Guelph Open Data"", ""addr:street"": ""Airpark Place"", ""addr:unit"": ""3""}"
15,Grange Hill East,node,-53875,,Airpark Place,45,create,45 Airpark Place,4,,yes,no,,43.56311,-80.1998,"{""addr:city"": ""Guelph"", ""addr:housenumber"": ""45"", ""addr:source"": ""Guelph Open Data"", ""addr:street"": ""Airpark Place"", ""addr:unit"": ""4""}"
15,Grange Hill East,node,-53871,,Airpark Place,45,create,45 Airpark Place,5,,yes,no,,43.56325,-80.1996,"{""addr:city"": ""Guelph"", ""addr:housenumber"": ""45"", ""addr:source"": ""Guelph Open Data"", ""addr:street"": ""Airpark Place"", ""addr:unit"": ""5""}"
15,Grange Hill East,node,-53872,,Airpark Place,45,create,45 Airpark Place,6,,yes,no,,43.56334,-80.19974,"{""addr:city"": ""Guelph"", ""addr:housenumber"": ""45"", ""addr:source"": ""Guelph Open Data"", ""addr:street"": ""Airpark Place"", ""addr:unit"": ""6""}"
15,Grange Hill East,node,-53877,,Airpark Place,45,create,45 Airpark Place,7,,yes,no,,43.56342,-80.19985,"{""addr:city"": ""Guelph"", ""addr:housenumber"": ""45"", ""addr:source"": ""Guelph Open Data"", ""addr:street"": ""Airpark Place"", ""addr:unit"": ""7""}"
15,Grange Hill East,node,-53878,,Airpark Place,45,create,45 Airpark Place,8,,yes,no,,43.56351,-80.19997,"{""addr:city"": ""Guelph"", ""addr:housenumber"": ""45"", ""addr:source"": ""Guelph Open Data"", ""addr:street"": ""Airpark Place"", ""addr:unit"": ""8""}"
15,Grange Hill East,way,803283640,5,Auden Road,394,modify,394 Auden Road,,29-39,,,,,,
15,Grange Hill East,node,-16815,,Auden Road,394,create,394 Auden Road,11,,yes,yes,,43.56663,-80.23193,"{""addr:city"": ""Guelph"", ""addr:housenumber"": ""394"", ""addr:source"": ""Guelph Open Data"", ""addr:street"": ""Auden Road"", ""addr:unit"": ""11""}"
15,Grange Hill East,node,-24250,,Auden Road,394,create,394 Auden Road,12,,yes,yes,,43.56659,-80.23189,"{""addr:city"": ""Guelph"", ""addr:housenumber"": ""394"", ""addr:source"": ""Guelph Open Data"", ""addr:street"": ""Auden Road"", ""addr:unit"": ""12""}"
15,Grange Hill East,node,-31354,,Auden Road,394,create,394 Auden Road,13,,yes,yes,,43.56656,-80.23184,"{""addr:city"": ""Guelph"", ""addr:housenumber"": ""394"", ""addr:source"": ""Guelph Open Data"", ""addr:street"": ""Auden Road"", ""addr:unit"": ""13""}"
15,Grange Hill East,node,-12742,,Auden Road,394,create,394 Auden Road,14,,yes,yes,,43.56651,-80.23178,"{""addr:city"": ""Guelph"", ""addr:housenumber"": ""394"", ""addr:source"": ""Guelph Open Data"", ""addr:street"": ""Auden Road"", ""addr:unit"": ""14""}"
15,Grange Hill East,node,-44053,,Auden Road,394,create,394 Auden Road,15,,yes,yes,,43.56647,-80.23172,"{""addr:city"": ""Guelph"", ""addr:housenumber"": ""394"", ""addr:source"": ""Guelph Open Data"", ""addr:street"": ""Auden Road"", ""addr:unit"": ""15""}"
15,Grange Hill East,node,-4813,,Auden Road,394,create,394 Auden Road,16,,yes,yes,,43.56642,-80.23167,"{""addr:city"": ""Guelph"", ""addr:housenumber"": ""394"", ""addr:source"": ""Guelph Open Data"", ""addr:street"": ""Auden Road"", ""addr:unit"": ""16""}"
15,Grange Hill East,node,-35017,,Auden Road,394,create,394 Auden Road,17,,yes,yes,,43.56657,-80.23195,"{""addr:city"": ""Guelph"", ""addr:housenumber"": ""394"", ""addr:source"": ""Guelph Open Data"", ""addr:street"": ""Auden Road"", ""addr:unit"": ""17""}"
15,Grange Hill East,node,-38270,,Auden Road,394,create,394 Auden Road,18,,yes,yes,,43.56649,-80.23185,"{""addr:city"": ""Guelph"", ""addr:housenumber"": ""394"", ""addr:source"": ""Guelph Open Data"", ""addr:street"": ""Auden Road"", ""addr:unit"": ""18""}"
15,Grange Hill East,node,-5317,,Auden Road,394,create,394 Auden Road,19,,yes,yes,,43.5665,-80.23174,"{""addr:city"": ""Guelph"", ""addr:housenumber"": ""394"", ""addr:source"": ""Guelph Open Data"", ""addr:street"": ""Auden Road"", ""addr:unit"": ""19""}"
15,Grange Hill East,node,-10065,,Auden Road,394,create,394 Auden Road,29,,yes,yes,,43.56613,-80.23252,"{""addr:city"": ""Guelph"", ""addr:housenumber"": ""394"", ""addr:source"": ""Guelph Open Data"", ""addr:street"": ""Auden Road"", ""addr:unit"": ""29""}"
15,Grange Hill East,node,-33013,,Auden Road,394,create,394 Auden Road,30,,yes,yes,,43.56613,-80.23256,"{""addr:city"": ""Guelph"", ""addr:housenumber"": ""394"", ""addr:source"": ""Guelph Open Data"", ""addr:street"": ""Auden Road"", ""addr:unit"": ""30""}"
15,Grange Hill East,node,-13451,,Auden Road,394,create,394 Auden Road,31,,yes,yes,,43.56612,-80.2326,"{""addr:city"": ""Guelph"", ""addr:housenumber"": ""394"", ""addr:source"": ""Guelph Open Data"", ""addr:street"": ""Auden Road"", ""addr:unit"": ""31""}"
15,Grange Hill East,node,-38112,,Auden Road,394,create,394 Auden Road,32,,yes,yes,,43.56612,-80.23264,"{""addr:city"": ""Guelph"", ""addr:housenumber"": ""394"", ""addr:source"": ""Guelph Open Data"", ""addr:street"": ""Auden Road"", ""addr:unit"": ""32""}"
15,Grange Hill East,node,-3130,,Auden Road,394,create,394 Auden Road,33,,yes,yes,,43.56612,-80.23269,"{""addr:city"": ""Guelph"", ""addr:housenumber"": ""394"", ""addr:source"": ""Guelph Open Data"", ""addr:street"": ""Auden Road"", ""addr:unit"": ""33""}"
15,Grange Hill East,node,-27152,,Auden Road,394,create,394 Auden Road,34,,yes,yes,,43.56611,-80.23273,"{""addr:city"": ""Guelph"", ""addr:housenumber"": ""394"", ""addr:source"": ""Guelph Open Data"", ""addr:street"": ""Auden Road"", ""addr:unit"": ""34""}"
15,Grange Hill East,node,-14024,,Auden Road,394,create,394 Auden Road,35,,yes,yes,,43.56611,-80.23278,"{""addr:city"": ""Guelph"", ""addr:housenumber"": ""394"", ""addr:source"": ""Guelph Open Data"", ""addr:street"": ""Auden Road"", ""addr:unit"": ""35""}"
15,Grange Hill East,node,-8701,,Auden Road,394,create,394 Auden Road,36,,yes,yes,,43.56611,-80.23282,"{""addr:city"": ""Guelph"", ""addr:housenumber"": ""394"", ""addr:source"": ""Guelph Open Data"", ""addr:street"": ""Auden Road"", ""addr:unit"": ""36""}"
15,Grange Hill East,node,-26575,,Auden Road,394,create,394 Auden Road,37,,yes,yes,,43.5661,-80.23286,"{""addr:city"": ""Guelph"", ""addr:housenumber"": ""394"", ""addr:source"": ""Guelph Open Data"", ""addr:street"": ""Auden Road"", ""addr:unit"": ""37""}"
15,Grange Hill East,node,-9186,,Auden Road,394,create,394 Auden Road,38,,yes,yes,,43.5661,-80.23289,"{""addr:city"": ""Guelph"", ""addr:housenumber"": ""394"", ""addr:source"": ""Guelph Open Data"", ""addr:street"": ""Auden Road"", ""addr:unit"": ""38""}"
15,Grange Hill East,node,-19913,,Auden Road,394,create,394 Auden Road,39,,yes,yes,,43.5661,-80.23292,"{""addr:city"": ""Guelph"", ""addr:housenumber"": ""394"", ""addr:source"": ""Guelph Open Data"", ""addr:street"": ""Auden Road"", ""addr:unit"": ""39""}"
15,Grange Hill East,way,803283643,5,Auden Road,394,modify,394 Auden Road,,11-19,,,,,,
15,Grange Hill East,way,937956322,5,Auden Road,467,modify,467 Auden Road,,14-20,,,,,,
15,Grange Hill East,node,-22933,,Auden Road,467,create,467 Auden Road,1,,yes,yes,,43.56987,-80.23477,"{""addr:city"": ""Guelph"", ""addr:housenumber"": ""467"", ""addr:source"": ""Guelph Open Data"", ""addr:street"": ""Auden Road"", ""addr:unit"": ""1""}"
15,Grange Hill East,node,-38611,,Auden Road,467,create,467 Auden Road,2,,yes,yes,,43.56983,-80.23474,"{""addr:city"": ""Guelph"", ""addr:housenumber"": ""467"", ""addr:source"": ""Guelph Open Data"", ""addr:street"": ""Auden Road"", ""addr:unit"": ""2""}"
15,Grange Hill East,node,-44317,,Auden Road,467,create,467 Auden Road,3,,yes,yes,,43.56977,-80.23469,"{""addr:city"": ""Guelph"", ""addr:housenumber"": ""467"", ""addr:source"": ""Guelph Open Data"", ""addr:street"": ""Auden Road"", ""addr:unit"": ""3""}"
15,Grange Hill East,node,-26028,,Auden Road,467,create,467 Auden Road,4,,yes,yes,,43.56972,-80.23462,"{""addr:city"": ""Guelph"", ""addr:housenumber"": ""467"", ""addr:source"": ""Guelph Open Data"", ""addr:street"": ""Auden Road"", ""addr:unit"": ""4""}"
15,Grange Hill East,node,-14138,,Auden Road,467,create,467 Auden Road,5,,yes,yes,,43.56975,-80.23451,"{""addr:city"": ""Guelph"", ""addr:housenumber"": ""467"", ""addr:source"": ""Guelph Open Data"", ""addr:street"": ""Auden Road"", ""addr:unit"": ""5""}"
15,Grange Hill East,node,-44484,,Auden Road,467,create,467 Auden Road,6,,yes,no,,43.5698,-80.23445,"{""addr:city"": ""Guelph"", ""addr:housenumber"": ""467"", ""addr:source"": ""Guelph Open Data"", ""addr:street"": ""Auden Road"", ""addr:unit"": ""6""}"
15,Grange Hill East,node,-28726,,Auden Road,467,create,467 Auden Road,7,,yes,yes,,43.5694,-80.23393,"{""addr:city"": ""Guelph"", ""addr:housenumber"": ""467"", ""addr:source"": ""Guelph Open Data"", ""addr:street"": ""Auden Road"", ""addr:unit"": ""7""}"
15,Grange Hill East,node,-7340,,Auden Road,467,create,467 Auden Road,8,,yes,yes,,43.56938,-80.234,"{""addr:city"": ""Guelph"", ""addr:housenumber"": ""467"", ""addr:source"": ""Guelph Open Data"", ""addr:street"": ""Auden Road"", ""addr:unit"": ""8""}"
15,Grange Hill East,node,-38681,,Auden Road,467,create,467 Auden Road,9,,yes,yes,,43.56934,-80.23405,"{""addr:city"": ""Guelph"", ""addr:housenumber"": ""467"", ""addr:source"": ""Guelph Open Data"", ""addr:street"": ""Auden Road"", ""addr:unit"": ""9""}"
15,Grange Hill East,node,-28488,,Auden Road,467,create,467 Auden Road,10,,yes,yes,,43.56927,-80.23404,"{""addr:city"": ""Guelph"", ""addr:housenumber"": ""467"", ""addr:source"": ""Guelph Open Data"", ""addr:street"": ""Auden Road"", ""addr:unit"": ""10""}"
15,Grange Hill East,node,-17649,,Auden Road,467,create,467 Auden Road,11,,yes,yes,,43.56924,-80.23399,"{""addr:city"": ""Guelph"", ""addr:housenumber"": ""467"", ""addr:source"": ""Guelph Open Data"", ""addr:street"": ""Auden Road"", ""addr:unit"": ""11""}"
15,Grange Hill East,node,-26291,,Auden Road,467,create,467 Auden Road,12,,yes,yes,,43.56921,-80.23391,"{""addr:city"": ""Guelph"", ""addr:housenumber"": ""467"", ""addr:source"": ""Guelph Open Data"", ""addr:street"": ""Auden Road"", ""addr:unit"": ""12""}"
15,Grange Hill East,node,-16159,,Auden Road,467,create,467 Auden Road,13,,yes,yes,,43.56916,-80.23384,"{""addr:city"": ""Guelph"", ""addr:housenumber"": ""467"", ""addr:source"": ""Guelph Open Data"", ""addr:street"": ""Auden Road"", ""addr:unit"": ""13""}"
15,Grange Hill East,node,-38236,,Auden Road,467,create,467 Auden Road,14,,yes,yes,,43.5689,-80.23381,"{""addr:city"": ""Guelph"", ""addr:housenumber"": ""467"", ""addr:source"": ""Guelph Open Data"", ""addr:street"": ""Auden Road"", ""addr:unit"": ""14""}"
15,Grange Hill East,node,-15210,,Auden Road,467,create,467 Auden Road,15,,yes,yes,,43.56891,-80.2339,"{""addr:city"": ""Guelph"", ""addr:housenumber"": ""467"", ""addr:source"": ""Guelph Open Data"", ""addr:street"": ""Auden Road"", ""addr:unit"": ""15""}"
15,Grange Hill East,node,-34987,,Auden Road,467,create,467 Auden Road,16,,yes,yes,,43.56891,-80.23398,"{""addr:city"": ""Guelph"", ""addr:housenumber"": ""467"", ""addr:source"": ""Guelph Open Data"", ""addr:street"": ""Auden Road"", ""addr:unit"": ""16""}"
15,Grange Hill East,node,-41803,,Auden Road,467,create,467 Auden Road,17,,yes,yes,,43.56893,-80.23406,"{""addr:city"": ""Guelph"", ""addr:housenumber"": ""467"", ""addr:source"": ""Guelph Open Data"", ""addr:street"": ""Auden Road"", ""addr:unit"": ""17""}"
15,Grange Hill East,node,-13141,,Auden Road,467,create,467 Auden Road,18,,yes,yes,,43.56896,-80.23413,"{""addr:city"": ""Guelph"", ""addr:housenumber"": ""467"", ""addr:source"": ""Guelph Open Data"", ""addr:street"": ""Auden Road"", ""addr:unit"": ""18""}"
15,Grange Hill East,node,-41358,,Auden Road,467,create,467 Auden Road,19,,yes,yes,,43.56901,-80.23409,"{""addr:city"": ""Guelph"", ""addr:housenumber"": ""467"", ""addr:source"": ""Guelph Open Data"", ""addr:street"": ""Auden Road"", ""addr:unit"": ""19""}"
15,Grange Hill East,node,-36850,,Auden Road,467,create,467 Auden Road,20,,yes,yes,,43.56907,-80.23406,"{""addr:city"": ""Guelph"", ""addr:housenumber"": ""467"", ""addr:source"": ""Guelph Open Data"", ""addr:street"": ""Auden Road"", ""addr:unit"": ""20""}"
15,Grange Hill East,node,-28729,,Auden Road,467,create,467 Auden Road,21,,yes,yes,,43.56912,-80.23448,"{""addr:city"": ""Guelph"", ""addr:housenumber"": ""467"", ""addr:source"": ""Guelph Open Data"", ""addr:street"": ""Auden Road"", ""addr:unit"": ""21""}"
15,Grange Hill East,node,-9514,,Auden Road,467,create,467 Auden Road,22,,yes,yes,,43.56905,-80.23452,"{""addr:city"": ""Guelph"", ""addr:housenumber"": ""467"", ""addr:source"": ""Guelph Open Data"", ""addr:street"": ""Auden Road"", ""addr:unit"": ""22""}"
15,Grange Hill East,node,-30655,,Auden Road,467,create,467 Auden Road,23,,yes,yes,,43.56901,-80.2346,"{""addr:city"": ""Guelph"", ""addr:housenumber"": ""467"", ""addr:source"": ""Guelph Open Data"", ""addr:street"": ""Auden Road"", ""addr:unit"": ""23""}"
15,Grange Hill East,node,-45242,,Auden Road,467,create,467 Auden Road,24,,yes,yes,,43.56906,-80.23471,"{""addr:city"": ""Guelph"", ""addr:housenumber"": ""467"", ""addr:source"": ""Guelph Open Data"", ""addr:street"": ""Auden Road"", ""addr:unit"": ""24""}"
15,Grange Hill East,node,-9771,,Auden Road,467,create,467 Auden Road,25,,yes,yes,,43.56909,-80.23477,"{""addr:city"": ""Guelph"", ""addr:housenumber"": ""467"", ""addr:source"": ""Guelph Open Data"", ""addr:street"": ""Auden Road"", ""addr:unit"": ""25""}"
15,Grange Hill East,node,-37507,,Auden Road,467,create,467 Auden Road,26,,yes,yes,,43.5691,-80.23482,"{""addr:city"": ""Guelph"", ""addr:housenumber"": ""467"", ""addr:source"": ""Guelph Open Data"", ""addr:street"": ""Auden Road"", ""addr:unit"": ""26""}"
15,Grange Hill East,node,-30812,,Auden Road,467,create,467 Auden Road,27,,yes,yes,,43.56927,-80.23514,"{""addr:city"": ""Guelph"", ""addr:housenumber"": ""467"", ""addr:source"": ""Guelph Open Data"", ""addr:street"": ""Auden Road"", ""addr:unit"": ""27""}"
15,Grange Hill East,node,-33014,,Auden Road,467,create,467 Auden Road,28,,yes,yes,,43.56931,-80.23523,"{""addr:city"": ""Guelph"", ""addr:housenumber"": ""467"", ""addr:source"": ""Guelph Open Data"", ""addr:street"": ""Auden Road"", ""addr:unit"": ""28""}"
15,Grange Hill East,node,-29305,,Auden Road,467,create,467 Auden Road,29,,yes,yes,,43.56936,-80.23531,"{""addr:city"": ""Guelph"", ""addr:housenumber"": ""467"", ""addr:source"": ""Guelph Open Data"", ""addr:street"": ""Auden Road"", ""addr:unit"": ""29""}"
15,Grange Hill East,node,-28890,,Auden Road,467,create,467 Auden Road,30,,yes,yes,,43.5694,-80.23537,"{""addr:city"": ""Guelph"", ""addr:housenumber"": ""467"", ""addr:source"": ""Guelph Open Data"", ""addr:street"": ""Auden Road"", ""addr:unit"": ""30""}"
15,Grange Hill East,node,-45673,,Auden Road,467,create,467 Auden Road,31,,yes,yes,,43.56944,-80.23529,"{""addr:city"": ""Guelph"", ""addr:housenumber"": ""467"", ""addr:source"": ""Guelph Open Data"", ""addr:street"": ""Auden Road"", ""addr:unit"": ""31""}"
15,Grange Hill East,node,-2855,,Auden Road,467,create,467 Auden Road,32,,yes,yes,,43.56947,-80.23523,"{""addr:city"": ""Guelph"", ""addr:housenumber"": ""467"", ""addr:source"": ""Guelph Open Data"", ""addr:street"": ""Auden Road"", ""addr:unit"": ""32""}"
15,Grange Hill East,node,-6157,,Auden Road,467,create,467 Auden Road,33,,yes,yes,,43.56956,-80.23511,"{""addr:city"": ""Guelph"", ""addr:housenumber"": ""467"", ""addr:source"": ""Guelph Open Data"", ""addr:street"": ""Auden Road"", ""addr:unit"": ""33""}"
15,Grange Hill East,node,-26589,,Auden Road,467,create,467 Auden Road,34,,yes,no,,43.56959,-80.23506,"{""addr:city"": ""Guelph"", ""addr:housenumber"": ""467"", ""addr:source"": ""Guelph Open Data"", ""addr:street"": ""Auden Road"", ""addr:unit"": ""34""}"
15,Grange Hill East,node,-42299,,Auden Road,467,create,467 Auden Road,35,,yes,yes,,43.56959,-80.23499,"{""addr:city"": ""Guelph"", ""addr:housenumber"": ""467"", ""addr:source"": ""Guelph Open Data"", ""addr:street"": ""Auden Road"", ""addr:unit"": ""35""}"
15,Grange Hill East,node,-32228,,Auden Road,467,create,467 Auden Road,36,,yes,yes,,43.56955,-80.23494,"{""addr:city"": ""Guelph"", ""addr:housenumber"": ""467"", ""addr:source"": ""Guelph Open Data"", ""addr:street"": ""Auden Road"", ""addr:unit"": ""36""}"
15,Grange Hill East,node,-6287,,Auden Road,467,create,467 Auden Road,37,,yes,yes,,43.56949,-80.2349,"{""addr:city"": ""Guelph"", ""addr:housenumber"": ""467"", ""addr:source"": ""Guelph Open Data"", ""addr:street"": ""Auden Road"", ""addr:unit"": ""37""}"
15,Grange Hill East,node,-4583,,Auden Road,467,create,467 Auden Road,38,,yes,yes,,43.56946,-80.23484,"{""addr:city"": ""Guelph"", ""addr:housenumber"": ""467"", ""addr:source"": ""Guelph Open Data"", ""addr:street"": ""Auden Road"", ""addr:unit"": ""38""}"
15,Grange Hill East,node,-11385,,Auden Road,467,create,467 Auden Road,39,,yes,yes,,43.56944,-80.2347,"{""addr:city"": ""Guelph"", ""addr:housenumber"": ""467"", ""addr:source"": ""Guelph Open Data"", ""addr:street"": ""Auden Road"", ""addr:unit"": ""39""}"
15,Grange Hill East,node,-12911,,Auden Road,467,create,467 Auden Road,40,,yes,yes,,43.5694,-80.23462,"{""addr:city"": ""Guelph"", ""addr:housenumber"": ""467"", ""addr:source"": ""Guelph Open Data"", ""addr:street"": ""Auden Road"", ""addr:unit"": ""40""}"
15,Grange Hill East,node,-17077,,Auden Road,467,create,467 Auden Road,41,,yes,yes,,43.56938,-80.23457,"{""addr:city"": ""Guelph"", ""addr:housenumber"": ""467"", ""addr:source"": ""Guelph Open Data"", ""addr:street"": ""Auden Road"", ""addr:unit"": ""41""}"
15,Grange Hill East,node,-37859,,Auden Road,467,create,467 Auden Road,42,,yes,yes,,43.56936,-80.23449,"{""addr:city"": ""Guelph"", ""addr:housenumber"": ""467"", ""addr:source"": ""Guelph Open Data"", ""addr:street"": ""Auden Road"", ""addr:unit"": ""42""}"
15,Grange Hill East,node,-30138,,Auden Road,467,create,467 Auden Road,43,,yes,yes,,43.56931,-80.23444,"{""addr:city"": ""Guelph"", ""addr:housenumber"": ""467"", ""addr:source"": ""Guelph Open Data"", ""addr:street"": ""Auden Road"", ""addr:unit"": ""43""}"
15,Grange Hill East,node,-28162,,Auden Road,467,create,467 Auden Road,44,,yes,yes,,43.56925,-80.23449,"{""addr:city"": ""Guelph"", ""addr:housenumber"": ""467"", ""addr:source"": ""Guelph Open Data"", ""addr:street"": ""Auden Road"", ""addr:unit"": ""44""}"
15,Grange Hill East,way,937956323,5,Auden Road,467,modify,467 Auden Road,,39-44,,,,,,
15,Grange Hill East,way,937956324,5,Auden Road,467,modify,467 Auden Road,,7-13,,,,,,
15,Grange Hill East,way,937956325,5,Auden Road,467,modify,467 Auden Road,,1-6,,,,,,
15,Grange Hill East,way,937956326,5,Auden Road,467,modify,467 Auden Road,,33-38,,,,,,
15,Grange Hill East,way,937956327,5,Auden Road,467,modify,467 Auden Road,,27-32,,,,,,
15,Grange Hill East,way,937956329,5,Auden Road,467,modify,467 Auden Road,,21-26,,,,,,
15,Grange Hill East,way,937552909,5,Auden Road,470,modify,470 Auden Road,,37-40,,,,,,
15,Grange Hill East,node,-35782,,Auden Road,470,create,470 Auden Road,1,,yes,yes,,43.5686,-80.23484,"{""addr:city"": ""Guelph"", ""addr:housenumber"": ""470"", ""addr:source"": ""Guelph Open Data"", ""addr:street"": ""Auden Road"", ""addr:unit"": ""1""}"
15,Grange Hill East,node,-30161,,Auden Road,470,create,470 Auden Road,2,,yes,yes,,43.56863,-80.2349,"{""addr:city"": ""Guelph"", ""addr:housenumber"": ""470"", ""addr:source"": ""Guelph Open Data"", ""addr:street"": ""Auden Road"", ""addr:unit"": ""2""}"
15,Grange Hill East,node,-3989,,Auden Road,470,create,470 Auden Road,3,,yes,yes,,43.56866,-80.23501,"{""addr:city"": ""Guelph"", ""addr:housenumber"": ""470"", ""addr:source"": ""Guelph Open Data"", ""addr:street"": ""Auden Road"", ""addr:unit"": ""3""}"
15,Grange Hill East,node,-30668,,Auden Road,470,create,470 Auden Road,4,,yes,yes,,43.56863,-80.23507,"{""addr:city"": ""Guelph"", ""addr:housenumber"": ""470"", ""addr:source"": ""Guelph Open Data"", ""addr:street"": ""Auden Road"", ""addr:unit"": ""4""}"
15,Grange Hill East,node,-31958,,Auden Road,470,create,470 Auden Road,5,,yes,yes,,43.56859,-80.23513,"{""addr:city"": ""Guelph"", ""addr:housenumber"": ""470"", ""addr:source"": ""Guelph Open Data"", ""addr:street"": ""Auden Road"", ""addr:unit"": ""5""}"
15,Grange Hill East,node,-15966,,Auden Road,470,create,470 Auden Road,6,,yes,yes,,43.56853,-80.23514,"{""addr:city"": ""Guelph"", ""addr:housenumber"": ""470"", ""addr:source"": ""Guelph Open Data"", ""addr:street"": ""Auden Road"", ""addr:unit"": ""6""}"
15,Grange Hill East,node,-5100,,Auden Road,470,create,470 Auden Road,7,,yes,yes,,43.56845,-80.23528,"{""addr:city"": ""Guelph"", ""addr:housenumber"": ""470"", ""addr:source"": ""Guelph Open Data"", ""addr:street"": ""Auden Road"", ""addr:unit"": ""7""}"
15,Grange Hill East,node,-29673,,Auden Road,470,create,470 Auden Road,8,,yes,yes,,43.56841,-80.23534,"{""addr:city"": ""Guelph"", ""addr:housenumber"": ""470"", ""addr:source"": ""Guelph Open Data"", ""addr:street"": ""Auden Road"", ""addr:unit"": ""8""}"
15,Grange Hill East,node,-40078,,Auden Road,470,create,470 Auden Road,9,,yes,yes,,43.56839,-80.2354,"{""addr:city"": ""Guelph"", ""addr:housenumber"": ""470"", ""addr:source"": ""Guelph Open Data"", ""addr:street"": ""Auden Road"", ""addr:unit"": ""9""}"
15,Grange Hill East,node,-26347,,Auden Road,470,create,470 Auden Road,10,,yes,yes,,43.56831,-80.23546,"{""addr:city"": ""Guelph"", ""addr:housenumber"": ""470"", ""addr:source"": ""Guelph Open Data"", ""addr:street"": ""Auden Road"", ""addr:unit"": ""10""}"
15,Grange Hill East,node,-40404,,Auden Road,470,create,470 Auden Road,11,,yes,yes,,43.56826,-80.23542,"{""addr:city"": ""Guelph"", ""addr:housenumber"": ""470"", ""addr:source"": ""Guelph Open Data"", ""addr:street"": ""Auden Road"", ""addr:unit"": ""11""}"
15,Grange Hill East,node,-36663,,Auden Road,470,create,470 Auden Road,12,,yes,yes,,43.56821,-80.23539,"{""addr:city"": ""Guelph"", ""addr:housenumber"": ""470"", ""addr:source"": ""Guelph Open Data"", ""addr:street"": ""Auden Road"", ""addr:unit"": ""12""}"
15,Grange Hill East,node,-6929,,Auden Road,470,create,470 Auden Road,13,,yes,yes,,43.56818,-80.23533,"{""addr:city"": ""Guelph"", ""addr:housenumber"": ""470"", ""addr:source"": ""Guelph Open Data"", ""addr:street"": ""Auden Road"", ""addr:unit"": ""13""}"
15,Grange Hill East,node,-19741,,Auden Road,470,create,470 Auden Road,16,,yes,yes,,43.56804,-80.23574,"{""addr:city"": ""Guelph"", ""addr:housenumber"": ""470"", ""addr:source"": ""Guelph Open Data"", ""addr:street"": ""Auden Road"", ""addr:unit"": ""16""}"
15,Grange Hill East,node,-40622,,Auden Road,470,create,470 Auden Road,17,,yes,yes,,43.56807,-80.23581,"{""addr:city"": ""Guelph"", ""addr:housenumber"": ""470"", ""addr:source"": ""Guelph Open Data"", ""addr:street"": ""Auden Road"", ""addr:unit"": ""17""}"
15,Grange Hill East,node,-12953,,Auden Road,470,create,470 Auden Road,22,,yes,yes,,43.56824,-80.23611,"{""addr:city"": ""Guelph"", ""addr:housenumber"": ""470"", ""addr:source"": ""Guelph Open Data"", ""addr:street"": ""Auden Road"", ""addr:unit"": ""22""}"
15,Grange Hill East,node,-44823,,Auden Road,470,create,470 Auden Road,23,,yes,yes,,43.56828,-80.23615,"{""addr:city"": ""Guelph"", ""addr:housenumber"": ""470"", ""addr:source"": ""Guelph Open Data"", ""addr:street"": ""Auden Road"", ""addr:unit"": ""23""}"
15,Grange Hill East,node,-34575,,Auden Road,470,create,470 Auden Road,26,,yes,yes,,43.5686,-80.23592,"{""addr:city"": ""Guelph"", ""addr:housenumber"": ""470"", ""addr:source"": ""Guelph Open Data"", ""addr:street"": ""Auden Road"", ""addr:unit"": ""26""}"
15,Grange Hill East,node,-26493,,Auden Road,470,create,470 Auden Road,27,,yes,yes,,43.56856,-80.23589,"{""addr:city"": ""Guelph"", ""addr:housenumber"": ""470"", ""addr:source"": ""Guelph Open Data"", ""addr:street"": ""Auden Road"", ""addr:unit"": ""27""}"
15,Grange Hill East,node,-3727,,Auden Road,470,create,470 Auden Road,28,,yes,yes,,43.56851,-80.23579,"{""addr:city"": ""Guelph"", ""addr:housenumber"": ""470"", ""addr:source"": ""Guelph Open Data"", ""addr:street"": ""Auden Road"", ""addr:unit"": ""28""}"
15,Grange Hill East,node,-22504,,Auden Road,470,create,470 Auden Road,29,,yes,yes,,43.56854,-80.23572,"{""addr:city"": ""Guelph"", ""addr:housenumber"": ""470"", ""addr:source"": ""Guelph Open Data"", ""addr:street"": ""Auden Road"", ""addr:unit"": ""29""}"
15,Grange Hill East,node,-21257,,Auden Road,470,create,470 Auden Road,30,,yes,yes,,43.56856,-80.23564,"{""addr:city"": ""Guelph"", ""addr:housenumber"": ""470"", ""addr:source"": ""Guelph Open Data"", ""addr:street"": ""Auden Road"", ""addr:unit"": ""30""}"
15,Grange Hill East,node,-20036,,Auden Road,470,create,470 Auden Road,31,,yes,yes,,43.56861,-80.2356,"{""addr:city"": ""Guelph"", ""addr:housenumber"": ""470"", ""addr:source"": ""Guelph Open Data"", ""addr:street"": ""Auden Road"", ""addr:unit"": ""31""}"
15,Grange Hill East,node,-15942,,Auden Road,470,create,470 Auden Road,32,,yes,yes,,43.56869,-80.23548,"{""addr:city"": ""Guelph"", ""addr:housenumber"": ""470"", ""addr:source"": ""Guelph Open Data"", ""addr:street"": ""Auden Road"", ""addr:unit"": ""32""}"
15,Grange Hill East,node,-31818,,Auden Road,470,create,470 Auden Road,33,,yes,yes,,43.56873,-80.23542,"{""addr:city"": ""Guelph"", ""addr:housenumber"": ""470"", ""addr:source"": ""Guelph Open Data"", ""addr:street"": ""Auden Road"", ""addr:unit"": ""33""}"
15,Grange Hill East,node,-6290,,Auden Road,470,create,470 Auden Road,34,,yes,yes,,43.56881,-80.23539,"{""addr:city"": ""Guelph"", ""addr:housenumber"": ""470"", ""addr:source"": ""Guelph Open Data"", ""addr:street"": ""Auden Road"", ""addr:unit"": ""34""}"
15,Grange Hill East,node,-20881,,Auden Road,470,create,470 Auden Road,35,,yes,yes,,43.56885,-80.23544,"{""addr:city"": ""Guelph"", ""addr:housenumber"": ""470"", ""addr:source"": ""Guelph Open Data"", ""addr:street"": ""Auden Road"", ""addr:unit"": ""35""}"
15,Grange Hill East,node,-12739,,Auden Road,470,create,470 Auden Road,36,,yes,yes,,43.56889,-80.2355,"{""addr:city"": ""Guelph"", ""addr:housenumber"": ""470"", ""addr:source"": ""Guelph Open Data"", ""addr:street"": ""Auden Road"", ""addr:unit"": ""36""}"
15,Grange Hill East,node,-30243,,Auden Road,470,create,470 Auden Road,37,,yes,yes,,43.56889,-80.23582,"{""addr:city"": ""Guelph"", ""addr:housenumber"": ""470"", ""addr:source"": ""Guelph Open Data"", ""addr:street"": ""Auden Road"", ""addr:unit"": ""37""}"
15,Grange Hill East,node,-40282,,Auden Road,470,create,470 Auden Road,38,,yes,yes,,43.56893,-80.23587,"{""addr:city"": ""Guelph"", ""addr:housenumber"": ""470"", ""addr:source"": ""Guelph Open Data"", ""addr:street"": ""Auden Road"", ""addr:unit"": ""38""}"
15,Grange Hill East,node,-23464,,Auden Road,470,create,470 Auden Road,39,,yes,yes,,43.56898,-80.23594,"{""addr:city"": ""Guelph"", ""addr:housenumber"": ""470"", ""addr:source"": ""Guelph Open Data"", ""addr:street"": ""Auden Road"", ""addr:unit"": ""39""}"
15,Grange Hill East,node,-29617,,Auden Road,470,create,470 Auden Road,40,,yes,yes,,43.56895,-80.23602,"{""addr:city"": ""Guelph"", ""addr:housenumber"": ""470"", ""addr:source"": ""Guelph Open Data"", ""addr:street"": ""Auden Road"", ""addr:unit"": ""40""}"
15,Grange Hill East,node,-41905,,Auden Road,470,create,470 Auden Road,41,,yes,yes,,43.56886,-80.23615,"{""addr:city"": ""Guelph"", ""addr:housenumber"": ""470"", ""addr:source"": ""Guelph Open Data"", ""addr:street"": ""Auden Road"", ""addr:unit"": ""41""}"
15,Grange Hill East,node,-38972,,Auden Road,470,create,470 Auden Road,42,,yes,yes,,43.56879,-80.2362,"{""addr:city"": ""Guelph"", ""addr:housenumber"": ""470"", ""addr:source"": ""Guelph Open Data"", ""addr:street"": ""Auden Road"", ""addr:unit"": ""42""}"
15,Grange Hill East,node,-20966,,Auden Road,470,create,470 Auden Road,43,,yes,yes,,43.56873,-80.23614,"{""addr:city"": ""Guelph"", ""addr:housenumber"": ""470"", ""addr:source"": ""Guelph Open Data"", ""addr:street"": ""Auden Road"", ""addr:unit"": ""43""}"
15,Grange Hill East,node,-18520,,Auden Road,470,create,470 Auden Road,44,,yes,yes,,43.5687,-80.23607,"{""addr:city"": ""Guelph"", ""addr:housenumber"": ""470"", ""addr:source"": ""Guelph Open Data"", ""addr:street"": ""Auden Road"", ""addr:unit"": ""44""}"
15,Grange Hill East,node,-3188,,Auden Road,470,create,470 Auden Road,45,,yes,yes,,43.56846,-80.23639,"{""addr:city"": ""Guelph"", ""addr:housenumber"": ""470"", ""addr:source"": ""Guelph Open Data"", ""addr:street"": ""Auden Road"", ""addr:unit"": ""45""}"
15,Grange Hill East,node,-44171,,Auden Road,470,create,470 Auden Road,46,,yes,yes,,43.56851,-80.23642,"{""addr:city"": ""Guelph"", ""addr:housenumber"": ""470"", ""addr:source"": ""Guelph Open Data"", ""addr:street"": ""Auden Road"", ""addr:unit"": ""46""}"
15,Grange Hill East,node,-36911,,Auden Road,470,create,470 Auden Road,47,,yes,yes,,43.56856,-80.23651,"{""addr:city"": ""Guelph"", ""addr:housenumber"": ""470"", ""addr:source"": ""Guelph Open Data"", ""addr:street"": ""Auden Road"", ""addr:unit"": ""47""}"
15,Grange Hill East,node,-25579,,Auden Road,470,create,470 Auden Road,48,,yes,yes,,43.56853,-80.23659,"{""addr:city"": ""Guelph"", ""addr:housenumber"": ""470"", ""addr:source"": ""Guelph Open Data"", ""addr:street"": ""Auden Road"", ""addr:unit"": ""48""}"
15,Grange Hill East,way,937552911,5,Auden Road,470,modify,470 Auden Road,,32-36,,,,,,
15,Grange Hill East,way,937552912,5,Auden Road,470,modify,470 Auden Road,,26-31,,,,,,
15,Grange Hill East,way,937552913,5,Auden Road,470,modify,470 Auden Road,,41-44,,,,,,
15,Grange Hill East,way,937552914,5,Auden Road,470,modify,470 Auden Road,,45-48,,,,,,
15,Grange Hill East,way,937552915,5,Auden Road,470,modify,470 Auden Road,,22-23,,,,,,
15,Grange Hill East,way,937552916,5,Auden Road,470,modify,470 Auden Road,,16-17,,,,,,
15,Grange Hill East,way,937552917,5,Auden Road,470,modify,470 Auden Road,,7-13,,,,,,
15,Grange Hill East,way,937552918,5,Auden Road,470,modify,470 Auden Road,,1-6,,,,,,
15,Grange Hill East,way,803283699,4,Eastview Road,66,modify,66 Eastview Road,,7-11,,,,,,
15,Grange Hill East,node,-48794,,Eastview Road,66,create,66 Eastview Road,7,,yes,yes,,43.56904,-80.23745,"{""addr:city"": ""Guelph"", ""addr:housenumber"": ""66"", ""addr:source"": ""Guelph Open Data"", ""addr:street"": ""Eastview Road"", ""addr:unit"": ""7""}"
15,Grange Hill East,node,-48795,,Eastview Road,66,create,66 Eastview Road,8,,yes,yes,,43.56908,-80.23751,"{""addr:city"": ""Guelph"", ""addr:housenumber"": ""66"", ""addr:source"": ""Guelph Open Data"", ""addr:street"": ""Eastview Road"", ""addr:unit"": ""8""}"
15,Grange Hill East,node,-48796,,Eastview Road,66,create,66 Eastview Road,9,,yes,yes,,43.56911,-80.23756,"{""addr:city"": ""Guelph"", ""addr:housenumber"": ""66"", ""addr:source"": ""Guelph Open Data"", ""addr:street"": ""Eastview Road"", ""addr:unit"": ""9""}"
15,Grange Hill East,node,-48797,,Eastview Road,66,create,66 Eastview Road,10,,yes,yes,,43.56914,-80.23762,"{""addr:city"": ""Guelph"", ""addr:housenumber"": ""66"", ""addr:source"": ""Guelph Open Data"", ""addr:street"": ""Eastview Road"", ""addr:unit"": ""10""}"
15,Grange Hill East,node,-48798,,Eastview Road,66,create,66 Eastview Road,11,,yes,yes,,43.56918,-80.23768,"{""addr:city"": ""Guelph"", ""addr:housenumber"": ""66"", ""addr:source"": ""Guelph Open Data"", ""addr:street"": ""Eastview Road"", ""addr:unit"": ""11""}"
15,Grange Hill East,way,803283648,4,Mountford Drive,35,modify,35 Mountford Drive,,17-32,,,,,,
15,Grange Hill East,node,-39245,,Mountford Drive,35,create,35 Mountford Drive,17,,yes,yes,,43.56533,-80.23344,"{""addr:city"": ""Guelph"", ""addr:housenumber"": ""35"", ""addr:source"": ""Guelph Open Data"", ""addr:street"": ""Mountford Drive"", ""addr:unit"": ""17""}"
15,Grange Hill East,node,-22211,,Mountford Drive,35,create,35 Mountford Drive,18,,yes,yes,,43.56531,-80.23341,"{""addr:city"": ""Guelph"", ""addr:housenumber"": ""35"", ""addr:source"": ""Guelph Open Data"", ""addr:street"": ""Mountford Drive"", ""addr:unit"": ""18""}"
15,Grange Hill East,node,-38748,,Mountford Drive,35,create,35 Mountford Drive,19,,yes,yes,,43.56529,-80.23338,"{""addr:city"": ""Guelph"", ""addr:housenumber"": ""35"", ""addr:source"": ""Guelph Open Data"", ""addr:street"": ""Mountford Drive"", ""addr:unit"": ""19""}"
15,Grange Hill East,node,-8093,,Mountford Drive,35,create,35 Mountford Drive,20,,yes,yes,,43.56527,-80.23335,"{""addr:city"": ""Guelph"", ""addr:housenumber"": ""35"", ""addr:source"": ""Guelph Open Data"", ""addr:street"": ""Mountford Drive"", ""addr:unit"": ""20""}"
15,Grange Hill East,node,-38146,,Mountford Drive,35,create,35 Mountford Drive,21,,yes,yes,,43.56537,-80.23339,"{""addr:city"": ""Guelph"", ""addr:housenumber"": ""35"", ""addr:source"": ""Guelph Open Data"", ""addr:street"": ""Mountford Drive"", ""addr:unit"": ""21""}"
15,Grange Hill East,node,-44342,,Mountford Drive,35,create,35 Mountford Drive,22,,yes,yes,,43.56535,-80.23336,"{""addr:city"": ""Guelph"", ""addr:housenumber"": ""35"", ""addr:source"": ""Guelph Open Data"", ""addr:street"": ""Mountford Drive"", ""addr:unit"": ""22""}"
15,Grange Hill East,node,-4825,,Mountford Drive,35,create,35 Mountford Drive,23,,yes,yes,,43.56533,-80.23333,"{""addr:city"": ""Guelph"", ""addr:housenumber"": ""35"", ""addr:source"": ""Guelph Open Data"", ""addr:street"": ""Mountford Drive"", ""addr:unit"": ""23""}"
15,Grange Hill East,node,-18025,,Mountford Drive,35,create,35 Mountford Drive,24,,yes,yes,,43.56531,-80.2333,"{""addr:city"": ""Guelph"", ""addr:housenumber"": ""35"", ""addr:source"": ""Guelph Open Data"", ""addr:street"": ""Mountford Drive"", ""addr:unit"": ""24""}"
15,Grange Hill East,node,-26342,,Mountford Drive,35,create,35 Mountford Drive,25,,yes,no,,43.56542,-80.23334,"{""addr:city"": ""Guelph"", ""addr:housenumber"": ""35"", ""addr:source"": ""Guelph Open Data"", ""addr:street"": ""Mountford Drive"", ""addr:unit"": ""25""}"
15,Grange Hill East,node,-16421,,Mountford Drive,35,create,35 Mountford Drive,26,,yes,yes,,43.5654,-80.23331,"{""addr:city"": ""Guelph"", ""addr:housenumber"": ""35"", ""addr:source"": ""Guelph Open Data"", ""addr:street"": ""Mountford Drive"", ""addr:unit"": ""26""}"
15,Grange Hill East,node,-40736,,Mountford Drive,35,create,35 Mountford Drive,27,,yes,yes,,43.56538,-80.23328,"{""addr:city"": ""Guelph"", ""addr:housenumber"": ""35"", ""addr:source"": ""Guelph Open Data"", ""addr:street"": ""Mountford Drive"", ""addr:unit"": ""27""}"
15,Grange Hill East,node,-34287,,Mountford Drive,35,create,35 Mountford Drive,28,,yes,yes,,43.56535,-80.23324,"{""addr:city"": ""Guelph"", ""addr:housenumber"": ""35"", ""addr:source"": ""Guelph Open Data"", ""addr:street"": ""Mountford Drive"", ""addr:unit"": ""28""}"
15,Grange Hill East,node,-21892,,Mountford Drive,35,create,35 Mountford Drive,29,,yes,no,,43.56546,-80.23329,"{""addr:city"": ""Guelph"", ""addr:housenumber"": ""35"", ""addr:source"": ""Guelph Open Data"", ""addr:street"": ""Mountford Drive"", ""addr:unit"": ""29""}"
15,Grange Hill East,node,-22130,,Mountford Drive,35,create,35 Mountford Drive,30,,yes,yes,,43.56544,-80.23326,"{""addr:city"": ""Guelph"", ""addr:housenumber"": ""35"", ""addr:source"": ""Guelph Open Data"", ""addr:street"": ""Mountford Drive"", ""addr:unit"": ""30""}"
15,Grange Hill East,node,-42480,,Mountford Drive,35,create,35 Mountford Drive,31,,yes,yes,,43.56542,-80.23323,"{""addr:city"": ""Guelph"", ""addr:housenumber"": ""35"", ""addr:source"": ""Guelph Open Data"", ""addr:street"": ""Mountford Drive"", ""addr:unit"": ""31""}"
15,Grange Hill East,node,-30509,,Mountford Drive,35,create,35 Mountford Drive,32,,yes,yes,,43.56539,-80.23318,"{""addr:city"": ""Guelph"", ""addr:housenumber"": ""35"", ""addr:source"": ""Guelph Open Data"", ""addr:street"": ""Mountford Drive"", ""addr:unit"": ""32""}"
15,Grange Hill East,node,-45730,,Mountford Drive,35,create,35 Mountford Drive,65,,yes,yes,,43.56536,-80.23183,"{""addr:city"": ""Guelph"", ""addr:housenumber"": ""35"", ""addr:source"": ""Guelph Open Data"", ""addr:street"": ""Mountford Drive"", ""addr:unit"": ""65""}"
15,Grange Hill East,node,-11349,,Mountford Drive,35,create,35 Mountford Drive,66,,yes,yes,,43.56535,-80.23179,"{""addr:city"": ""Guelph"", ""addr:housenumber"": ""35"", ""addr:source"": ""Guelph Open Data"", ""addr:street"": ""Mountford Drive"", ""addr:unit"": ""66""}"
15,Grange Hill East,node,-21343,,Mountford Drive,35,create,35 Mountford Drive,67,,yes,yes,,43.56533,-80.23176,"{""addr:city"": ""Guelph"", ""addr:housenumber"": ""35"", ""addr:source"": ""Guelph Open Data"", ""addr:street"": ""Mountford Drive"", ""addr:unit"": ""67""}"
15,Grange Hill East,node,-26506,,Mountford Drive,35,create,35 Mountford Drive,68,,yes,no,,43.56531,-80.23171,"{""addr:city"": ""Guelph"", ""addr:housenumber"": ""35"", ""addr:source"": ""Guelph Open Data"", ""addr:street"": ""Mountford Drive"", ""addr:unit"": ""68""}"
15,Grange Hill East,node,-14500,,Mountford Drive,35,create,35 Mountford Drive,69,,yes,yes,,43.56531,-80.23187,"{""addr:city"": ""Guelph"", ""addr:housenumber"": ""35"", ""addr:source"": ""Guelph Open Data"", ""addr:street"": ""Mountford Drive"", ""addr:unit"": ""69""}"
15,Grange Hill East,node,-18031,,Mountford Drive,35,create,35 Mountford Drive,70,,yes,yes,,43.56529,-80.23184,"{""addr:city"": ""Guelph"", ""addr:housenumber"": ""35"", ""addr:source"": ""Guelph Open Data"", ""addr:street"": ""Mountford Drive"", ""addr:unit"": ""70""}"
15,Grange Hill East,node,-21321,,Mountford Drive,35,create,35 Mountford Drive,71,,yes,yes,,43.56528,-80.2318,"{""addr:city"": ""Guelph"", ""addr:housenumber"": ""35"", ""addr:source"": ""Guelph Open Data"", ""addr:street"": ""Mountford Drive"", ""addr:unit"": ""71""}"
15,Grange Hill East,node,-38381,,Mountford Drive,35,create,35 Mountford Drive,72,,yes,no,,43.56526,-80.23175,"{""addr:city"": ""Guelph"", ""addr:housenumber"": ""35"", ""addr:source"": ""Guelph Open Data"", ""addr:street"": ""Mountford Drive"", ""addr:unit"": ""72""}"
15,Grange Hill East,node,-14895,,Mountford Drive,35,create,35 Mountford Drive,73,,yes,yes,,43.56526,-80.23191,"{""addr:city"": ""Guelph"", ""addr:housenumber"": ""35"", ""addr:source"": ""Guelph Open Data"", ""addr:street"": ""Mountford Drive"", ""addr:unit"": ""73""}"
15,Grange Hill East,node,-10326,,Mountford Drive,35,create,35 Mountford Drive,74,,yes,yes,,43.56525,-80.23188,"{""addr:city"": ""Guelph"", ""addr:housenumber"": ""35"", ""addr:source"": ""Guelph Open Data"", ""addr:street"": ""Mountford Drive"", ""addr:unit"": ""74""}"
15,Grange Hill East,node,-12428,,Mountford Drive,35,create,35 Mountford Drive,75,,yes,yes,,43.56523,-80.23184,"{""addr:city"": ""Guelph"", ""addr:housenumber"": ""35"", ""addr:source"": ""Guelph Open Data"", ""addr:street"": ""Mountford Drive"", ""addr:unit"": ""75""}"
15,Grange Hill East,node,-31838,,Mountford Drive,35,create,35 Mountford Drive,76,,yes,no,,43.56521,-80.23179,"{""addr:city"": ""Guelph"", ""addr:housenumber"": ""35"", ""addr:source"": ""Guelph Open Data"", ""addr:street"": ""Mountford Drive"", ""addr:unit"": ""76""}"
15,Grange Hill East,node,-30801,,Mountford Drive,35,create,35 Mountford Drive,77,,yes,yes,,43.56521,-80.23195,"{""addr:city"": ""Guelph"", ""addr:housenumber"": ""35"", ""addr:source"": ""Guelph Open Data"", ""addr:street"": ""Mountford Drive"", ""addr:unit"": ""77""}"
15,Grange Hill East,node,-22191,,Mountford Drive,35,create,35 Mountford Drive,78,,yes,yes,,43.56519,-80.23192,"{""addr:city"": ""Guelph"", ""addr:housenumber"": ""35"", ""addr:source"": ""Guelph Open Data"", ""addr:street"": ""Mountford Drive"", ""addr:unit"": ""78""}"
15,Grange Hill East,node,-17341,,Mountford Drive,35,create,35 Mountford Drive,79,,yes,yes,,43.56518,-80.23188,"{""addr:city"": ""Guelph"", ""addr:housenumber"": ""35"", ""addr:source"": ""Guelph Open Data"", ""addr:street"": ""Mountford Drive"", ""addr:unit"": ""79""}"
15,Grange Hill East,node,-25839,,Mountford Drive,35,create,35 Mountford Drive,80,,yes,yes,,43.56516,-80.23183,"{""addr:city"": ""Guelph"", ""addr:housenumber"": ""35"", ""addr:source"": ""Guelph Open Data"", ""addr:street"": ""Mountford Drive"", ""addr:unit"": ""80""}"
15,Grange Hill East,node,-4318,,Mountford Drive,35,create,35 Mountford Drive,81,,yes,yes,,43.56516,-80.23199,"{""addr:city"": ""Guelph"", ""addr:housenumber"": ""35"", ""addr:source"": ""Guelph Open Data"", ""addr:street"": ""Mountford Drive"", ""addr:unit"": ""81""}"
15,Grange Hill East,node,-5103,,Mountford Drive,35,create,35 Mountford Drive,82,,yes,yes,,43.56514,-80.23196,"{""addr:city"": ""Guelph"", ""addr:housenumber"": ""35"", ""addr:source"": ""Guelph Open Data"", ""addr:street"": ""Mountford Drive"", ""addr:unit"": ""82""}"
15,Grange Hill East,node,-35902,,Mountford Drive,35,create,35 Mountford Drive,83,,yes,yes,,43.56513,-80.23192,"{""addr:city"": ""Guelph"", ""addr:housenumber"": ""35"", ""addr:source"": ""Guelph Open Data"", ""addr:street"": ""Mountford Drive"", ""addr:unit"": ""83""}"
15,Grange Hill East,node,-19408,,Mountford Drive,35,create,35 Mountford Drive,84,,yes,yes,,43.56511,-80.23187,"{""addr:city"": ""Guelph"", ""addr:housenumber"": ""35"", ""addr:source"": ""Guelph Open Data"", ""addr:street"": ""Mountford Drive"", ""addr:unit"": ""84""}"
15,Grange Hill East,node,-19815,,Mountford Drive,35,create,35 Mountford Drive,85,,yes,yes,,43.5651,-80.23203,"{""addr:city"": ""Guelph"", ""addr:housenumber"": ""35"", ""addr:source"": ""Guelph Open Data"", ""addr:street"": ""Mountford Drive"", ""addr:unit"": ""85""}"
15,Grange Hill East,node,-8641,,Mountford Drive,35,create,35 Mountford Drive,86,,yes,yes,,43.56509,-80.23199,"{""addr:city"": ""Guelph"", ""addr:housenumber"": ""35"", ""addr:source"": ""Guelph Open Data"", ""addr:street"": ""Mountford Drive"", ""addr:unit"": ""86""}"
15,Grange Hill East,node,-20702,,Mountford Drive,35,create,35 Mountford Drive,87,,yes,yes,,43.56508,-80.23195,"{""addr:city"": ""Guelph"", ""addr:housenumber"": ""35"", ""addr:source"": ""Guelph Open Data"", ""addr:street"": ""Mountford Drive"", ""addr:unit"": ""87""}"
15,Grange Hill East,node,-39335,,Mountford Drive,35,create,35 Mountford Drive,88,,yes,yes,,43.56506,-80.2319,"{""addr:city"": ""Guelph"", ""addr:housenumber"": ""35"", ""addr:source"": ""Guelph Open Data"", ""addr:street"": ""Mountford Drive"", ""addr:unit"": ""88""}"
15,Grange Hill East,way,803283649,4,Mountford Drive,35,modify,35 Mountford Drive,,65-88,,,,,,
15,Grange Hill East,way,942414532,4,Shackleton Drive,20,modify,20 Shackleton Drive,,44-47,,,,,,
15,Grange Hill East,node,-40497,,Shackleton Drive,20,create,20 Shackleton Drive,44,,yes,yes,,43.57603,-80.22092,"{""addr:city"": ""Guelph"", ""addr:housenumber"": ""20"", ""addr:source"": ""Guelph Open Data"", ""addr:street"": ""Shackleton Drive"", ""addr:unit"": ""44""}"
15,Grange Hill East,node,-28571,,Shackleton Drive,20,create,20 Shackleton Drive,45,,yes,yes,,43.57608,-80.22087,"{""addr:city"": ""Guelph"", ""addr:housenumber"": ""20"", ""addr:source"": ""Guelph Open Data"", ""addr:street"": ""Shackleton Drive"", ""addr:unit"": ""45""}"
15,Grange Hill East,node,-16469,,Shackleton Drive,20,create,20 Shackleton Drive,46,,yes,yes,,43.57611,-80.22082,"{""addr:city"": ""Guelph"", ""addr:housenumber"": ""20"", ""addr:source"": ""Guelph Open Data"", ""addr:street"": ""Shackleton Drive"", ""addr:unit"": ""46""}"
15,Grange Hill East,node,-14584,,Shackleton Drive,20,create,20 Shackleton Drive,47,,yes,yes,,43.57615,-80.22077,"{""addr:city"": ""Guelph"", ""addr:housenumber"": ""20"", ""addr:source"": ""Guelph Open Data"", ""addr:street"": ""Shackleton Drive"", ""addr:unit"": ""47""}"
15,Grange Hill East,,,,Shackleton Drive,20,skip-existing,20 Shackleton Drive,1,,no,no,way/942414522,43.57648,-80.22019,
15,Grange Hill East,,,,Shackleton Drive,20,skip-existing,20 Shackleton Drive,2,,no,no,way/1435231705,43.57652,-80.22024,
15,Grange Hill East,,,,Shackleton Drive,20,skip-existing,20 Shackleton Drive,3,,no,no,way/1435231706,43.57656,-80.2203,
15,Grange Hill East,,,,Shackleton Drive,20,skip-existing,20 Shackleton Drive,4,,no,no,way/1435231707,43.57659,-80.22035,
15,Grange Hill East,,,,Shackleton Drive,20,skip-existing,20 Shackleton Drive,5,,no,no,way/1435231708,43.57663,-80.22041,
15,Grange Hill East,,,,Shackleton Drive,20,skip-existing,20 Shackleton Drive,6,,no,no,way/1435231709,43.57667,-80.22046,
15,Grange Hill East,,,,Shackleton Drive,20,skip-existing,20 Shackleton Drive,7,,no,no,way/1435231699,43.57676,-80.22059,
15,Grange Hill East,,,,Shackleton Drive,20,skip-existing,20 Shackleton Drive,8,,no,no,way/1435231700,43.5768,-80.22065,
15,Grange Hill East,,,,Shackleton Drive,20,skip-existing,20 Shackleton Drive,9,,no,no,way/942414523,43.57683,-80.2207,
15,Grange Hill East,,,,Shackleton Drive,20,skip-existing,20 Shackleton Drive,10,,no,no,way/1435231701,43.57687,-80.22075,
15,Grange Hill East,,,,Shackleton Drive,20,skip-existing,20 Shackleton Drive,11,,no,no,way/1435231702,43.57692,-80.2208,
15,Grange Hill East,,,,Shackleton Drive,20,skip-existing,20 Shackleton Drive,12,,no,no,way/1435231703,43.57695,-80.22085,
15,Grange Hill East,,,,Shackleton Drive,20,skip-existing,20 Shackleton Drive,13,,no,no,way/1435231704,43.57699,-80.22091,
15,Grange Hill East,,,,Shackleton Drive,20,skip-existing,20 Shackleton Drive,14,,no,no,way/1435231698,43.57707,-80.22104,
15,Grange Hill East,,,,Shackleton Drive,20,skip-existing,20 Shackleton Drive,15,,no,no,way/1435231697,43.57711,-80.22109,
15,Grange Hill East,,,,Shackleton Drive,20,skip-existing,20 Shackleton Drive,16,,no,no,way/1435231696,43.57715,-80.22115,
15,Grange Hill East,,,,Shackleton Drive,20,skip-existing,20 Shackleton Drive,17,,no,no,way/1435231695,43.57719,-80.2212,
15,Grange Hill East,,,,Shackleton Drive,20,skip-existing,20 Shackleton Drive,18,,no,no,way/1435231694,43.57723,-80.22125,
15,Grange Hill East,,,,Shackleton Drive,20,skip-existing,20 Shackleton Drive,19,,no,no,way/942414524,43.57727,-80.2213,
15,Grange Hill East,,,,Shackleton Drive,20,skip-existing,20 Shackleton Drive,20,,no,no,way/1435232049,43.57706,-80.22151,
15,Grange Hill East,,,,Shackleton Drive,20,skip-existing,20 Shackleton Drive,21,,no,no,way/1435232048,43.57702,-80.22156,
15,Grange Hill East,,,,Shackleton Drive,20,skip-existing,20 Shackleton Drive,22,,no,no,way/1435232047,43.57698,-80.22161,
15,Grange Hill East,,,,Shackleton Drive,20,skip-existing,20 Shackleton Drive,23,,no,no,way/942414525,43.57694,-80.22167,
15,Grange Hill East,,,,Shackleton Drive,20,skip-existing,20 Shackleton Drive,24,,no,no,way/1435232046,43.57686,-80.22177,
15,Grange Hill East,,,,Shackleton Drive,20,skip-existing,20 Shackleton Drive,25,,no,no,way/1435232045,43.57682,-80.22182,
15,Grange Hill East,,,,Shackleton Drive,20,skip-existing,20 Shackleton Drive,26,,no,no,way/1435232044,43.57677,-80.22187,
15,Grange Hill East,,,,Shackleton Drive,20,skip-existing,20 Shackleton Drive,27,,no,no,way/942414526,43.57673,-80.22192,
15,Grange Hill East,,,,Shackleton Drive,20,skip-existing,20 Shackleton Drive,28,,no,no,way/1435232055,43.57652,-80.22162,
15,Grange Hill East,,,,Shackleton Drive,20,skip-existing,20 Shackleton Drive,29,,no,no,way/1435232054,43.57656,-80.22157,
15,Grange Hill East,,,,Shackleton Drive,20,skip-existing,20 Shackleton Drive,30,,no,no,way/942414509,43.5766,-80.22152,
15,Grange Hill East,,,,Shackleton Drive,20,skip-existing,20 Shackleton Drive,31,,no,no,way/1435232053,43.57664,-80.22146,
15,Grange Hill East,,,,Shackleton Drive,20,skip-existing,20 Shackleton Drive,32,,no,no,way/1435232052,43.57672,-80.22135,
15,Grange Hill East,,,,Shackleton Drive,20,skip-existing,20 Shackleton Drive,33,,no,no,way/1435232051,43.57676,-80.2213,
15,Grange Hill East,,,,Shackleton Drive,20,skip-existing,20 Shackleton Drive,34,,no,no,way/942414527,43.5768,-80.22125,
15,Grange Hill East,,,,Shackleton Drive,20,skip-existing,20 Shackleton Drive,35,,no,no,way/1435232050,43.57684,-80.2212,
15,Grange Hill East,,,,Shackleton Drive,20,skip-existing,20 Shackleton Drive,36,,no,no,way/942414528,43.57662,-80.22088,
15,Grange Hill East,,,,Shackleton Drive,20,skip-existing,20 Shackleton Drive,37,,no,no,way/1435232059,43.57658,-80.22094,
15,Grange Hill East,,,,Shackleton Drive,20,skip-existing,20 Shackleton Drive,38,,no,no,way/1435232060,43.57654,-80.221,
15,Grange Hill East,,,,Shackleton Drive,20,skip-existing,20 Shackleton Drive,39,,no,no,way/1435232061,43.5765,-80.22105,
15,Grange Hill East,,,,Shackleton Drive,20,skip-existing,20 Shackleton Drive,40,,no,no,way/942414529,43.57642,-80.22116,
15,Grange Hill East,,,,Shackleton Drive,20,skip-existing,20 Shackleton Drive,41,,no,no,way/1435232056,43.57638,-80.22121,
15,Grange Hill East,,,,Shackleton Drive,20,skip-existing,20 Shackleton Drive,42,,no,no,way/1435232057,43.57634,-80.22126,
15,Grange Hill East,,,,Shackleton Drive,20,skip-existing,20 Shackleton Drive,43,,no,no,way/1435232058,43.5763,-80.22132,
15,Grange Hill East,,,,Mountford Drive,35,skip-existing,35 Mountford Drive,1,,no,no,node/13191857035,43.56484,-80.23369,
15,Grange Hill East,,,,Mountford Drive,35,skip-existing,35 Mountford Drive,2,,no,no,node/13191857027,43.56487,-80.23357,
15,Grange Hill East,,,,Mountford Drive,35,skip-existing,35 Mountford Drive,3,,no,no,node/13191857034,43.56488,-80.23371,
15,Grange Hill East,,,,Mountford Drive,35,skip-existing,35 Mountford Drive,4,,no,no,node/13191857026,43.56491,-80.23358,
15,Grange Hill East,,,,Mountford Drive,35,skip-existing,35 Mountford Drive,5,,no,no,node/13191857033,43.56496,-80.23375,
15,Grange Hill East,,,,Mountford Drive,35,skip-existing,35 Mountford Drive,6,,no,no,node/13191857025,43.56499,-80.23361,
15,Grange Hill East,,,,Mountford Drive,35,skip-existing,35 Mountford Drive,7,,no,no,node/13191857032,43.565,-80.23376,
15,Grange Hill East,,,,Mountford Drive,35,skip-existing,35 Mountford Drive,8,,no,no,node/13191857024,43.56503,-80.23364,
15,Grange Hill East,,,,Mountford Drive,35,skip-existing,35 Mountford Drive,9,,no,no,node/13191857031,43.56508,-80.2338,
15,Grange Hill East,,,,Mountford Drive,35,skip-existing,35 Mountford Drive,10,,no,no,node/13191857023,43.56511,-80.23367,
15,Grange Hill East,,,,Mountford Drive,35,skip-existing,35 Mountford Drive,11,,no,no,node/13191857030,43.56512,-80.23382,
15,Grange Hill East,,,,Mountford Drive,35,skip-existing,35 Mountford Drive,12,,no,no,node/13191857022,43.56515,-80.23369,
15,Grange Hill East,,,,Mountford Drive,35,skip-existing,35 Mountford Drive,13,,no,no,node/13191857029,43.5652,-80.23386,
15,Grange Hill East,,,,Mountford Drive,35,skip-existing,35 Mountford Drive,14,,no,no,node/13191857021,43.56523,-80.23372,
15,Grange Hill East,,,,Mountford Drive,35,skip-existing,35 Mountford Drive,15,,no,no,node/13191857028,43.56524,-80.23387,
15,Grange Hill East,,,,Mountford Drive,35,skip-existing,35 Mountford Drive,16,,no,no,node/13191857020,43.56527,-80.23374,
15,Grange Hill East,,,,Mountford Drive,35,skip-existing,35 Mountford Drive,33,,no,no,node/13191857047,43.56555,-80.23337,
15,Grange Hill East,,,,Mountford Drive,35,skip-existing,35 Mountford Drive,34,,no,no,node/13191857041,43.56547,-80.23346,
15,Grange Hill East,,,,Mountford Drive,35,skip-existing,35 Mountford Drive,35,,no,no,node/13191857046,43.56558,-80.23341,
15,Grange Hill East,,,,Mountford Drive,35,skip-existing,35 Mountford Drive,36,,no,no,node/13191857040,43.5655,-80.2335,
15,Grange Hill East,,,,Mountford Drive,35,skip-existing,35 Mountford Drive,37,,no,no,node/13191857045,43.56564,-80.2335,
15,Grange Hill East,,,,Mountford Drive,35,skip-existing,35 Mountford Drive,38,,no,no,node/13191857039,43.56556,-80.23359,
15,Grange Hill East,,,,Mountford Drive,35,skip-existing,35 Mountford Drive,39,,no,no,node/13191857044,43.56566,-80.23354,
15,Grange Hill East,,,,Mountford Drive,35,skip-existing,35 Mountford Drive,40,,no,no,node/13191857038,43.56558,-80.23364,
15,Grange Hill East,,,,Mountford Drive,35,skip-existing,35 Mountford Drive,41,,no,no,node/13191857043,43.56572,-80.23363,
15,Grange Hill East,,,,Mountford Drive,35,skip-existing,35 Mountford Drive,42,,no,no,node/13191857037,43.56564,-80.23372,
15,Grange Hill East,,,,Mountford Drive,35,skip-existing,35 Mountford Drive,43,,no,no,node/13191857042,43.56575,-80.23366,
15,Grange Hill East,,,,Mountford Drive,35,skip-existing,35 Mountford Drive,44,,no,no,node/13191857036,43.56567,-80.23377,
15,Grange Hill East,,,,Mountford Drive,35,skip-existing,35 Mountford Drive,45,,no,no,node/13191857079,43.56573,-80.23252,
15,Grange Hill East,,,,Mountford Drive,35,skip-existing,35 Mountford Drive,46,,no,no,node/13191857069,43.56582,-80.23253,
15,Grange Hill East,,,,Mountford Drive,35,skip-existing,35 Mountford Drive,47,,no,no,node/13191857078,43.56573,-80.23246,
15,Grange Hill East,,,,Mountford Drive,35,skip-existing,35 Mountford Drive,48,,no,no,node/13191857068,43.56583,-80.23248,
15,Grange Hill East,,,,Mountford Drive,35,skip-existing,35 Mountford Drive,49,,no,no,node/13191857077,43.56574,-80.23234,
15,Grange Hill East,,,,Mountford Drive,35,skip-existing,35 Mountford Drive,50,,no,no,node/13191857067,43.56583,-80.23236,
15,Grange Hill East,,,,Mountford Drive,35,skip-existing,35 Mountford Drive,51,,no,no,node/13191857076,43.56574,-80.23229,
15,Grange Hill East,,,,Mountford Drive,35,skip-existing,35 Mountford Drive,52,,no,no,node/13191857066,43.56584,-80.2323,
15,Grange Hill East,,,,Mountford Drive,35,skip-existing,35 Mountford Drive,53,,no,no,node/13191857075,43.56568,-80.23217,
15,Grange Hill East,,,,Mountford Drive,35,skip-existing,35 Mountford Drive,54,,no,no,node/13191857065,43.56574,-80.23208,
15,Grange Hill East,,,,Mountford Drive,35,skip-existing,35 Mountford Drive,55,,no,no,node/13191857074,43.56565,-80.23213,
15,Grange Hill East,,,,Mountford Drive,35,skip-existing,35 Mountford Drive,56,,no,no,node/13191857064,43.56572,-80.23203,
15,Grange Hill East,,,,Mountford Drive,35,skip-existing,35 Mountford Drive,57,,no,no,node/13191857073,43.56559,-80.23205,
15,Grange Hill East,,,,Mountford Drive,35,skip-existing,35 Mountford Drive,58,,no,no,node/13191857063,43.56565,-80.23195,
15,Grange Hill East,,,,Mountford Drive,35,skip-existing,35 Mountford Drive,59,,no,no,node/13191857072,43.56556,-80.23201,
15,Grange Hill East,,,,Mountford Drive,35,skip-existing,35 Mountford Drive,60,,no,no,node/13191857062,43.56563,-80.23192,
15,Grange Hill East,,,,Mountford Drive,35,skip-existing,35 Mountford Drive,61,,no,no,node/13191857071,43.5655,-80.23193,
15,Grange Hill East,,,,Mountford Drive,35,skip-existing,35 Mountford Drive,62,,no,no,node/13191857061,43.56556,-80.23184,
15,Grange Hill East,,,,Mountford Drive,35,skip-existing,35 Mountford Drive,63,,no,no,node/13191857070,43.56547,-80.23188,
15,Grange Hill East,,,,Mountford Drive,35,skip-existing,35 Mountford Drive,64,,no,no,node/13191857060,43.56553,-80.2318,
15,Grange Hill East,,,,Mountford Drive,35,skip-existing,35 Mountford Drive,89,,no,no,node/13191857059,43.56524,-80.2328,
15,Grange Hill East,,,,Mountford Drive,35,skip-existing,35 Mountford Drive,90,,no,no,node/13191857053,43.56518,-80.2327,
15,Grange Hill East,,,,Mountford Drive,35,skip-existing,35 Mountford Drive,91,,no,no,node/13191857058,43.56521,-80.23284,
15,Grange Hill East,,,,Mountford Drive,35,skip-existing,35 Mountford Drive,92,,no,no,node/13191857052,43.56514,-80.23273,
15,Grange Hill East,,,,Mountford Drive,35,skip-existing,35 Mountford Drive,93,,no,no,node/13191857057,43.56515,-80.23292,
15,Grange Hill East,,,,Mountford Drive,35,skip-existing,35 Mountford Drive,94,,no,no,node/13191857051,43.56508,-80.23281,
15,Grange Hill East,,,,Mountford Drive,35,skip-existing,35 Mountford Drive,95,,no,no,node/13191857056,43.56512,-80.23295,
15,Grange Hill East,,,,Mountford Drive,35,skip-existing,35 Mountford Drive,96,,no,no,node/13191857050,43.56505,-80.23285,
15,Grange Hill East,,,,Mountford Drive,35,skip-existing,35 Mountford Drive,97,,no,no,node/13191857055,43.56505,-80.23304,
15,Grange Hill East,,,,Mountford Drive,35,skip-existing,35 Mountford Drive,98,,no,no,node/13191857049,43.56498,-80.23292,
15,Grange Hill East,,,,Mountford Drive,35,skip-existing,35 Mountford Drive,99,,no,no,node/13191857054,43.56502,-80.23307,
15,Grange Hill East,,,,Mountford Drive,35,skip-existing,35 Mountford Drive,100,,no,no,node/13191857048,43.56495,-80.23296,
15,Grange Hill East,,,,Mountford Drive,35,skip-existing,35 Mountford Drive,101,,no,no,node/13191857019,43.56478,-80.23328,
15,Grange Hill East,,,,Mountford Drive,35,skip-existing,35 Mountford Drive,102,,no,no,node/13191857007,43.56487,-80.23326,
15,Grange Hill East,,,,Mountford Drive,35,skip-existing,35 Mountford Drive,103,,no,no,node/13191857018,43.56477,-80.23323,
15,Grange Hill East,,,,Mountford Drive,35,skip-existing,35 Mountford Drive,104,,no,no,node/13191857090,43.56486,-80.2332,
15,Grange Hill East,,,,Mountford Drive,35,skip-existing,35 Mountford Drive,105,,no,no,node/13191857017,43.56475,-80.23311,
15,Grange Hill East,,,,Mountford Drive,35,skip-existing,35 Mountford Drive,106,,no,no,node/13191857089,43.56485,-80.23308,
15,Grange Hill East,,,,Mountford Drive,35,skip-existing,35 Mountford Drive,107,,no,no,node/13191857016,43.56474,-80.23305,
15,Grange Hill East,,,,Mountford Drive,35,skip-existing,35 Mountford Drive,108,,no,no,node/13191857088,43.56484,-80.23303,
15,Grange Hill East,,,,Mountford Drive,35,skip-existing,35 Mountford Drive,109,,no,no,node/13191857015,43.56472,-80.23294,
15,Grange Hill East,,,,Mountford Drive,35,skip-existing,35 Mountford Drive,110,,no,no,node/13191857087,43.56482,-80.23292,
15,Grange Hill East,,,,Mountford Drive,35,skip-existing,35 Mountford Drive,111,,no,no,node/13191857014,43.56472,-80.23288,
15,Grange Hill East,,,,Mountford Drive,35,skip-existing,35 Mountford Drive,112,,no,no,node/13191857086,43.56482,-80.23286,
15,Grange Hill East,,,,Mountford Drive,35,skip-existing,35 Mountford Drive,113,,no,no,node/13191857013,43.56471,-80.23277,
15,Grange Hill East,,,,Mountford Drive,35,skip-existing,35 Mountford Drive,114,,no,no,node/13191857085,43.5648,-80.23274,
15,Grange Hill East,,,,Mountford Drive,35,skip-existing,35 Mountford Drive,115,,no,no,node/13191857012,43.5647,-80.23271,
15,Grange Hill East,,,,Mountford Drive,35,skip-existing,35 Mountford Drive,116,,no,no,node/13191857084,43.56479,-80.23269,
15,Grange Hill East,,,,Mountford Drive,35,skip-existing,35 Mountford Drive,117,,no,no,node/13191857011,43.56468,-80.2326,
15,Grange Hill East,,,,Mountford Drive,35,skip-existing,35 Mountford Drive,118,,no,no,node/13191857083,43.56478,-80.23257,
15,Grange Hill East,,,,Mountford Drive,35,skip-existing,35 Mountford Drive,119,,no,no,node/13191857010,43.56467,-80.23254,
15,Grange Hill East,,,,Mountford Drive,35,skip-existing,35 Mountford Drive,120,,no,no,node/13191857082,43.56477,-80.23252,
15,Grange Hill East,,,,Mountford Drive,35,skip-existing,35 Mountford Drive,121,,no,no,node/13191857009,43.56466,-80.23243,
15,Grange Hill East,,,,Mountford Drive,35,skip-existing,35 Mountford Drive,122,,no,no,node/13191857081,43.56475,-80.2324,
15,Grange Hill East,,,,Mountford Drive,35,skip-existing,35 Mountford Drive,123,,no,no,node/13191857008,43.56465,-80.23237,
15,Grange Hill East,,,,Mountford Drive,35,skip-existing,35 Mountford Drive,124,,no,no,node/13191857080,43.56474,-80.23235,
15,Grange Hill East,,,,Auden Road,394,skip-existing,394 Auden Road,1,,no,no,way/1435231886,43.5671,-80.23199,
15,Grange Hill East,,,,Auden Road,394,skip-existing,394 Auden Road,2,,no,no,way/803283646,43.56707,-80.23194,
15,Grange Hill East,,,,Auden Road,394,skip-existing,394 Auden Road,3,,no,no,way/1435231887,43.56703,-80.2319,
15,Grange Hill East,,,,Auden Road,394,skip-existing,394 Auden Road,4,,no,no,way/1435231888,43.56698,-80.23184,
15,Grange Hill East,,,,Auden Road,394,skip-existing,394 Auden Road,5,,no,no,way/1435231881,43.56683,-80.23163,
15,Grange Hill East,,,,Auden Road,394,skip-existing,394 Auden Road,6,,no,no,way/803283645,43.56679,-80.23159,
15,Grange Hill East,,,,Auden Road,394,skip-existing,394 Auden Road,7,,no,no,way/1435231882,43.56674,-80.23153,
15,Grange Hill East,,,,Auden Road,394,skip-existing,394 Auden Road,8,,no,no,way/1435231883,43.5667,-80.23147,
15,Grange Hill East,,,,Auden Road,394,skip-existing,394 Auden Road,9,,no,no,way/1435231885,43.56667,-80.23142,
15,Grange Hill East,,,,Auden Road,394,skip-existing,394 Auden Road,10,,no,no,way/1435231884,43.56663,-80.23136,
15,Grange Hill East,,,,Auden Road,394,skip-existing,394 Auden Road,20,,no,no,way/803283641,43.56614,-80.23198,
15,Grange Hill East,,,,Auden Road,394,skip-existing,394 Auden Road,21,,no,no,way/1435231916,43.56614,-80.23205,
15,Grange Hill East,,,,Auden Road,394,skip-existing,394 Auden Road,22,,no,no,way/1435231915,43.56614,-80.2321,
15,Grange Hill East,,,,Auden Road,394,skip-existing,394 Auden Road,23,,no,no,way/1435231914,43.56614,-80.23214,
15,Grange Hill East,,,,Auden Road,394,skip-existing,394 Auden Road,24,,no,no,way/1435231913,43.56615,-80.23219,
15,Grange Hill East,,,,Auden Road,394,skip-existing,394 Auden Road,25,,no,no,way/1435231912,43.56614,-80.23225,
15,Grange Hill East,,,,Auden Road,394,skip-existing,394 Auden Road,26,,no,no,way/1435231911,43.56614,-80.2323,
15,Grange Hill East,,,,Auden Road,394,skip-existing,394 Auden Road,27,,no,no,way/1435231910,43.56614,-80.23234,
15,Grange Hill East,,,,Auden Road,394,skip-existing,394 Auden Road,28,,no,no,way/1435231909,43.56615,-80.23239,
15,Grange Hill East,,,,Auden Road,394,skip-existing,394 Auden Road,40,,no,no,way/1435231906,43.56608,-80.23307,
15,Grange Hill East,,,,Auden Road,394,skip-existing,394 Auden Road,41,,no,no,way/1435231907,43.56613,-80.23314,
15,Grange Hill East,,,,Auden Road,394,skip-existing,394 Auden Road,42,,no,no,way/1435231908,43.56616,-80.23319,
15,Grange Hill East,,,,Auden Road,394,skip-existing,394 Auden Road,43,,no,no,way/803283647,43.56619,-80.23323,
15,Grange Hill East,,,,Auden Road,394,skip-existing,394 Auden Road,44,,no,no,way/1435231905,43.56637,-80.23289,
15,Grange Hill East,,,,Auden Road,394,skip-existing,394 Auden Road,45,,no,no,way/1435231896,43.56638,-80.23283,
15,Grange Hill East,,,,Auden Road,394,skip-existing,394 Auden Road,46,,no,no,way/1435231904,43.5664,-80.23276,
15,Grange Hill East,,,,Auden Road,394,skip-existing,394 Auden Road,47,,no,no,way/1435231897,43.56641,-80.23268,
15,Grange Hill East,,,,Auden Road,394,skip-existing,394 Auden Road,48,,no,no,way/1435231903,43.56644,-80.23265,
15,Grange Hill East,,,,Auden Road,394,skip-existing,394 Auden Road,49,,no,no,way/1435231898,43.56647,-80.23261,
15,Grange Hill East,,,,Auden Road,394,skip-existing,394 Auden Road,50,,no,no,way/1435231899,43.56651,-80.23256,
15,Grange Hill East,,,,Auden Road,394,skip-existing,394 Auden Road,51,,no,no,way/1435231902,43.56654,-80.23252,
15,Grange Hill East,,,,Auden Road,394,skip-existing,394 Auden Road,52,,no,no,way/1435231900,43.56656,-80.23249,
15,Grange Hill East,,,,Auden Road,394,skip-existing,394 Auden Road,53,,no,no,way/1435231901,43.56659,-80.23245,
15,Grange Hill East,,,,Auden Road,394,skip-existing,394 Auden Road,54,,no,no,way/1435231895,43.56663,-80.23241,
15,Grange Hill East,,,,Auden Road,394,skip-existing,394 Auden Road,55,,no,no,way/1435231894,43.56666,-80.23236,
15,Grange Hill East,,,,Auden Road,394,skip-existing,394 Auden Road,56,,no,no,way/1435231893,43.5667,-80.23232,
15,Grange Hill East,,,,Auden Road,394,skip-existing,394 Auden Road,57,,no,no,way/1435231892,43.56673,-80.23227,
15,Grange Hill East,,,,Auden Road,394,skip-existing,394 Auden Road,58,,no,no,way/1435231891,43.56677,-80.23222,
15,Grange Hill East,,,,Auden Road,394,skip-existing,394 Auden Road,59,,no,no,way/1435231890,43.56681,-80.23217,
15,Grange Hill East,,,,Auden Road,394,skip-existing,394 Auden Road,60,,no,no,way/803283642,43.56684,-80.23213,
15,Grange Hill East,,,,Auden Road,394,skip-existing,394 Auden Road,61,,no,no,way/1435231889,43.56687,-80.23209,
15,Grange Hill East,,,,Auden Road,470,skip-existing,470 Auden Road,14,,no,no,way/1435231921,43.56797,-80.23561,
15,Grange Hill East,,,,Auden Road,470,skip-existing,470 Auden Road,15,,no,no,way/1435231920,43.56802,-80.23565,
15,Grange Hill East,,,,Auden Road,470,skip-existing,470 Auden Road,18,,no,no,way/1435231922,43.56802,-80.2359,
15,Grange Hill East,,,,Auden Road,470,skip-existing,470 Auden Road,19,,no,no,way/1435231923,43.56797,-80.23593,
15,Grange Hill East,,,,Auden Road,470,skip-existing,470 Auden Road,20,,no,no,way/1435231924,43.56793,-80.23599,
15,Grange Hill East,,,,Auden Road,470,skip-existing,470 Auden Road,21,,no,no,way/1435231917,43.56816,-80.23617,
15,Grange Hill East,,,,Auden Road,470,skip-existing,470 Auden Road,24,,no,no,way/1435231918,43.56834,-80.23617,
15,Grange Hill East,,,,Auden Road,470,skip-existing,470 Auden Road,25,,no,no,way/1435231919,43.56836,-80.23625,
15,Grange Hill East,,,,Eastview Road,66,skip-existing,66 Eastview Road,1,,no,no,way/1434156493,43.56884,-80.2371,
15,Grange Hill East,,,,Eastview Road,66,skip-existing,66 Eastview Road,2,,no,no,way/803283700,43.56887,-80.23714,
15,Grange Hill East,,,,Eastview Road,66,skip-existing,66 Eastview Road,3,,no,no,way/1434156492,43.5689,-80.2372,
15,Grange Hill East,,,,Eastview Road,66,skip-existing,66 Eastview Road,4,,no,no,way/1434156491,43.56893,-80.23725,
15,Grange Hill East,,,,Eastview Road,66,skip-existing,66 Eastview Road,5,,no,no,way/1434156490,43.56896,-80.2373,
15,Grange Hill East,,,,Eastview Road,66,skip-existing,66 Eastview Road,6,,no,no,way/1434156494,43.56899,-80.23736,
15,Grange Hill East,,,,Eastview Road,66,skip-existing,66 Eastview Road,12,,no,no,node/13181278056,43.5691,-80.23681,
15,Grange Hill East,,,,Eastview Road,66,skip-existing,66 Eastview Road,13,,no,no,node/13181278055,43.56913,-80.23687,
15,Grange Hill East,,,,Eastview Road,66,skip-existing,66 Eastview Road,14,,no,no,node/13181278054,43.56917,-80.23693,
15,Grange Hill East,,,,Eastview Road,66,skip-existing,66 Eastview Road,15,,no,no,node/13181278053,43.5692,-80.23699,
15,Grange Hill East,,,,Eastview Road,66,skip-existing,66 Eastview Road,16,,no,no,node/13181278052,43.56923,-80.23704,
15,Grange Hill East,,,,Eastview Road,66,skip-existing,66 Eastview Road,17,,no,no,way/1434156486,43.56925,-80.23653,
15,Grange Hill East,,,,Eastview Road,66,skip-existing,66 Eastview Road,18,,no,no,way/1434156487,43.56929,-80.23658,
15,Grange Hill East,,,,Eastview Road,66,skip-existing,66 Eastview Road,19,,no,no,way/1434156488,43.56932,-80.23663,
15,Grange Hill East,,,,Eastview Road,66,skip-existing,66 Eastview Road,20,,no,no,way/1434156489,43.56936,-80.23669,
15,Grange Hill East,,,,Eastview Road,66,skip-existing,66 Eastview Road,21,,no,no,way/803283702,43.5694,-80.23674,
15,Grange Hill East,,,,Eastview Road,66,skip-existing,66 Eastview Road,22,,no,no,way/1434156482,43.56946,-80.23623,
15,Grange Hill East,,,,Eastview Road,66,skip-existing,66 Eastview Road,23,,no,no,way/1434156483,43.5695,-80.23627,
15,Grange Hill East,,,,Eastview Road,66,skip-existing,66 Eastview Road,24,,no,no,way/1434156484,43.56954,-80.23632,
15,Grange Hill East,,,,Eastview Road,66,skip-existing,66 Eastview Road,25,,no,no,way/1434156485,43.56957,-80.23637,
15,Grange Hill East,,,,Eastview Road,66,skip-existing,66 Eastview Road,26,,no,no,way/803283704,43.56961,-80.23641,
15,Grange Hill East,,,,Eastview Road,66,skip-existing,66 Eastview Road,27,,no,no,way/803283703,43.56967,-80.23649,
15,Grange Hill East,,,,Eastview Road,66,skip-existing,66 Eastview Road,28,,no,no,way/1434156481,43.56971,-80.23654,
15,Grange Hill East,,,,Eastview Road,66,skip-existing,66 Eastview Road,29,,no,no,way/1434156480,43.56974,-80.2366,
15,Grange Hill East,,,,Eastview Road,66,skip-existing,66 Eastview Road,30,,no,no,way/1434156479,43.56978,-80.23665,
16,Parkwood Gardens,way,1441651733,3,Fife Road,190,modify,190 Fife Road,,59-60,,,,,,
16,Parkwood Gardens,way,1441651734,3,Fife Road,190,modify,190 Fife Road,,57-58,,,,,,
16,Parkwood Gardens,way,1441651735,3,Fife Road,190,modify,190 Fife Road,,55-56,,,,,,
16,Parkwood Gardens,way,1441651736,3,Fife Road,190,modify,190 Fife Road,,51-52,,,,,,
16,Parkwood Gardens,way,1441651737,3,Fife Road,190,modify,190 Fife Road,,49-50,,,,,,
16,Parkwood Gardens,way,1441651738,3,Fife Road,190,modify,190 Fife Road,,47-48,,,,,,
16,Parkwood Gardens,way,1441651739,3,Fife Road,190,modify,190 Fife Road,,77-78,,,,,,
16,Parkwood Gardens,way,1441651740,3,Fife Road,190,modify,190 Fife Road,,79-80,,,,,,
16,Parkwood Gardens,way,1441651741,3,Fife Road,190,modify,190 Fife Road,,81-82,,,,,,
16,Parkwood Gardens,way,1441651742,3,Fife Road,190,modify,190 Fife Road,,61-62,,,,,,
16,Parkwood Gardens,way,1441651743,3,Fife Road,190,modify,190 Fife Road,,63-64,,,,,,
16,Parkwood Gardens,way,1441651744,3,Fife Road,190,modify,190 Fife Road,,65-66,,,,,,
16,Parkwood Gardens,way,1441651745,3,Fife Road,190,modify,190 Fife Road,,67-68,,,,,,
16,Parkwood Gardens,way,1441651746,3,Fife Road,190,modify,190 Fife Road,,69-70,,,,,,
16,Parkwood Gardens,way,1441651747,3,Fife Road,190,modify,190 Fife Road,,71-72,,,,,,
16,Parkwood Gardens,way,1441651748,3,Fife Road,190,modify,190 Fife Road,,73-74,,,,,,
16,Parkwood Gardens,way,1441651749,3,Fife Road,190,modify,190 Fife Road,,42-43,,,,,,
16,Parkwood Gardens,way,1441651750,3,Fife Road,190,modify,190 Fife Road,,40-41,,,,,,
16,Parkwood Gardens,way,1441651751,3,Fife Road,190,modify,190 Fife Road,,38-39,,,,,,
16,Parkwood Gardens,way,1441651752,3,Fife Road,190,modify,190 Fife Road,,34-35,,,,,,
16,Parkwood Gardens,way,1441651753,3,Fife Road,190,modify,190 Fife Road,,32-33,,,,,,
16,Parkwood Gardens,way,1441651754,3,Fife Road,190,modify,190 Fife Road,,30-31,,,,,,
16,Parkwood Gardens,way,1441651755,3,Fife Road,190,modify,190 Fife Road,,99-100,,,,,,
16,Parkwood Gardens,way,1441651756,3,Fife Road,190,modify,190 Fife Road,,97-98,,,,,,
16,Parkwood Gardens,way,1441651757,3,Fife Road,190,modify,190 Fife Road,,95-96,,,,,,
16,Parkwood Gardens,way,1441651758,3,Fife Road,190,modify,190 Fife Road,,93-94,,,,,,
16,Parkwood Gardens,way,1441651759,3,Fife Road,190,modify,190 Fife Road,,91-92,,,,,,
16,Parkwood Gardens,way,1441651760,3,Fife Road,190,modify,190 Fife Road,,89-90,,,,,,
16,Parkwood Gardens,way,1441651761,3,Fife Road,190,modify,190 Fife Road,,87-88,,,,,,
16,Parkwood Gardens,way,921942596,4,Fife Road,190,modify,190 Fife Road,,36-37,,,,,,
16,Parkwood Gardens,node,-22731,,Fife Road,190,create,190 Fife Road,28,,yes,yes,,43.51199,-80.27762,"{""addr:city"": ""Guelph"", ""addr:housenumber"": ""190"", ""addr:source"": ""Guelph Open Data"", ""addr:street"": ""Fife Road"", ""addr:unit"": ""28""}"
16,Parkwood Gardens,node,-43869,,Fife Road,190,create,190 Fife Road,29,,yes,yes,,43.51203,-80.27756,"{""addr:city"": ""Guelph"", ""addr:housenumber"": ""190"", ""addr:source"": ""Guelph Open Data"", ""addr:street"": ""Fife Road"", ""addr:unit"": ""29""}"
16,Parkwood Gardens,node,-2449,,Fife Road,190,create,190 Fife Road,30,,yes,yes,,43.51195,-80.27757,"{""addr:city"": ""Guelph"", ""addr:housenumber"": ""190"", ""addr:source"": ""Guelph Open Data"", ""addr:street"": ""Fife Road"", ""addr:unit"": ""30""}"
16,Parkwood Gardens,node,-42898,,Fife Road,190,create,190 Fife Road,31,,yes,yes,,43.51199,-80.27751,"{""addr:city"": ""Guelph"", ""addr:housenumber"": ""190"", ""addr:source"": ""Guelph Open Data"", ""addr:street"": ""Fife Road"", ""addr:unit"": ""31""}"
16,Parkwood Gardens,node,-30094,,Fife Road,190,create,190 Fife Road,32,,yes,yes,,43.51191,-80.2775,"{""addr:city"": ""Guelph"", ""addr:housenumber"": ""190"", ""addr:source"": ""Guelph Open Data"", ""addr:street"": ""Fife Road"", ""addr:unit"": ""32""}"
16,Parkwood Gardens,node,-37544,,Fife Road,190,create,190 Fife Road,33,,yes,yes,,43.51195,-80.27745,"{""addr:city"": ""Guelph"", ""addr:housenumber"": ""190"", ""addr:source"": ""Guelph Open Data"", ""addr:street"": ""Fife Road"", ""addr:unit"": ""33""}"
16,Parkwood Gardens,node,-27500,,Fife Road,190,create,190 Fife Road,34,,yes,yes,,43.51186,-80.27745,"{""addr:city"": ""Guelph"", ""addr:housenumber"": ""190"", ""addr:source"": ""Guelph Open Data"", ""addr:street"": ""Fife Road"", ""addr:unit"": ""34""}"
16,Parkwood Gardens,node,-27042,,Fife Road,190,create,190 Fife Road,35,,yes,yes,,43.51191,-80.27739,"{""addr:city"": ""Guelph"", ""addr:housenumber"": ""190"", ""addr:source"": ""Guelph Open Data"", ""addr:street"": ""Fife Road"", ""addr:unit"": ""35""}"
16,Parkwood Gardens,node,-24761,,Fife Road,190,create,190 Fife Road,36,,yes,yes,,43.51225,-80.27726,"{""addr:city"": ""Guelph"", ""addr:housenumber"": ""190"", ""addr:source"": ""Guelph Open Data"", ""addr:street"": ""Fife Road"", ""addr:unit"": ""36""}"
16,Parkwood Gardens,node,-40984,,Fife Road,190,create,190 Fife Road,37,,yes,yes,,43.51228,-80.2772,"{""addr:city"": ""Guelph"", ""addr:housenumber"": ""190"", ""addr:source"": ""Guelph Open Data"", ""addr:street"": ""Fife Road"", ""addr:unit"": ""37""}"
16,Parkwood Gardens,node,-21610,,Fife Road,190,create,190 Fife Road,38,,yes,yes,,43.51221,-80.2772,"{""addr:city"": ""Guelph"", ""addr:housenumber"": ""190"", ""addr:source"": ""Guelph Open Data"", ""addr:street"": ""Fife Road"", ""addr:unit"": ""38""}"
16,Parkwood Gardens,node,-21468,,Fife Road,190,create,190 Fife Road,39,,yes,yes,,43.51224,-80.27717,"{""addr:city"": ""Guelph"", ""addr:housenumber"": ""190"", ""addr:source"": ""Guelph Open Data"", ""addr:street"": ""Fife Road"", ""addr:unit"": ""39""}"
16,Parkwood Gardens,node,-42931,,Fife Road,190,create,190 Fife Road,40,,yes,yes,,43.51217,-80.27715,"{""addr:city"": ""Guelph"", ""addr:housenumber"": ""190"", ""addr:source"": ""Guelph Open Data"", ""addr:street"": ""Fife Road"", ""addr:unit"": ""40""}"
16,Parkwood Gardens,node,-22110,,Fife Road,190,create,190 Fife Road,41,,yes,yes,,43.51221,-80.2771,"{""addr:city"": ""Guelph"", ""addr:housenumber"": ""190"", ""addr:source"": ""Guelph Open Data"", ""addr:street"": ""Fife Road"", ""addr:unit"": ""41""}"
16,Parkwood Gardens,node,-41975,,Fife Road,190,create,190 Fife Road,42,,yes,yes,,43.51213,-80.27711,"{""addr:city"": ""Guelph"", ""addr:housenumber"": ""190"", ""addr:source"": ""Guelph Open Data"", ""addr:street"": ""Fife Road"", ""addr:unit"": ""42""}"
16,Parkwood Gardens,node,-15123,,Fife Road,190,create,190 Fife Road,43,,yes,yes,,43.51217,-80.27706,"{""addr:city"": ""Guelph"", ""addr:housenumber"": ""190"", ""addr:source"": ""Guelph Open Data"", ""addr:street"": ""Fife Road"", ""addr:unit"": ""43""}"
16,Parkwood Gardens,node,-13806,,Fife Road,190,create,190 Fife Road,45,,yes,yes,,43.51267,-80.27669,"{""addr:city"": ""Guelph"", ""addr:housenumber"": ""190"", ""addr:source"": ""Guelph Open Data"", ""addr:street"": ""Fife Road"", ""addr:unit"": ""45""}"
16,Parkwood Gardens,node,-37385,,Fife Road,190,create,190 Fife Road,46,,yes,yes,,43.51272,-80.27663,"{""addr:city"": ""Guelph"", ""addr:housenumber"": ""190"", ""addr:source"": ""Guelph Open Data"", ""addr:street"": ""Fife Road"", ""addr:unit"": ""46""}"
16,Parkwood Gardens,node,-39293,,Fife Road,190,create,190 Fife Road,47,,yes,yes,,43.51264,-80.27665,"{""addr:city"": ""Guelph"", ""addr:housenumber"": ""190"", ""addr:source"": ""Guelph Open Data"", ""addr:street"": ""Fife Road"", ""addr:unit"": ""47""}"
16,Parkwood Gardens,node,-21070,,Fife Road,190,create,190 Fife Road,48,,yes,yes,,43.51268,-80.27658,"{""addr:city"": ""Guelph"", ""addr:housenumber"": ""190"", ""addr:source"": ""Guelph Open Data"", ""addr:street"": ""Fife Road"", ""addr:unit"": ""48""}"
16,Parkwood Gardens,node,-26581,,Fife Road,190,create,190 Fife Road,49,,yes,yes,,43.51261,-80.27659,"{""addr:city"": ""Guelph"", ""addr:housenumber"": ""190"", ""addr:source"": ""Guelph Open Data"", ""addr:street"": ""Fife Road"", ""addr:unit"": ""49""}"
16,Parkwood Gardens,node,-6159,,Fife Road,190,create,190 Fife Road,50,,yes,yes,,43.51264,-80.27653,"{""addr:city"": ""Guelph"", ""addr:housenumber"": ""190"", ""addr:source"": ""Guelph Open Data"", ""addr:street"": ""Fife Road"", ""addr:unit"": ""50""}"
16,Parkwood Gardens,node,-39830,,Fife Road,190,create,190 Fife Road,51,,yes,yes,,43.51256,-80.27652,"{""addr:city"": ""Guelph"", ""addr:housenumber"": ""190"", ""addr:source"": ""Guelph Open Data"", ""addr:street"": ""Fife Road"", ""addr:unit"": ""51""}"
16,Parkwood Gardens,node,-11576,,Fife Road,190,create,190 Fife Road,52,,yes,yes,,43.51261,-80.27647,"{""addr:city"": ""Guelph"", ""addr:housenumber"": ""190"", ""addr:source"": ""Guelph Open Data"", ""addr:street"": ""Fife Road"", ""addr:unit"": ""52""}"
16,Parkwood Gardens,node,-37537,,Fife Road,190,create,190 Fife Road,53,,yes,yes,,43.51293,-80.27634,"{""addr:city"": ""Guelph"", ""addr:housenumber"": ""190"", ""addr:source"": ""Guelph Open Data"", ""addr:street"": ""Fife Road"", ""addr:unit"": ""53""}"
16,Parkwood Gardens,node,-24038,,Fife Road,190,create,190 Fife Road,54,,yes,yes,,43.51298,-80.27628,"{""addr:city"": ""Guelph"", ""addr:housenumber"": ""190"", ""addr:source"": ""Guelph Open Data"", ""addr:street"": ""Fife Road"", ""addr:unit"": ""54""}"
16,Parkwood Gardens,node,-14858,,Fife Road,190,create,190 Fife Road,55,,yes,yes,,43.51289,-80.27628,"{""addr:city"": ""Guelph"", ""addr:housenumber"": ""190"", ""addr:source"": ""Guelph Open Data"", ""addr:street"": ""Fife Road"", ""addr:unit"": ""55""}"
16,Parkwood Gardens,node,-32204,,Fife Road,190,create,190 Fife Road,56,,yes,yes,,43.51292,-80.27623,"{""addr:city"": ""Guelph"", ""addr:housenumber"": ""190"", ""addr:source"": ""Guelph Open Data"", ""addr:street"": ""Fife Road"", ""addr:unit"": ""56""}"
16,Parkwood Gardens,node,-18419,,Fife Road,190,create,190 Fife Road,57,,yes,yes,,43.51285,-80.27623,"{""addr:city"": ""Guelph"", ""addr:housenumber"": ""190"", ""addr:source"": ""Guelph Open Data"", ""addr:street"": ""Fife Road"", ""addr:unit"": ""57""}"
16,Parkwood Gardens,node,-24813,,Fife Road,190,create,190 Fife Road,58,,yes,yes,,43.51289,-80.27618,"{""addr:city"": ""Guelph"", ""addr:housenumber"": ""190"", ""addr:source"": ""Guelph Open Data"", ""addr:street"": ""Fife Road"", ""addr:unit"": ""58""}"
16,Parkwood Gardens,node,-14452,,Fife Road,190,create,190 Fife Road,59,,yes,yes,,43.51281,-80.27618,"{""addr:city"": ""Guelph"", ""addr:housenumber"": ""190"", ""addr:source"": ""Guelph Open Data"", ""addr:street"": ""Fife Road"", ""addr:unit"": ""59""}"
16,Parkwood Gardens,node,-2840,,Fife Road,190,create,190 Fife Road,60,,yes,yes,,43.51285,-80.27611,"{""addr:city"": ""Guelph"", ""addr:housenumber"": ""190"", ""addr:source"": ""Guelph Open Data"", ""addr:street"": ""Fife Road"", ""addr:unit"": ""60""}"
16,Parkwood Gardens,node,-16923,,Fife Road,190,create,190 Fife Road,61,,yes,yes,,43.51261,-80.27593,"{""addr:city"": ""Guelph"", ""addr:housenumber"": ""190"", ""addr:source"": ""Guelph Open Data"", ""addr:street"": ""Fife Road"", ""addr:unit"": ""61""}"
16,Parkwood Gardens,node,-23556,,Fife Road,190,create,190 Fife Road,62,,yes,yes,,43.51257,-80.27587,"{""addr:city"": ""Guelph"", ""addr:housenumber"": ""190"", ""addr:source"": ""Guelph Open Data"", ""addr:street"": ""Fife Road"", ""addr:unit"": ""62""}"
16,Parkwood Gardens,node,-38523,,Fife Road,190,create,190 Fife Road,63,,yes,yes,,43.51256,-80.27598,"{""addr:city"": ""Guelph"", ""addr:housenumber"": ""190"", ""addr:source"": ""Guelph Open Data"", ""addr:street"": ""Fife Road"", ""addr:unit"": ""63""}"
16,Parkwood Gardens,node,-32330,,Fife Road,190,create,190 Fife Road,64,,yes,yes,,43.51253,-80.27594,"{""addr:city"": ""Guelph"", ""addr:housenumber"": ""190"", ""addr:source"": ""Guelph Open Data"", ""addr:street"": ""Fife Road"", ""addr:unit"": ""64""}"
16,Parkwood Gardens,node,-29919,,Fife Road,190,create,190 Fife Road,65,,yes,yes,,43.51253,-80.27605,"{""addr:city"": ""Guelph"", ""addr:housenumber"": ""190"", ""addr:source"": ""Guelph Open Data"", ""addr:street"": ""Fife Road"", ""addr:unit"": ""65""}"
16,Parkwood Gardens,node,-38330,,Fife Road,190,create,190 Fife Road,66,,yes,yes,,43.51249,-80.27598,"{""addr:city"": ""Guelph"", ""addr:housenumber"": ""190"", ""addr:source"": ""Guelph Open Data"", ""addr:street"": ""Fife Road"", ""addr:unit"": ""66""}"
16,Parkwood Gardens,node,-44244,,Fife Road,190,create,190 Fife Road,67,,yes,yes,,43.51249,-80.27609,"{""addr:city"": ""Guelph"", ""addr:housenumber"": ""190"", ""addr:source"": ""Guelph Open Data"", ""addr:street"": ""Fife Road"", ""addr:unit"": ""67""}"
16,Parkwood Gardens,node,-36620,,Fife Road,190,create,190 Fife Road,68,,yes,yes,,43.51245,-80.27604,"{""addr:city"": ""Guelph"", ""addr:housenumber"": ""190"", ""addr:source"": ""Guelph Open Data"", ""addr:street"": ""Fife Road"", ""addr:unit"": ""68""}"
16,Parkwood Gardens,node,-25070,,Fife Road,190,create,190 Fife Road,69,,yes,yes,,43.51246,-80.27614,"{""addr:city"": ""Guelph"", ""addr:housenumber"": ""190"", ""addr:source"": ""Guelph Open Data"", ""addr:street"": ""Fife Road"", ""addr:unit"": ""69""}"
16,Parkwood Gardens,node,-34511,,Fife Road,190,create,190 Fife Road,70,,yes,yes,,43.51241,-80.27609,"{""addr:city"": ""Guelph"", ""addr:housenumber"": ""190"", ""addr:source"": ""Guelph Open Data"", ""addr:street"": ""Fife Road"", ""addr:unit"": ""70""}"
16,Parkwood Gardens,node,-8924,,Fife Road,190,create,190 Fife Road,71,,yes,yes,,43.51241,-80.2762,"{""addr:city"": ""Guelph"", ""addr:housenumber"": ""190"", ""addr:source"": ""Guelph Open Data"", ""addr:street"": ""Fife Road"", ""addr:unit"": ""71""}"
16,Parkwood Gardens,node,-44894,,Fife Road,190,create,190 Fife Road,72,,yes,yes,,43.51238,-80.27614,"{""addr:city"": ""Guelph"", ""addr:housenumber"": ""190"", ""addr:source"": ""Guelph Open Data"", ""addr:street"": ""Fife Road"", ""addr:unit"": ""72""}"
16,Parkwood Gardens,node,-2873,,Fife Road,190,create,190 Fife Road,73,,yes,yes,,43.51238,-80.27625,"{""addr:city"": ""Guelph"", ""addr:housenumber"": ""190"", ""addr:source"": ""Guelph Open Data"", ""addr:street"": ""Fife Road"", ""addr:unit"": ""73""}"
16,Parkwood Gardens,node,-9185,,Fife Road,190,create,190 Fife Road,74,,yes,yes,,43.51233,-80.2762,"{""addr:city"": ""Guelph"", ""addr:housenumber"": ""190"", ""addr:source"": ""Guelph Open Data"", ""addr:street"": ""Fife Road"", ""addr:unit"": ""74""}"
16,Parkwood Gardens,node,-13882,,Fife Road,190,create,190 Fife Road,75,,yes,yes,,43.51234,-80.2763,"{""addr:city"": ""Guelph"", ""addr:housenumber"": ""190"", ""addr:source"": ""Guelph Open Data"", ""addr:street"": ""Fife Road"", ""addr:unit"": ""75""}"
16,Parkwood Gardens,node,-35014,,Fife Road,190,create,190 Fife Road,76,,yes,yes,,43.5123,-80.27624,"{""addr:city"": ""Guelph"", ""addr:housenumber"": ""190"", ""addr:source"": ""Guelph Open Data"", ""addr:street"": ""Fife Road"", ""addr:unit"": ""76""}"
16,Parkwood Gardens,node,-20182,,Fife Road,190,create,190 Fife Road,77,,yes,yes,,43.51222,-80.27648,"{""addr:city"": ""Guelph"", ""addr:housenumber"": ""190"", ""addr:source"": ""Guelph Open Data"", ""addr:street"": ""Fife Road"", ""addr:unit"": ""77""}"
16,Parkwood Gardens,node,-32965,,Fife Road,190,create,190 Fife Road,78,,yes,yes,,43.51217,-80.27641,"{""addr:city"": ""Guelph"", ""addr:housenumber"": ""190"", ""addr:source"": ""Guelph Open Data"", ""addr:street"": ""Fife Road"", ""addr:unit"": ""78""}"
16,Parkwood Gardens,node,-7102,,Fife Road,190,create,190 Fife Road,79,,yes,yes,,43.51217,-80.27652,"{""addr:city"": ""Guelph"", ""addr:housenumber"": ""190"", ""addr:source"": ""Guelph Open Data"", ""addr:street"": ""Fife Road"", ""addr:unit"": ""79""}"
16,Parkwood Gardens,node,-33986,,Fife Road,190,create,190 Fife Road,80,,yes,yes,,43.51213,-80.27647,"{""addr:city"": ""Guelph"", ""addr:housenumber"": ""190"", ""addr:source"": ""Guelph Open Data"", ""addr:street"": ""Fife Road"", ""addr:unit"": ""80""}"
16,Parkwood Gardens,node,-40408,,Fife Road,190,create,190 Fife Road,81,,yes,yes,,43.51213,-80.27658,"{""addr:city"": ""Guelph"", ""addr:housenumber"": ""190"", ""addr:source"": ""Guelph Open Data"", ""addr:street"": ""Fife Road"", ""addr:unit"": ""81""}"
16,Parkwood Gardens,node,-28924,,Fife Road,190,create,190 Fife Road,82,,yes,yes,,43.51209,-80.27653,"{""addr:city"": ""Guelph"", ""addr:housenumber"": ""190"", ""addr:source"": ""Guelph Open Data"", ""addr:street"": ""Fife Road"", ""addr:unit"": ""82""}"
16,Parkwood Gardens,node,-38979,,Fife Road,190,create,190 Fife Road,83,,yes,yes,,43.51209,-80.27664,"{""addr:city"": ""Guelph"", ""addr:housenumber"": ""190"", ""addr:source"": ""Guelph Open Data"", ""addr:street"": ""Fife Road"", ""addr:unit"": ""83""}"
16,Parkwood Gardens,node,-12312,,Fife Road,190,create,190 Fife Road,84,,yes,yes,,43.51204,-80.27658,"{""addr:city"": ""Guelph"", ""addr:housenumber"": ""190"", ""addr:source"": ""Guelph Open Data"", ""addr:street"": ""Fife Road"", ""addr:unit"": ""84""}"
16,Parkwood Gardens,node,-31643,,Fife Road,190,create,190 Fife Road,85,,yes,yes,,43.51196,-80.27681,"{""addr:city"": ""Guelph"", ""addr:housenumber"": ""190"", ""addr:source"": ""Guelph Open Data"", ""addr:street"": ""Fife Road"", ""addr:unit"": ""85""}"
16,Parkwood Gardens,node,-15472,,Fife Road,190,create,190 Fife Road,86,,yes,yes,,43.51191,-80.27676,"{""addr:city"": ""Guelph"", ""addr:housenumber"": ""190"", ""addr:source"": ""Guelph Open Data"", ""addr:street"": ""Fife Road"", ""addr:unit"": ""86""}"
16,Parkwood Gardens,node,-10953,,Fife Road,190,create,190 Fife Road,87,,yes,yes,,43.51191,-80.27687,"{""addr:city"": ""Guelph"", ""addr:housenumber"": ""190"", ""addr:source"": ""Guelph Open Data"", ""addr:street"": ""Fife Road"", ""addr:unit"": ""87""}"
16,Parkwood Gardens,node,-25775,,Fife Road,190,create,190 Fife Road,88,,yes,yes,,43.51187,-80.27682,"{""addr:city"": ""Guelph"", ""addr:housenumber"": ""190"", ""addr:source"": ""Guelph Open Data"", ""addr:street"": ""Fife Road"", ""addr:unit"": ""88""}"
16,Parkwood Gardens,node,-8196,,Fife Road,190,create,190 Fife Road,89,,yes,yes,,43.51188,-80.27692,"{""addr:city"": ""Guelph"", ""addr:housenumber"": ""190"", ""addr:source"": ""Guelph Open Data"", ""addr:street"": ""Fife Road"", ""addr:unit"": ""89""}"
16,Parkwood Gardens,node,-11785,,Fife Road,190,create,190 Fife Road,90,,yes,yes,,43.51182,-80.27687,"{""addr:city"": ""Guelph"", ""addr:housenumber"": ""190"", ""addr:source"": ""Guelph Open Data"", ""addr:street"": ""Fife Road"", ""addr:unit"": ""90""}"
16,Parkwood Gardens,node,-33934,,Fife Road,190,create,190 Fife Road,91,,yes,yes,,43.51183,-80.27698,"{""addr:city"": ""Guelph"", ""addr:housenumber"": ""190"", ""addr:source"": ""Guelph Open Data"", ""addr:street"": ""Fife Road"", ""addr:unit"": ""91""}"
16,Parkwood Gardens,node,-45537,,Fife Road,190,create,190 Fife Road,92,,yes,yes,,43.5118,-80.27691,"{""addr:city"": ""Guelph"", ""addr:housenumber"": ""190"", ""addr:source"": ""Guelph Open Data"", ""addr:street"": ""Fife Road"", ""addr:unit"": ""92""}"
16,Parkwood Gardens,node,-3790,,Fife Road,190,create,190 Fife Road,93,,yes,yes,,43.5118,-80.27702,"{""addr:city"": ""Guelph"", ""addr:housenumber"": ""190"", ""addr:source"": ""Guelph Open Data"", ""addr:street"": ""Fife Road"", ""addr:unit"": ""93""}"
16,Parkwood Gardens,node,-34040,,Fife Road,190,create,190 Fife Road,94,,yes,yes,,43.51176,-80.27697,"{""addr:city"": ""Guelph"", ""addr:housenumber"": ""190"", ""addr:source"": ""Guelph Open Data"", ""addr:street"": ""Fife Road"", ""addr:unit"": ""94""}"
16,Parkwood Gardens,node,-33938,,Fife Road,190,create,190 Fife Road,95,,yes,yes,,43.51177,-80.27708,"{""addr:city"": ""Guelph"", ""addr:housenumber"": ""190"", ""addr:source"": ""Guelph Open Data"", ""addr:street"": ""Fife Road"", ""addr:unit"": ""95""}"
16,Parkwood Gardens,node,-19384,,Fife Road,190,create,190 Fife Road,96,,yes,yes,,43.51172,-80.27703,"{""addr:city"": ""Guelph"", ""addr:housenumber"": ""190"", ""addr:source"": ""Guelph Open Data"", ""addr:street"": ""Fife Road"", ""addr:unit"": ""96""}"
16,Parkwood Gardens,node,-43333,,Fife Road,190,create,190 Fife Road,97,,yes,yes,,43.51172,-80.27713,"{""addr:city"": ""Guelph"", ""addr:housenumber"": ""190"", ""addr:source"": ""Guelph Open Data"", ""addr:street"": ""Fife Road"", ""addr:unit"": ""97""}"
16,Parkwood Gardens,node,-39269,,Fife Road,190,create,190 Fife Road,98,,yes,yes,,43.51168,-80.27708,"{""addr:city"": ""Guelph"", ""addr:housenumber"": ""190"", ""addr:source"": ""Guelph Open Data"", ""addr:street"": ""Fife Road"", ""addr:unit"": ""98""}"
16,Parkwood Gardens,node,-26874,,Fife Road,190,create,190 Fife Road,99,,yes,yes,,43.51169,-80.27718,"{""addr:city"": ""Guelph"", ""addr:housenumber"": ""190"", ""addr:source"": ""Guelph Open Data"", ""addr:street"": ""Fife Road"", ""addr:unit"": ""99""}"
16,Parkwood Gardens,node,-43601,,Fife Road,190,create,190 Fife Road,100,,yes,yes,,43.51165,-80.27714,"{""addr:city"": ""Guelph"", ""addr:housenumber"": ""190"", ""addr:source"": ""Guelph Open Data"", ""addr:street"": ""Fife Road"", ""addr:unit"": ""100""}"
16,Parkwood Gardens,way,921942597,4,Fife Road,190,modify,190 Fife Road,,28-29,,,,,,
16,Parkwood Gardens,way,921942598,4,Fife Road,190,modify,190 Fife Road,,85-86,,,,,,
16,Parkwood Gardens,way,921942599,4,Fife Road,190,modify,190 Fife Road,,83-84,,,,,,
16,Parkwood Gardens,way,921942600,4,Fife Road,190,modify,190 Fife Road,,75-76,,,,,,
16,Parkwood Gardens,way,921942601,4,Fife Road,190,modify,190 Fife Road,,45-46,,,,,,
16,Parkwood Gardens,way,921942602,4,Fife Road,190,modify,190 Fife Road,,53-54,,,,,,
16,Parkwood Gardens,way,921078119,4,Imperial Road South,338,modify,338 Imperial Road South,,B,,,,,,
16,Parkwood Gardens,node,-57101,,Imperial Road South,338,create,338 Imperial Road South,B,,yes,yes,,43.52446,-80.27739,"{""addr:city"": ""Guelph"", ""addr:housenumber"": ""338"", ""addr:source"": ""Guelph Open Data"", ""addr:street"": ""Imperial Road South"", ""addr:unit"": ""B""}"
17,West Willow Woods,way,1437043928,3,Flaherty Drive,75,modify,75 Flaherty Drive,,49-50,,,,,,
17,West Willow Woods,way,1437043929,3,Flaherty Drive,75,modify,75 Flaherty Drive,,45-46,,,,,,
17,West Willow Woods,way,1437043930,3,Flaherty Drive,75,modify,75 Flaherty Drive,,41-42,,,,,,
17,West Willow Woods,way,1437043931,3,Flaherty Drive,75,modify,75 Flaherty Drive,,37-38,,,,,,
17,West Willow Woods,way,1437043932,3,Flaherty Drive,75,modify,75 Flaherty Drive,,35-36,,,,,,
17,West Willow Woods,way,1437043933,3,Flaherty Drive,75,modify,75 Flaherty Drive,,31-32,,,,,,
17,West Willow Woods,way,1437043934,3,Flaherty Drive,75,modify,75 Flaherty Drive,,33-34,,,,,,
17,West Willow Woods,way,1437043935,3,Flaherty Drive,75,modify,75 Flaherty Drive,,3-4,,,,,,
17,West Willow Woods,way,1437043936,3,Flaherty Drive,75,modify,75 Flaherty Drive,,5-6,,,,,,
17,West Willow Woods,way,1437043937,3,Flaherty Drive,75,modify,75 Flaherty Drive,,9-10,,,,,,
17,West Willow Woods,way,1437043938,3,Flaherty Drive,75,modify,75 Flaherty Drive,,11-12,,,,,,
17,West Willow Woods,way,1437043939,3,Flaherty Drive,75,modify,75 Flaherty Drive,,13-14,,,,,,
17,West Willow Woods,way,1437043940,3,Flaherty Drive,75,modify,75 Flaherty Drive,,17-18,,,,,,
17,West Willow Woods,way,1437043941,3,Flaherty Drive,75,modify,75 Flaherty Drive,,19-20,,,,,,
17,West Willow Woods,way,1437043942,3,Flaherty Drive,75,modify,75 Flaherty Drive,,25-26,,,,,,
17,West Willow Woods,way,1437043943,3,Flaherty Drive,75,modify,75 Flaherty Drive,,23-24,,,,,,
17,West Willow Woods,way,1437043944,3,Flaherty Drive,75,modify,75 Flaherty Drive,,21-22,,,,,,
17,West Willow Woods,way,912221550,5,Flaherty Drive,75,modify,75 Flaherty Drive,,39-40,,,,,,
17,West Willow Woods,node,-9251,,Flaherty Drive,75,create,75 Flaherty Drive,1,,yes,yes,,43.53064,-80.30333,"{""addr:city"": ""Guelph"", ""addr:housenumber"": ""75"", ""addr:source"": ""Guelph Open Data"", ""addr:street"": ""Flaherty Drive"", ""addr:unit"": ""1""}"
17,West Willow Woods,node,-30400,,Flaherty Drive,75,create,75 Flaherty Drive,2,,yes,yes,,43.5307,-80.30337,"{""addr:city"": ""Guelph"", ""addr:housenumber"": ""75"", ""addr:source"": ""Guelph Open Data"", ""addr:street"": ""Flaherty Drive"", ""addr:unit"": ""2""}"
17,West Willow Woods,node,-14998,,Flaherty Drive,75,create,75 Flaherty Drive,3,,yes,yes,,43.53076,-80.3034,"{""addr:city"": ""Guelph"", ""addr:housenumber"": ""75"", ""addr:source"": ""Guelph Open Data"", ""addr:street"": ""Flaherty Drive"", ""addr:unit"": ""3""}"
17,West Willow Woods,node,-3197,,Flaherty Drive,75,create,75 Flaherty Drive,4,,yes,yes,,43.53081,-80.30344,"{""addr:city"": ""Guelph"", ""addr:housenumber"": ""75"", ""addr:source"": ""Guelph Open Data"", ""addr:street"": ""Flaherty Drive"", ""addr:unit"": ""4""}"
17,West Willow Woods,node,-38724,,Flaherty Drive,75,create,75 Flaherty Drive,5,,yes,yes,,43.53087,-80.30348,"{""addr:city"": ""Guelph"", ""addr:housenumber"": ""75"", ""addr:source"": ""Guelph Open Data"", ""addr:street"": ""Flaherty Drive"", ""addr:unit"": ""5""}"
17,West Willow Woods,node,-8239,,Flaherty Drive,75,create,75 Flaherty Drive,6,,yes,yes,,43.53093,-80.30352,"{""addr:city"": ""Guelph"", ""addr:housenumber"": ""75"", ""addr:source"": ""Guelph Open Data"", ""addr:street"": ""Flaherty Drive"", ""addr:unit"": ""6""}"
17,West Willow Woods,node,-40621,,Flaherty Drive,75,create,75 Flaherty Drive,7,,yes,yes,,43.53107,-80.30359,"{""addr:city"": ""Guelph"", ""addr:housenumber"": ""75"", ""addr:source"": ""Guelph Open Data"", ""addr:street"": ""Flaherty Drive"", ""addr:unit"": ""7""}"
17,West Willow Woods,node,-10211,,Flaherty Drive,75,create,75 Flaherty Drive,8,,yes,yes,,43.53113,-80.30351,"{""addr:city"": ""Guelph"", ""addr:housenumber"": ""75"", ""addr:source"": ""Guelph Open Data"", ""addr:street"": ""Flaherty Drive"", ""addr:unit"": ""8""}"
17,West Willow Woods,node,-38987,,Flaherty Drive,75,create,75 Flaherty Drive,9,,yes,yes,,43.53118,-80.30344,"{""addr:city"": ""Guelph"", ""addr:housenumber"": ""75"", ""addr:source"": ""Guelph Open Data"", ""addr:street"": ""Flaherty Drive"", ""addr:unit"": ""9""}"
17,West Willow Woods,node,-9075,,Flaherty Drive,75,create,75 Flaherty Drive,10,,yes,yes,,43.53122,-80.30338,"{""addr:city"": ""Guelph"", ""addr:housenumber"": ""75"", ""addr:source"": ""Guelph Open Data"", ""addr:street"": ""Flaherty Drive"", ""addr:unit"": ""10""}"
17,West Willow Woods,node,-43040,,Flaherty Drive,75,create,75 Flaherty Drive,11,,yes,yes,,43.53127,-80.30331,"{""addr:city"": ""Guelph"", ""addr:housenumber"": ""75"", ""addr:source"": ""Guelph Open Data"", ""addr:street"": ""Flaherty Drive"", ""addr:unit"": ""11""}"
17,West Willow Woods,node,-13092,,Flaherty Drive,75,create,75 Flaherty Drive,12,,yes,yes,,43.53131,-80.30325,"{""addr:city"": ""Guelph"", ""addr:housenumber"": ""75"", ""addr:source"": ""Guelph Open Data"", ""addr:street"": ""Flaherty Drive"", ""addr:unit"": ""12""}"
17,West Willow Woods,node,-26106,,Flaherty Drive,75,create,75 Flaherty Drive,13,,yes,yes,,43.53136,-80.30319,"{""addr:city"": ""Guelph"", ""addr:housenumber"": ""75"", ""addr:source"": ""Guelph Open Data"", ""addr:street"": ""Flaherty Drive"", ""addr:unit"": ""13""}"
17,West Willow Woods,node,-6152,,Flaherty Drive,75,create,75 Flaherty Drive,14,,yes,yes,,43.53139,-80.30312,"{""addr:city"": ""Guelph"", ""addr:housenumber"": ""75"", ""addr:source"": ""Guelph Open Data"", ""addr:street"": ""Flaherty Drive"", ""addr:unit"": ""14""}"
17,West Willow Woods,node,-41989,,Flaherty Drive,75,create,75 Flaherty Drive,15,,yes,yes,,43.53147,-80.30302,"{""addr:city"": ""Guelph"", ""addr:housenumber"": ""75"", ""addr:source"": ""Guelph Open Data"", ""addr:street"": ""Flaherty Drive"", ""addr:unit"": ""15""}"
17,West Willow Woods,node,-16444,,Flaherty Drive,75,create,75 Flaherty Drive,16,,yes,yes,,43.53152,-80.30294,"{""addr:city"": ""Guelph"", ""addr:housenumber"": ""75"", ""addr:source"": ""Guelph Open Data"", ""addr:street"": ""Flaherty Drive"", ""addr:unit"": ""16""}"
17,West Willow Woods,node,-33800,,Flaherty Drive,75,create,75 Flaherty Drive,17,,yes,yes,,43.53156,-80.30288,"{""addr:city"": ""Guelph"", ""addr:housenumber"": ""75"", ""addr:source"": ""Guelph Open Data"", ""addr:street"": ""Flaherty Drive"", ""addr:unit"": ""17""}"
17,West Willow Woods,node,-26010,,Flaherty Drive,75,create,75 Flaherty Drive,18,,yes,yes,,43.53161,-80.30282,"{""addr:city"": ""Guelph"", ""addr:housenumber"": ""75"", ""addr:source"": ""Guelph Open Data"", ""addr:street"": ""Flaherty Drive"", ""addr:unit"": ""18""}"
17,West Willow Woods,node,-14249,,Flaherty Drive,75,create,75 Flaherty Drive,19,,yes,yes,,43.53165,-80.30276,"{""addr:city"": ""Guelph"", ""addr:housenumber"": ""75"", ""addr:source"": ""Guelph Open Data"", ""addr:street"": ""Flaherty Drive"", ""addr:unit"": ""19""}"
17,West Willow Woods,node,-12737,,Flaherty Drive,75,create,75 Flaherty Drive,20,,yes,yes,,43.5317,-80.30269,"{""addr:city"": ""Guelph"", ""addr:housenumber"": ""75"", ""addr:source"": ""Guelph Open Data"", ""addr:street"": ""Flaherty Drive"", ""addr:unit"": ""20""}"
17,West Willow Woods,node,-31544,,Flaherty Drive,75,create,75 Flaherty Drive,21,,yes,yes,,43.53178,-80.30258,"{""addr:city"": ""Guelph"", ""addr:housenumber"": ""75"", ""addr:source"": ""Guelph Open Data"", ""addr:street"": ""Flaherty Drive"", ""addr:unit"": ""21""}"
17,West Willow Woods,node,-28945,,Flaherty Drive,75,create,75 Flaherty Drive,22,,yes,yes,,43.53183,-80.30251,"{""addr:city"": ""Guelph"", ""addr:housenumber"": ""75"", ""addr:source"": ""Guelph Open Data"", ""addr:street"": ""Flaherty Drive"", ""addr:unit"": ""22""}"
17,West Willow Woods,node,-10518,,Flaherty Drive,75,create,75 Flaherty Drive,23,,yes,yes,,43.53187,-80.30245,"{""addr:city"": ""Guelph"", ""addr:housenumber"": ""75"", ""addr:source"": ""Guelph Open Data"", ""addr:street"": ""Flaherty Drive"", ""addr:unit"": ""23""}"
17,West Willow Woods,node,-7449,,Flaherty Drive,75,create,75 Flaherty Drive,24,,yes,yes,,43.53192,-80.30238,"{""addr:city"": ""Guelph"", ""addr:housenumber"": ""75"", ""addr:source"": ""Guelph Open Data"", ""addr:street"": ""Flaherty Drive"", ""addr:unit"": ""24""}"
17,West Willow Woods,node,-12903,,Flaherty Drive,75,create,75 Flaherty Drive,25,,yes,yes,,43.53196,-80.30233,"{""addr:city"": ""Guelph"", ""addr:housenumber"": ""75"", ""addr:source"": ""Guelph Open Data"", ""addr:street"": ""Flaherty Drive"", ""addr:unit"": ""25""}"
17,West Willow Woods,node,-43838,,Flaherty Drive,75,create,75 Flaherty Drive,26,,yes,yes,,43.53201,-80.30226,"{""addr:city"": ""Guelph"", ""addr:housenumber"": ""75"", ""addr:source"": ""Guelph Open Data"", ""addr:street"": ""Flaherty Drive"", ""addr:unit"": ""26""}"
17,West Willow Woods,node,-12910,,Flaherty Drive,75,create,75 Flaherty Drive,27,,yes,yes,,43.53205,-80.3022,"{""addr:city"": ""Guelph"", ""addr:housenumber"": ""75"", ""addr:source"": ""Guelph Open Data"", ""addr:street"": ""Flaherty Drive"", ""addr:unit"": ""27""}"
17,West Willow Woods,node,-28163,,Flaherty Drive,75,create,75 Flaherty Drive,28,,yes,yes,,43.53209,-80.30214,"{""addr:city"": ""Guelph"", ""addr:housenumber"": ""75"", ""addr:source"": ""Guelph Open Data"", ""addr:street"": ""Flaherty Drive"", ""addr:unit"": ""28""}"
17,West Willow Woods,node,-44781,,Flaherty Drive,75,create,75 Flaherty Drive,29,,yes,yes,,43.53101,-80.30314,"{""addr:city"": ""Guelph"", ""addr:housenumber"": ""75"", ""addr:source"": ""Guelph Open Data"", ""addr:street"": ""Flaherty Drive"", ""addr:unit"": ""29""}"
17,West Willow Woods,node,-23374,,Flaherty Drive,75,create,75 Flaherty Drive,30,,yes,yes,,43.53106,-80.30307,"{""addr:city"": ""Guelph"", ""addr:housenumber"": ""75"", ""addr:source"": ""Guelph Open Data"", ""addr:street"": ""Flaherty Drive"", ""addr:unit"": ""30""}"
17,West Willow Woods,node,-23023,,Flaherty Drive,75,create,75 Flaherty Drive,31,,yes,yes,,43.5311,-80.30301,"{""addr:city"": ""Guelph"", ""addr:housenumber"": ""75"", ""addr:source"": ""Guelph Open Data"", ""addr:street"": ""Flaherty Drive"", ""addr:unit"": ""31""}"
17,West Willow Woods,node,-40746,,Flaherty Drive,75,create,75 Flaherty Drive,32,,yes,yes,,43.53115,-80.30295,"{""addr:city"": ""Guelph"", ""addr:housenumber"": ""75"", ""addr:source"": ""Guelph Open Data"", ""addr:street"": ""Flaherty Drive"", ""addr:unit"": ""32""}"
17,West Willow Woods,node,-22852,,Flaherty Drive,75,create,75 Flaherty Drive,33,,yes,yes,,43.53119,-80.30289,"{""addr:city"": ""Guelph"", ""addr:housenumber"": ""75"", ""addr:source"": ""Guelph Open Data"", ""addr:street"": ""Flaherty Drive"", ""addr:unit"": ""33""}"
17,West Willow Woods,node,-39178,,Flaherty Drive,75,create,75 Flaherty Drive,34,,yes,yes,,43.53125,-80.3028,"{""addr:city"": ""Guelph"", ""addr:housenumber"": ""75"", ""addr:source"": ""Guelph Open Data"", ""addr:street"": ""Flaherty Drive"", ""addr:unit"": ""34""}"
17,West Willow Woods,node,-19152,,Flaherty Drive,75,create,75 Flaherty Drive,35,,yes,yes,,43.53078,-80.30306,"{""addr:city"": ""Guelph"", ""addr:housenumber"": ""75"", ""addr:source"": ""Guelph Open Data"", ""addr:street"": ""Flaherty Drive"", ""addr:unit"": ""35""}"
17,West Willow Woods,node,-7205,,Flaherty Drive,75,create,75 Flaherty Drive,36,,yes,yes,,43.53081,-80.30298,"{""addr:city"": ""Guelph"", ""addr:housenumber"": ""75"", ""addr:source"": ""Guelph Open Data"", ""addr:street"": ""Flaherty Drive"", ""addr:unit"": ""36""}"
17,West Willow Woods,node,-14040,,Flaherty Drive,75,create,75 Flaherty Drive,37,,yes,yes,,43.53085,-80.3029,"{""addr:city"": ""Guelph"", ""addr:housenumber"": ""75"", ""addr:source"": ""Guelph Open Data"", ""addr:street"": ""Flaherty Drive"", ""addr:unit"": ""37""}"
17,West Willow Woods,node,-17843,,Flaherty Drive,75,create,75 Flaherty Drive,38,,yes,yes,,43.53088,-80.30281,"{""addr:city"": ""Guelph"", ""addr:housenumber"": ""75"", ""addr:source"": ""Guelph Open Data"", ""addr:street"": ""Flaherty Drive"", ""addr:unit"": ""38""}"
17,West Willow Woods,node,-5095,,Flaherty Drive,75,create,75 Flaherty Drive,39,,yes,yes,,43.53091,-80.30274,"{""addr:city"": ""Guelph"", ""addr:housenumber"": ""75"", ""addr:source"": ""Guelph Open Data"", ""addr:street"": ""Flaherty Drive"", ""addr:unit"": ""39""}"
17,West Willow Woods,node,-31712,,Flaherty Drive,75,create,75 Flaherty Drive,40,,yes,yes,,43.53094,-80.30267,"{""addr:city"": ""Guelph"", ""addr:housenumber"": ""75"", ""addr:source"": ""Guelph Open Data"", ""addr:street"": ""Flaherty Drive"", ""addr:unit"": ""40""}"
17,West Willow Woods,node,-43387,,Flaherty Drive,75,create,75 Flaherty Drive,41,,yes,yes,,43.53097,-80.30261,"{""addr:city"": ""Guelph"", ""addr:housenumber"": ""75"", ""addr:source"": ""Guelph Open Data"", ""addr:street"": ""Flaherty Drive"", ""addr:unit"": ""41""}"
17,West Willow Woods,node,-35243,,Flaherty Drive,75,create,75 Flaherty Drive,42,,yes,yes,,43.531,-80.30253,"{""addr:city"": ""Guelph"", ""addr:housenumber"": ""75"", ""addr:source"": ""Guelph Open Data"", ""addr:street"": ""Flaherty Drive"", ""addr:unit"": ""42""}"
17,West Willow Woods,node,-15064,,Flaherty Drive,75,create,75 Flaherty Drive,43,,yes,yes,,43.53108,-80.3023,"{""addr:city"": ""Guelph"", ""addr:housenumber"": ""75"", ""addr:source"": ""Guelph Open Data"", ""addr:street"": ""Flaherty Drive"", ""addr:unit"": ""43""}"
17,West Willow Woods,node,-28859,,Flaherty Drive,75,create,75 Flaherty Drive,44,,yes,yes,,43.53113,-80.30234,"{""addr:city"": ""Guelph"", ""addr:housenumber"": ""75"", ""addr:source"": ""Guelph Open Data"", ""addr:street"": ""Flaherty Drive"", ""addr:unit"": ""44""}"
17,West Willow Woods,node,-7719,,Flaherty Drive,75,create,75 Flaherty Drive,45,,yes,yes,,43.53118,-80.3024,"{""addr:city"": ""Guelph"", ""addr:housenumber"": ""75"", ""addr:source"": ""Guelph Open Data"", ""addr:street"": ""Flaherty Drive"", ""addr:unit"": ""45""}"
17,West Willow Woods,node,-35396,,Flaherty Drive,75,create,75 Flaherty Drive,46,,yes,yes,,43.53124,-80.30244,"{""addr:city"": ""Guelph"", ""addr:housenumber"": ""75"", ""addr:source"": ""Guelph Open Data"", ""addr:street"": ""Flaherty Drive"", ""addr:unit"": ""46""}"
17,West Willow Woods,node,-26345,,Flaherty Drive,75,create,75 Flaherty Drive,47,,yes,yes,,43.53147,-80.3022,"{""addr:city"": ""Guelph"", ""addr:housenumber"": ""75"", ""addr:source"": ""Guelph Open Data"", ""addr:street"": ""Flaherty Drive"", ""addr:unit"": ""47""}"
17,West Willow Woods,node,-43477,,Flaherty Drive,75,create,75 Flaherty Drive,48,,yes,yes,,43.53153,-80.30224,"{""addr:city"": ""Guelph"", ""addr:housenumber"": ""75"", ""addr:source"": ""Guelph Open Data"", ""addr:street"": ""Flaherty Drive"", ""addr:unit"": ""48""}"
17,West Willow Woods,node,-5262,,Flaherty Drive,75,create,75 Flaherty Drive,49,,yes,yes,,43.53158,-80.30229,"{""addr:city"": ""Guelph"", ""addr:housenumber"": ""75"", ""addr:source"": ""Guelph Open Data"", ""addr:street"": ""Flaherty Drive"", ""addr:unit"": ""49""}"
17,West Willow Woods,node,-17709,,Flaherty Drive,75,create,75 Flaherty Drive,50,,yes,yes,,43.53163,-80.30233,"{""addr:city"": ""Guelph"", ""addr:housenumber"": ""75"", ""addr:source"": ""Guelph Open Data"", ""addr:street"": ""Flaherty Drive"", ""addr:unit"": ""50""}"
17,West Willow Woods,way,912221551,5,Flaherty Drive,75,modify,75 Flaherty Drive,,43-44,,,,,,
17,West Willow Woods,way,912221552,5,Flaherty Drive,75,modify,75 Flaherty Drive,,47-48,,,,,,
17,West Willow Woods,way,912221553,5,Flaherty Drive,75,modify,75 Flaherty Drive,,27-28,,,,,,
17,West Willow Woods,way,912221554,5,Flaherty Drive,75,modify,75 Flaherty Drive,,15-16,,,,,,
17,West Willow Woods,way,912221556,5,Flaherty Drive,75,modify,75 Flaherty Drive,,29-30,,,,,,
17,West Willow Woods,way,912221557,5,Flaherty Drive,75,modify,75 Flaherty Drive,,1-2,,,,,,
17,West Willow Woods,way,912221558,5,Flaherty Drive,75,modify,75 Flaherty Drive,,7-8,,,,,,
17,West Willow Woods,way,1441651844,3,Rhonda Road,49,modify,49 Rhonda Road,,98-99,,,,,,
17,West Willow Woods,way,1441651845,3,Rhonda Road,49,modify,49 Rhonda Road,,94-95,,,,,,
17,West Willow Woods,way,1441651846,3,Rhonda Road,49,modify,49 Rhonda Road,,84-85,,,,,,
17,West Willow Woods,way,1441651847,3,Rhonda Road,49,modify,49 Rhonda Road,,88-89,,,,,,
17,West Willow Woods,way,1441651848,3,Rhonda Road,49,modify,49 Rhonda Road,,90-91,,,,,,
17,West Willow Woods,way,1441651849,3,Rhonda Road,49,modify,49 Rhonda Road,,92-93,,,,,,
17,West Willow Woods,way,1441651850,3,Rhonda Road,49,modify,49 Rhonda Road,,96-97,,,,,,
17,West Willow Woods,way,1441651851,3,Rhonda Road,49,modify,49 Rhonda Road,,100-101,,,,,,
17,West Willow Woods,way,1441651852,3,Rhonda Road,49,modify,49 Rhonda Road,,102-103,,,,,,
17,West Willow Woods,way,1441651853,3,Rhonda Road,49,modify,49 Rhonda Road,,104-105,,,,,,
17,West Willow Woods,way,1441651854,3,Rhonda Road,49,modify,49 Rhonda Road,,106-107,,,,,,
17,West Willow Woods,way,1441651855,3,Rhonda Road,49,modify,49 Rhonda Road,,108-109,,,,,,
17,West Willow Woods,way,1441651856,3,Rhonda Road,49,modify,49 Rhonda Road,,110-111,,,,,,
17,West Willow Woods,way,1441651910,3,Rhonda Road,49,modify,49 Rhonda Road,,128-129,,,,,,
17,West Willow Woods,way,1441651911,3,Rhonda Road,49,modify,49 Rhonda Road,,126-127,,,,,,
17,West Willow Woods,way,1441651912,3,Rhonda Road,49,modify,49 Rhonda Road,,122-123,,,,,,
17,West Willow Woods,way,1441651913,3,Rhonda Road,49,modify,49 Rhonda Road,,118-119,,,,,,
17,West Willow Woods,way,1441651914,3,Rhonda Road,49,modify,49 Rhonda Road,,116-117,,,,,,
17,West Willow Woods,way,1441651915,3,Rhonda Road,49,modify,49 Rhonda Road,,124-125,,,,,,
17,West Willow Woods,way,1441651916,3,Rhonda Road,49,modify,49 Rhonda Road,,130-131,,,,,,
17,West Willow Woods,way,1441651917,3,Rhonda Road,49,modify,49 Rhonda Road,,114-115,,,,,,
17,West Willow Woods,way,803276519,4,Rhonda Road,49,modify,49 Rhonda Road,,112-113,,,,,,
17,West Willow Woods,node,-13990,,Rhonda Road,49,create,49 Rhonda Road,84,,yes,yes,,43.53561,-80.27976,"{""addr:city"": ""Guelph"", ""addr:housenumber"": ""49"", ""addr:source"": ""Guelph Open Data"", ""addr:street"": ""Rhonda Road"", ""addr:unit"": ""84""}"
17,West Willow Woods,node,-14066,,Rhonda Road,49,create,49 Rhonda Road,85,,yes,yes,,43.53565,-80.27981,"{""addr:city"": ""Guelph"", ""addr:housenumber"": ""49"", ""addr:source"": ""Guelph Open Data"", ""addr:street"": ""Rhonda Road"", ""addr:unit"": ""85""}"
17,West Willow Woods,node,-29696,,Rhonda Road,49,create,49 Rhonda Road,86,,yes,yes,,43.53564,-80.2797,"{""addr:city"": ""Guelph"", ""addr:housenumber"": ""49"", ""addr:source"": ""Guelph Open Data"", ""addr:street"": ""Rhonda Road"", ""addr:unit"": ""86""}"
17,West Willow Woods,node,-18896,,Rhonda Road,49,create,49 Rhonda Road,87,,yes,yes,,43.53567,-80.27974,"{""addr:city"": ""Guelph"", ""addr:housenumber"": ""49"", ""addr:source"": ""Guelph Open Data"", ""addr:street"": ""Rhonda Road"", ""addr:unit"": ""87""}"
17,West Willow Woods,node,-25576,,Rhonda Road,49,create,49 Rhonda Road,88,,yes,yes,,43.53568,-80.27963,"{""addr:city"": ""Guelph"", ""addr:housenumber"": ""49"", ""addr:source"": ""Guelph Open Data"", ""addr:street"": ""Rhonda Road"", ""addr:unit"": ""88""}"
17,West Willow Woods,node,-22134,,Rhonda Road,49,create,49 Rhonda Road,89,,yes,yes,,43.5357,-80.27968,"{""addr:city"": ""Guelph"", ""addr:housenumber"": ""49"", ""addr:source"": ""Guelph Open Data"", ""addr:street"": ""Rhonda Road"", ""addr:unit"": ""89""}"
17,West Willow Woods,node,-2998,,Rhonda Road,49,create,49 Rhonda Road,90,,yes,yes,,43.53571,-80.27957,"{""addr:city"": ""Guelph"", ""addr:housenumber"": ""49"", ""addr:source"": ""Guelph Open Data"", ""addr:street"": ""Rhonda Road"", ""addr:unit"": ""90""}"
17,West Willow Woods,node,-9112,,Rhonda Road,49,create,49 Rhonda Road,91,,yes,yes,,43.53574,-80.27962,"{""addr:city"": ""Guelph"", ""addr:housenumber"": ""49"", ""addr:source"": ""Guelph Open Data"", ""addr:street"": ""Rhonda Road"", ""addr:unit"": ""91""}"
17,West Willow Woods,node,-18126,,Rhonda Road,49,create,49 Rhonda Road,92,,yes,yes,,43.53575,-80.27951,"{""addr:city"": ""Guelph"", ""addr:housenumber"": ""49"", ""addr:source"": ""Guelph Open Data"", ""addr:street"": ""Rhonda Road"", ""addr:unit"": ""92""}"
17,West Willow Woods,node,-39984,,Rhonda Road,49,create,49 Rhonda Road,93,,yes,yes,,43.53578,-80.27956,"{""addr:city"": ""Guelph"", ""addr:housenumber"": ""49"", ""addr:source"": ""Guelph Open Data"", ""addr:street"": ""Rhonda Road"", ""addr:unit"": ""93""}"
17,West Willow Woods,node,-21197,,Rhonda Road,49,create,49 Rhonda Road,94,,yes,yes,,43.5358,-80.27948,"{""addr:city"": ""Guelph"", ""addr:housenumber"": ""49"", ""addr:source"": ""Guelph Open Data"", ""addr:street"": ""Rhonda Road"", ""addr:unit"": ""94""}"
17,West Willow Woods,node,-15725,,Rhonda Road,49,create,49 Rhonda Road,95,,yes,yes,,43.53582,-80.27952,"{""addr:city"": ""Guelph"", ""addr:housenumber"": ""49"", ""addr:source"": ""Guelph Open Data"", ""addr:street"": ""Rhonda Road"", ""addr:unit"": ""95""}"
17,West Willow Woods,node,-33242,,Rhonda Road,49,create,49 Rhonda Road,96,,yes,yes,,43.53582,-80.27939,"{""addr:city"": ""Guelph"", ""addr:housenumber"": ""49"", ""addr:source"": ""Guelph Open Data"", ""addr:street"": ""Rhonda Road"", ""addr:unit"": ""96""}"
17,West Willow Woods,node,-23068,,Rhonda Road,49,create,49 Rhonda Road,97,,yes,yes,,43.53585,-80.27944,"{""addr:city"": ""Guelph"", ""addr:housenumber"": ""49"", ""addr:source"": ""Guelph Open Data"", ""addr:street"": ""Rhonda Road"", ""addr:unit"": ""97""}"
17,West Willow Woods,node,-33816,,Rhonda Road,49,create,49 Rhonda Road,98,,yes,yes,,43.53586,-80.27935,"{""addr:city"": ""Guelph"", ""addr:housenumber"": ""49"", ""addr:source"": ""Guelph Open Data"", ""addr:street"": ""Rhonda Road"", ""addr:unit"": ""98""}"
17,West Willow Woods,node,-39750,,Rhonda Road,49,create,49 Rhonda Road,99,,yes,yes,,43.53589,-80.27939,"{""addr:city"": ""Guelph"", ""addr:housenumber"": ""49"", ""addr:source"": ""Guelph Open Data"", ""addr:street"": ""Rhonda Road"", ""addr:unit"": ""99""}"
17,West Willow Woods,node,-43687,,Rhonda Road,49,create,49 Rhonda Road,100,,yes,yes,,43.53595,-80.27953,"{""addr:city"": ""Guelph"", ""addr:housenumber"": ""49"", ""addr:source"": ""Guelph Open Data"", ""addr:street"": ""Rhonda Road"", ""addr:unit"": ""100""}"
17,West Willow Woods,node,-4540,,Rhonda Road,49,create,49 Rhonda Road,101,,yes,yes,,43.53598,-80.27948,"{""addr:city"": ""Guelph"", ""addr:housenumber"": ""49"", ""addr:source"": ""Guelph Open Data"", ""addr:street"": ""Rhonda Road"", ""addr:unit"": ""101""}"
17,West Willow Woods,node,-21715,,Rhonda Road,49,create,49 Rhonda Road,102,,yes,no,,43.53598,-80.27959,"{""addr:city"": ""Guelph"", ""addr:housenumber"": ""49"", ""addr:source"": ""Guelph Open Data"", ""addr:street"": ""Rhonda Road"", ""addr:unit"": ""102""}"
17,West Willow Woods,node,-37152,,Rhonda Road,49,create,49 Rhonda Road,103,,yes,yes,,43.53601,-80.27954,"{""addr:city"": ""Guelph"", ""addr:housenumber"": ""49"", ""addr:source"": ""Guelph Open Data"", ""addr:street"": ""Rhonda Road"", ""addr:unit"": ""103""}"
17,West Willow Woods,node,-38574,,Rhonda Road,49,create,49 Rhonda Road,104,,yes,no,,43.53602,-80.27964,"{""addr:city"": ""Guelph"", ""addr:housenumber"": ""49"", ""addr:source"": ""Guelph Open Data"", ""addr:street"": ""Rhonda Road"", ""addr:unit"": ""104""}"
17,West Willow Woods,node,-26556,,Rhonda Road,49,create,49 Rhonda Road,105,,yes,yes,,43.53605,-80.2796,"{""addr:city"": ""Guelph"", ""addr:housenumber"": ""49"", ""addr:source"": ""Guelph Open Data"", ""addr:street"": ""Rhonda Road"", ""addr:unit"": ""105""}"
17,West Willow Woods,node,-10145,,Rhonda Road,49,create,49 Rhonda Road,106,,yes,no,,43.53606,-80.2797,"{""addr:city"": ""Guelph"", ""addr:housenumber"": ""49"", ""addr:source"": ""Guelph Open Data"", ""addr:street"": ""Rhonda Road"", ""addr:unit"": ""106""}"
17,West Willow Woods,node,-12461,,Rhonda Road,49,create,49 Rhonda Road,107,,yes,yes,,43.53609,-80.27965,"{""addr:city"": ""Guelph"", ""addr:housenumber"": ""49"", ""addr:source"": ""Guelph Open Data"", ""addr:street"": ""Rhonda Road"", ""addr:unit"": ""107""}"
17,West Willow Woods,node,-25117,,Rhonda Road,49,create,49 Rhonda Road,108,,yes,no,,43.5361,-80.27975,"{""addr:city"": ""Guelph"", ""addr:housenumber"": ""49"", ""addr:source"": ""Guelph Open Data"", ""addr:street"": ""Rhonda Road"", ""addr:unit"": ""108""}"
17,West Willow Woods,node,-25549,,Rhonda Road,49,create,49 Rhonda Road,109,,yes,yes,,43.53614,-80.2797,"{""addr:city"": ""Guelph"", ""addr:housenumber"": ""49"", ""addr:source"": ""Guelph Open Data"", ""addr:street"": ""Rhonda Road"", ""addr:unit"": ""109""}"
17,West Willow Woods,node,-14857,,Rhonda Road,49,create,49 Rhonda Road,110,,yes,yes,,43.53614,-80.27979,"{""addr:city"": ""Guelph"", ""addr:housenumber"": ""49"", ""addr:source"": ""Guelph Open Data"", ""addr:street"": ""Rhonda Road"", ""addr:unit"": ""110""}"
17,West Willow Woods,node,-41564,,Rhonda Road,49,create,49 Rhonda Road,111,,yes,yes,,43.53618,-80.27975,"{""addr:city"": ""Guelph"", ""addr:housenumber"": ""49"", ""addr:source"": ""Guelph Open Data"", ""addr:street"": ""Rhonda Road"", ""addr:unit"": ""111""}"
17,West Willow Woods,node,-42063,,Rhonda Road,49,create,49 Rhonda Road,112,,yes,no,,43.53617,-80.27986,"{""addr:city"": ""Guelph"", ""addr:housenumber"": ""49"", ""addr:source"": ""Guelph Open Data"", ""addr:street"": ""Rhonda Road"", ""addr:unit"": ""112""}"
17,West Willow Woods,node,-7739,,Rhonda Road,49,create,49 Rhonda Road,113,,yes,yes,,43.53621,-80.27981,"{""addr:city"": ""Guelph"", ""addr:housenumber"": ""49"", ""addr:source"": ""Guelph Open Data"", ""addr:street"": ""Rhonda Road"", ""addr:unit"": ""113""}"
17,West Willow Woods,node,-44740,,Rhonda Road,49,create,49 Rhonda Road,114,,yes,yes,,43.53565,-80.28052,"{""addr:city"": ""Guelph"", ""addr:housenumber"": ""49"", ""addr:source"": ""Guelph Open Data"", ""addr:street"": ""Rhonda Road"", ""addr:unit"": ""114""}"
17,West Willow Woods,node,-9921,,Rhonda Road,49,create,49 Rhonda Road,115,,yes,yes,,43.53568,-80.28048,"{""addr:city"": ""Guelph"", ""addr:housenumber"": ""49"", ""addr:source"": ""Guelph Open Data"", ""addr:street"": ""Rhonda Road"", ""addr:unit"": ""115""}"
17,West Willow Woods,node,-19975,,Rhonda Road,49,create,49 Rhonda Road,116,,yes,yes,,43.5356,-80.28049,"{""addr:city"": ""Guelph"", ""addr:housenumber"": ""49"", ""addr:source"": ""Guelph Open Data"", ""addr:street"": ""Rhonda Road"", ""addr:unit"": ""116""}"
17,West Willow Woods,node,-22750,,Rhonda Road,49,create,49 Rhonda Road,117,,yes,yes,,43.53563,-80.28044,"{""addr:city"": ""Guelph"", ""addr:housenumber"": ""49"", ""addr:source"": ""Guelph Open Data"", ""addr:street"": ""Rhonda Road"", ""addr:unit"": ""117""}"
17,West Willow Woods,node,-31867,,Rhonda Road,49,create,49 Rhonda Road,118,,yes,yes,,43.53556,-80.28044,"{""addr:city"": ""Guelph"", ""addr:housenumber"": ""49"", ""addr:source"": ""Guelph Open Data"", ""addr:street"": ""Rhonda Road"", ""addr:unit"": ""118""}"
17,West Willow Woods,node,-43883,,Rhonda Road,49,create,49 Rhonda Road,119,,yes,yes,,43.53559,-80.28039,"{""addr:city"": ""Guelph"", ""addr:housenumber"": ""49"", ""addr:source"": ""Guelph Open Data"", ""addr:street"": ""Rhonda Road"", ""addr:unit"": ""119""}"
17,West Willow Woods,node,-37039,,Rhonda Road,49,create,49 Rhonda Road,120,,yes,yes,,43.53553,-80.28034,"{""addr:city"": ""Guelph"", ""addr:housenumber"": ""49"", ""addr:source"": ""Guelph Open Data"", ""addr:street"": ""Rhonda Road"", ""addr:unit"": ""120""}"
17,West Willow Woods,node,-31177,,Rhonda Road,49,create,49 Rhonda Road,121,,yes,yes,,43.53556,-80.2803,"{""addr:city"": ""Guelph"", ""addr:housenumber"": ""49"", ""addr:source"": ""Guelph Open Data"", ""addr:street"": ""Rhonda Road"", ""addr:unit"": ""121""}"
17,West Willow Woods,node,-34479,,Rhonda Road,49,create,49 Rhonda Road,122,,yes,yes,,43.53549,-80.28028,"{""addr:city"": ""Guelph"", ""addr:housenumber"": ""49"", ""addr:source"": ""Guelph Open Data"", ""addr:street"": ""Rhonda Road"", ""addr:unit"": ""122""}"
17,West Willow Woods,node,-14730,,Rhonda Road,49,create,49 Rhonda Road,123,,yes,yes,,43.53552,-80.28024,"{""addr:city"": ""Guelph"", ""addr:housenumber"": ""49"", ""addr:source"": ""Guelph Open Data"", ""addr:street"": ""Rhonda Road"", ""addr:unit"": ""123""}"
17,West Willow Woods,node,-13678,,Rhonda Road,49,create,49 Rhonda Road,124,,yes,yes,,43.53545,-80.28022,"{""addr:city"": ""Guelph"", ""addr:housenumber"": ""49"", ""addr:source"": ""Guelph Open Data"", ""addr:street"": ""Rhonda Road"", ""addr:unit"": ""124""}"
17,West Willow Woods,node,-43153,,Rhonda Road,49,create,49 Rhonda Road,125,,yes,yes,,43.53548,-80.28019,"{""addr:city"": ""Guelph"", ""addr:housenumber"": ""49"", ""addr:source"": ""Guelph Open Data"", ""addr:street"": ""Rhonda Road"", ""addr:unit"": ""125""}"
17,West Willow Woods,node,-41100,,Rhonda Road,49,create,49 Rhonda Road,126,,yes,yes,,43.53542,-80.28016,"{""addr:city"": ""Guelph"", ""addr:housenumber"": ""49"", ""addr:source"": ""Guelph Open Data"", ""addr:street"": ""Rhonda Road"", ""addr:unit"": ""126""}"
17,West Willow Woods,node,-33922,,Rhonda Road,49,create,49 Rhonda Road,127,,yes,yes,,43.53545,-80.28012,"{""addr:city"": ""Guelph"", ""addr:housenumber"": ""49"", ""addr:source"": ""Guelph Open Data"", ""addr:street"": ""Rhonda Road"", ""addr:unit"": ""127""}"
17,West Willow Woods,node,-23073,,Rhonda Road,49,create,49 Rhonda Road,128,,yes,yes,,43.53538,-80.28011,"{""addr:city"": ""Guelph"", ""addr:housenumber"": ""49"", ""addr:source"": ""Guelph Open Data"", ""addr:street"": ""Rhonda Road"", ""addr:unit"": ""128""}"
17,West Willow Woods,node,-22799,,Rhonda Road,49,create,49 Rhonda Road,129,,yes,yes,,43.53541,-80.28007,"{""addr:city"": ""Guelph"", ""addr:housenumber"": ""49"", ""addr:source"": ""Guelph Open Data"", ""addr:street"": ""Rhonda Road"", ""addr:unit"": ""129""}"
17,West Willow Woods,node,-14974,,Rhonda Road,49,create,49 Rhonda Road,130,,yes,yes,,43.53534,-80.28005,"{""addr:city"": ""Guelph"", ""addr:housenumber"": ""49"", ""addr:source"": ""Guelph Open Data"", ""addr:street"": ""Rhonda Road"", ""addr:unit"": ""130""}"
17,West Willow Woods,node,-34294,,Rhonda Road,49,create,49 Rhonda Road,131,,yes,yes,,43.53538,-80.28001,"{""addr:city"": ""Guelph"", ""addr:housenumber"": ""49"", ""addr:source"": ""Guelph Open Data"", ""addr:street"": ""Rhonda Road"", ""addr:unit"": ""131""}"
17,West Willow Woods,way,803276525,4,Rhonda Road,49,modify,49 Rhonda Road,,120-121,,,,,,
17,West Willow Woods,way,803276526,4,Rhonda Road,49,modify,49 Rhonda Road,,86-87,,,,,,
17,West Willow Woods,way,413380308,6,Speedvale Avenue West,350,modify,350 Speedvale Avenue West,,1-12,,,,,,
17,West Willow Woods,node,-7992,,Speedvale Avenue West,350,create,350 Speedvale Avenue West,2,,yes,yes,,43.54172,-80.28985,"{""addr:city"": ""Guelph"", ""addr:housenumber"": ""350"", ""addr:source"": ""Guelph Open Data"", ""addr:street"": ""Speedvale Avenue West"", ""addr:unit"": ""2""}"
17,West Willow Woods,node,-13413,,Speedvale Avenue West,350,create,350 Speedvale Avenue West,3,,yes,yes,,43.54178,-80.28993,"{""addr:city"": ""Guelph"", ""addr:housenumber"": ""350"", ""addr:source"": ""Guelph Open Data"", ""addr:street"": ""Speedvale Avenue West"", ""addr:unit"": ""3""}"
17,West Willow Woods,node,-28926,,Speedvale Avenue West,350,create,350 Speedvale Avenue West,4,,yes,yes,,43.54184,-80.29002,"{""addr:city"": ""Guelph"", ""addr:housenumber"": ""350"", ""addr:source"": ""Guelph Open Data"", ""addr:street"": ""Speedvale Avenue West"", ""addr:unit"": ""4""}"
17,West Willow Woods,node,-5948,,Speedvale Avenue West,350,create,350 Speedvale Avenue West,5,,yes,yes,,43.5419,-80.2901,"{""addr:city"": ""Guelph"", ""addr:housenumber"": ""350"", ""addr:source"": ""Guelph Open Data"", ""addr:street"": ""Speedvale Avenue West"", ""addr:unit"": ""5""}"
17,West Willow Woods,node,-26860,,Speedvale Avenue West,350,create,350 Speedvale Avenue West,6,,yes,yes,,43.54196,-80.29018,"{""addr:city"": ""Guelph"", ""addr:housenumber"": ""350"", ""addr:source"": ""Guelph Open Data"", ""addr:street"": ""Speedvale Avenue West"", ""addr:unit"": ""6""}"
17,West Willow Woods,node,-33708,,Speedvale Avenue West,350,create,350 Speedvale Avenue West,7,,yes,yes,,43.54188,-80.29029,"{""addr:city"": ""Guelph"", ""addr:housenumber"": ""350"", ""addr:source"": ""Guelph Open Data"", ""addr:street"": ""Speedvale Avenue West"", ""addr:unit"": ""7""}"
17,West Willow Woods,node,-21606,,Speedvale Avenue West,350,create,350 Speedvale Avenue West,8,,yes,yes,,43.5418,-80.2904,"{""addr:city"": ""Guelph"", ""addr:housenumber"": ""350"", ""addr:source"": ""Guelph Open Data"", ""addr:street"": ""Speedvale Avenue West"", ""addr:unit"": ""8""}"
17,West Willow Woods,node,-18523,,Speedvale Avenue West,350,create,350 Speedvale Avenue West,9,,yes,yes,,43.54172,-80.2905,"{""addr:city"": ""Guelph"", ""addr:housenumber"": ""350"", ""addr:source"": ""Guelph Open Data"", ""addr:street"": ""Speedvale Avenue West"", ""addr:unit"": ""9""}"
17,West Willow Woods,node,-40073,,Speedvale Avenue West,350,create,350 Speedvale Avenue West,10,,yes,yes,,43.54166,-80.29042,"{""addr:city"": ""Guelph"", ""addr:housenumber"": ""350"", ""addr:source"": ""Guelph Open Data"", ""addr:street"": ""Speedvale Avenue West"", ""addr:unit"": ""10""}"
17,West Willow Woods,node,-16042,,Speedvale Avenue West,350,create,350 Speedvale Avenue West,11,,yes,yes,,43.5416,-80.29034,"{""addr:city"": ""Guelph"", ""addr:housenumber"": ""350"", ""addr:source"": ""Guelph Open Data"", ""addr:street"": ""Speedvale Avenue West"", ""addr:unit"": ""11""}"
17,West Willow Woods,node,-8080,,Speedvale Avenue West,350,create,350 Speedvale Avenue West,12,,yes,yes,,43.54154,-80.29025,"{""addr:city"": ""Guelph"", ""addr:housenumber"": ""350"", ""addr:source"": ""Guelph Open Data"", ""addr:street"": ""Speedvale Avenue West"", ""addr:unit"": ""12""}"
17,West Willow Woods,way,1019900572,3,Westwood Road,240,modify,240 Westwood Road,,10A;10B;10C,,,,,,
17,West Willow Woods,way,1019900573,3,Westwood Road,240,modify,240 Westwood Road,,8A;8B;8C;8D,,,,,,
17,West Willow Woods,way,1019900574,3,Westwood Road,240,modify,240 Westwood Road,,7A;7B;7C;7D,,,,,,
17,West Willow Woods,way,1019900576,3,Westwood Road,240,modify,240 Westwood Road,,14A;14B;14C;14D,,,,,,
17,West Willow Woods,way,1441652013,2,Westwood Road,240,modify,240 Westwood Road,,1A;1B;1C,,,,,,
17,West Willow Woods,way,1441652014,2,Westwood Road,240,modify,240 Westwood Road,,6A;6B;6C;6D,,,,,,
17,West Willow Woods,way,1441652015,2,Westwood Road,240,modify,240 Westwood Road,,5A;5B;5C;5D,,,,,,
17,West Willow Woods,way,1441652016,2,Westwood Road,240,modify,240 Westwood Road,,2A;2B;2C;2D,,,,,,
17,West Willow Woods,way,1441652017,2,Westwood Road,240,modify,240 Westwood Road,,9A;9B;9C,,,,,,
17,West Willow Woods,way,1441652018,2,Westwood Road,240,modify,240 Westwood Road,,13A;13B;13C;13D,,,,,,
17,West Willow Woods,way,1441652019,2,Westwood Road,240,modify,240 Westwood Road,,20A;20B;20C;20D,,,,,,
17,West Willow Woods,way,1441652020,2,Westwood Road,240,modify,240 Westwood Road,,16A;16B;16C;16D,,,,,,
17,West Willow Woods,way,1441652021,2,Westwood Road,240,modify,240 Westwood Road,,12A;12B;12C,,,,,,
17,West Willow Woods,way,803279310,4,Westwood Road,240,modify,240 Westwood Road,,17A;17B;17C;17D,,,,,,
17,West Willow Woods,node,-15882,,Westwood Road,240,create,240 Westwood Road,1A,,yes,yes,,43.53257,-80.28622,"{""addr:city"": ""Guelph"", ""addr:housenumber"": ""240"", ""addr:source"": ""Guelph Open Data"", ""addr:street"": ""Westwood Road"", ""addr:unit"": ""1A""}"
17,West Willow Woods,node,-25806,,Westwood Road,240,create,240 Westwood Road,1B,,yes,yes,,43.5326,-80.28628,"{""addr:city"": ""Guelph"", ""addr:housenumber"": ""240"", ""addr:source"": ""Guelph Open Data"", ""addr:street"": ""Westwood Road"", ""addr:unit"": ""1B""}"
17,West Willow Woods,node,-23846,,Westwood Road,240,create,240 Westwood Road,1C,,yes,yes,,43.53264,-80.28634,"{""addr:city"": ""Guelph"", ""addr:housenumber"": ""240"", ""addr:source"": ""Guelph Open Data"", ""addr:street"": ""Westwood Road"", ""addr:unit"": ""1C""}"
17,West Willow Woods,node,-43220,,Westwood Road,240,create,240 Westwood Road,2A,,yes,yes,,43.53242,-80.28665,"{""addr:city"": ""Guelph"", ""addr:housenumber"": ""240"", ""addr:source"": ""Guelph Open Data"", ""addr:street"": ""Westwood Road"", ""addr:unit"": ""2A""}"
17,West Willow Woods,node,-40370,,Westwood Road,240,create,240 Westwood Road,2B,,yes,yes,,43.53237,-80.28661,"{""addr:city"": ""Guelph"", ""addr:housenumber"": ""240"", ""addr:source"": ""Guelph Open Data"", ""addr:street"": ""Westwood Road"", ""addr:unit"": ""2B""}"
17,West Willow Woods,node,-7730,,Westwood Road,240,create,240 Westwood Road,2C,,yes,yes,,43.53233,-80.28656,"{""addr:city"": ""Guelph"", ""addr:housenumber"": ""240"", ""addr:source"": ""Guelph Open Data"", ""addr:street"": ""Westwood Road"", ""addr:unit"": ""2C""}"
17,West Willow Woods,node,-43709,,Westwood Road,240,create,240 Westwood Road,2D,,yes,yes,,43.5323,-80.28649,"{""addr:city"": ""Guelph"", ""addr:housenumber"": ""240"", ""addr:source"": ""Guelph Open Data"", ""addr:street"": ""Westwood Road"", ""addr:unit"": ""2D""}"
17,West Willow Woods,node,-22502,,Westwood Road,240,create,240 Westwood Road,3A,,yes,yes,,43.53244,-80.28606,"{""addr:city"": ""Guelph"", ""addr:housenumber"": ""240"", ""addr:source"": ""Guelph Open Data"", ""addr:street"": ""Westwood Road"", ""addr:unit"": ""3A""}"
17,West Willow Woods,node,-34551,,Westwood Road,240,create,240 Westwood Road,3B,,yes,yes,,43.53248,-80.28611,"{""addr:city"": ""Guelph"", ""addr:housenumber"": ""240"", ""addr:source"": ""Guelph Open Data"", ""addr:street"": ""Westwood Road"", ""addr:unit"": ""3B""}"
17,West Willow Woods,node,-26750,,Westwood Road,240,create,240 Westwood Road,3C,,yes,yes,,43.53253,-80.28617,"{""addr:city"": ""Guelph"", ""addr:housenumber"": ""240"", ""addr:source"": ""Guelph Open Data"", ""addr:street"": ""Westwood Road"", ""addr:unit"": ""3C""}"
17,West Willow Woods,node,-10000,,Westwood Road,240,create,240 Westwood Road,4A,,yes,yes,,43.53227,-80.28644,"{""addr:city"": ""Guelph"", ""addr:housenumber"": ""240"", ""addr:source"": ""Guelph Open Data"", ""addr:street"": ""Westwood Road"", ""addr:unit"": ""4A""}"
17,West Willow Woods,node,-35355,,Westwood Road,240,create,240 Westwood Road,4B,,yes,yes,,43.53221,-80.28641,"{""addr:city"": ""Guelph"", ""addr:housenumber"": ""240"", ""addr:source"": ""Guelph Open Data"", ""addr:street"": ""Westwood Road"", ""addr:unit"": ""4B""}"
17,West Willow Woods,node,-40493,,Westwood Road,240,create,240 Westwood Road,4C,,yes,yes,,43.53218,-80.28635,"{""addr:city"": ""Guelph"", ""addr:housenumber"": ""240"", ""addr:source"": ""Guelph Open Data"", ""addr:street"": ""Westwood Road"", ""addr:unit"": ""4C""}"
17,West Willow Woods,node,-5744,,Westwood Road,240,create,240 Westwood Road,4D,,yes,yes,,43.53213,-80.28628,"{""addr:city"": ""Guelph"", ""addr:housenumber"": ""240"", ""addr:source"": ""Guelph Open Data"", ""addr:street"": ""Westwood Road"", ""addr:unit"": ""4D""}"
17,West Willow Woods,node,-16372,,Westwood Road,240,create,240 Westwood Road,5A,,yes,yes,,43.53214,-80.28674,"{""addr:city"": ""Guelph"", ""addr:housenumber"": ""240"", ""addr:source"": ""Guelph Open Data"", ""addr:street"": ""Westwood Road"", ""addr:unit"": ""5A""}"
17,West Willow Woods,node,-5298,,Westwood Road,240,create,240 Westwood Road,5B,,yes,yes,,43.53217,-80.28679,"{""addr:city"": ""Guelph"", ""addr:housenumber"": ""240"", ""addr:source"": ""Guelph Open Data"", ""addr:street"": ""Westwood Road"", ""addr:unit"": ""5B""}"
17,West Willow Woods,node,-36461,,Westwood Road,240,create,240 Westwood Road,5C,,yes,yes,,43.53221,-80.28684,"{""addr:city"": ""Guelph"", ""addr:housenumber"": ""240"", ""addr:source"": ""Guelph Open Data"", ""addr:street"": ""Westwood Road"", ""addr:unit"": ""5C""}"
17,West Willow Woods,node,-11416,,Westwood Road,240,create,240 Westwood Road,5D,,yes,yes,,43.53225,-80.2869,"{""addr:city"": ""Guelph"", ""addr:housenumber"": ""240"", ""addr:source"": ""Guelph Open Data"", ""addr:street"": ""Westwood Road"", ""addr:unit"": ""5D""}"
17,West Willow Woods,node,-5231,,Westwood Road,240,create,240 Westwood Road,6A,,yes,yes,,43.53203,-80.28723,"{""addr:city"": ""Guelph"", ""addr:housenumber"": ""240"", ""addr:source"": ""Guelph Open Data"", ""addr:street"": ""Westwood Road"", ""addr:unit"": ""6A""}"
17,West Willow Woods,node,-30042,,Westwood Road,240,create,240 Westwood Road,6B,,yes,yes,,43.53199,-80.28719,"{""addr:city"": ""Guelph"", ""addr:housenumber"": ""240"", ""addr:source"": ""Guelph Open Data"", ""addr:street"": ""Westwood Road"", ""addr:unit"": ""6B""}"
17,West Willow Woods,node,-18392,,Westwood Road,240,create,240 Westwood Road,6C,,yes,yes,,43.53195,-80.28714,"{""addr:city"": ""Guelph"", ""addr:housenumber"": ""240"", ""addr:source"": ""Guelph Open Data"", ""addr:street"": ""Westwood Road"", ""addr:unit"": ""6C""}"
17,West Willow Woods,node,-5020,,Westwood Road,240,create,240 Westwood Road,6D,,yes,yes,,43.53192,-80.28708,"{""addr:city"": ""Guelph"", ""addr:housenumber"": ""240"", ""addr:source"": ""Guelph Open Data"", ""addr:street"": ""Westwood Road"", ""addr:unit"": ""6D""}"
17,West Willow Woods,node,-7773,,Westwood Road,240,create,240 Westwood Road,7A,,yes,yes,,43.53197,-80.28653,"{""addr:city"": ""Guelph"", ""addr:housenumber"": ""240"", ""addr:source"": ""Guelph Open Data"", ""addr:street"": ""Westwood Road"", ""addr:unit"": ""7A""}"
17,West Willow Woods,node,-26723,,Westwood Road,240,create,240 Westwood Road,7B,,yes,yes,,43.53202,-80.28659,"{""addr:city"": ""Guelph"", ""addr:housenumber"": ""240"", ""addr:source"": ""Guelph Open Data"", ""addr:street"": ""Westwood Road"", ""addr:unit"": ""7B""}"
17,West Willow Woods,node,-29994,,Westwood Road,240,create,240 Westwood Road,7C,,yes,yes,,43.53205,-80.28663,"{""addr:city"": ""Guelph"", ""addr:housenumber"": ""240"", ""addr:source"": ""Guelph Open Data"", ""addr:street"": ""Westwood Road"", ""addr:unit"": ""7C""}"
17,West Willow Woods,node,-18498,,Westwood Road,240,create,240 Westwood Road,7D,,yes,yes,,43.53209,-80.28668,"{""addr:city"": ""Guelph"", ""addr:housenumber"": ""240"", ""addr:source"": ""Guelph Open Data"", ""addr:street"": ""Westwood Road"", ""addr:unit"": ""7D""}"
17,West Willow Woods,node,-39140,,Westwood Road,240,create,240 Westwood Road,8A,,yes,yes,,43.53189,-80.28703,"{""addr:city"": ""Guelph"", ""addr:housenumber"": ""240"", ""addr:source"": ""Guelph Open Data"", ""addr:street"": ""Westwood Road"", ""addr:unit"": ""8A""}"
17,West Willow Woods,node,-40912,,Westwood Road,240,create,240 Westwood Road,8B,,yes,yes,,43.53185,-80.28698,"{""addr:city"": ""Guelph"", ""addr:housenumber"": ""240"", ""addr:source"": ""Guelph Open Data"", ""addr:street"": ""Westwood Road"", ""addr:unit"": ""8B""}"
17,West Willow Woods,node,-40686,,Westwood Road,240,create,240 Westwood Road,8C,,yes,yes,,43.5318,-80.28693,"{""addr:city"": ""Guelph"", ""addr:housenumber"": ""240"", ""addr:source"": ""Guelph Open Data"", ""addr:street"": ""Westwood Road"", ""addr:unit"": ""8C""}"
17,West Willow Woods,node,-45888,,Westwood Road,240,create,240 Westwood Road,8D,,yes,yes,,43.53176,-80.28686,"{""addr:city"": ""Guelph"", ""addr:housenumber"": ""240"", ""addr:source"": ""Guelph Open Data"", ""addr:street"": ""Westwood Road"", ""addr:unit"": ""8D""}"
17,West Willow Woods,node,-42197,,Westwood Road,240,create,240 Westwood Road,9A,,yes,yes,,43.53172,-80.2867,"{""addr:city"": ""Guelph"", ""addr:housenumber"": ""240"", ""addr:source"": ""Guelph Open Data"", ""addr:street"": ""Westwood Road"", ""addr:unit"": ""9A""}"
17,West Willow Woods,node,-14957,,Westwood Road,240,create,240 Westwood Road,9B,,yes,yes,,43.53168,-80.28663,"{""addr:city"": ""Guelph"", ""addr:housenumber"": ""240"", ""addr:source"": ""Guelph Open Data"", ""addr:street"": ""Westwood Road"", ""addr:unit"": ""9B""}"
17,West Willow Woods,node,-29893,,Westwood Road,240,create,240 Westwood Road,9C,,yes,yes,,43.53167,-80.28656,"{""addr:city"": ""Guelph"", ""addr:housenumber"": ""240"", ""addr:source"": ""Guelph Open Data"", ""addr:street"": ""Westwood Road"", ""addr:unit"": ""9C""}"
17,West Willow Woods,node,-11337,,Westwood Road,240,create,240 Westwood Road,10A,,yes,yes,,43.53165,-80.28647,"{""addr:city"": ""Guelph"", ""addr:housenumber"": ""240"", ""addr:source"": ""Guelph Open Data"", ""addr:street"": ""Westwood Road"", ""addr:unit"": ""10A""}"
17,West Willow Woods,node,-4714,,Westwood Road,240,create,240 Westwood Road,10B,,yes,yes,,43.53163,-80.28638,"{""addr:city"": ""Guelph"", ""addr:housenumber"": ""240"", ""addr:source"": ""Guelph Open Data"", ""addr:street"": ""Westwood Road"", ""addr:unit"": ""10B""}"
17,West Willow Woods,node,-5668,,Westwood Road,240,create,240 Westwood Road,10C,,yes,yes,,43.53161,-80.28632,"{""addr:city"": ""Guelph"", ""addr:housenumber"": ""240"", ""addr:source"": ""Guelph Open Data"", ""addr:street"": ""Westwood Road"", ""addr:unit"": ""10C""}"
17,West Willow Woods,node,-34054,,Westwood Road,240,create,240 Westwood Road,11A,,yes,yes,,43.53149,-80.28619,"{""addr:city"": ""Guelph"", ""addr:housenumber"": ""240"", ""addr:source"": ""Guelph Open Data"", ""addr:street"": ""Westwood Road"", ""addr:unit"": ""11A""}"
17,West Willow Woods,node,-14413,,Westwood Road,240,create,240 Westwood Road,11B,,yes,yes,,43.53146,-80.2861,"{""addr:city"": ""Guelph"", ""addr:housenumber"": ""240"", ""addr:source"": ""Guelph Open Data"", ""addr:street"": ""Westwood Road"", ""addr:unit"": ""11B""}"
17,West Willow Woods,node,-17876,,Westwood Road,240,create,240 Westwood Road,11C,,yes,yes,,43.53144,-80.28603,"{""addr:city"": ""Guelph"", ""addr:housenumber"": ""240"", ""addr:source"": ""Guelph Open Data"", ""addr:street"": ""Westwood Road"", ""addr:unit"": ""11C""}"
17,West Willow Woods,node,-29662,,Westwood Road,240,create,240 Westwood Road,12A,,yes,yes,,43.53142,-80.28595,"{""addr:city"": ""Guelph"", ""addr:housenumber"": ""240"", ""addr:source"": ""Guelph Open Data"", ""addr:street"": ""Westwood Road"", ""addr:unit"": ""12A""}"
17,West Willow Woods,node,-24432,,Westwood Road,240,create,240 Westwood Road,12B,,yes,yes,,43.5314,-80.28588,"{""addr:city"": ""Guelph"", ""addr:housenumber"": ""240"", ""addr:source"": ""Guelph Open Data"", ""addr:street"": ""Westwood Road"", ""addr:unit"": ""12B""}"
17,West Willow Woods,node,-17919,,Westwood Road,240,create,240 Westwood Road,12C,,yes,yes,,43.53139,-80.28582,"{""addr:city"": ""Guelph"", ""addr:housenumber"": ""240"", ""addr:source"": ""Guelph Open Data"", ""addr:street"": ""Westwood Road"", ""addr:unit"": ""12C""}"
17,West Willow Woods,node,-40072,,Westwood Road,240,create,240 Westwood Road,13A,,yes,yes,,43.53192,-80.28606,"{""addr:city"": ""Guelph"", ""addr:housenumber"": ""240"", ""addr:source"": ""Guelph Open Data"", ""addr:street"": ""Westwood Road"", ""addr:unit"": ""13A""}"
17,West Willow Woods,node,-34711,,Westwood Road,240,create,240 Westwood Road,13B,,yes,yes,,43.53194,-80.28612,"{""addr:city"": ""Guelph"", ""addr:housenumber"": ""240"", ""addr:source"": ""Guelph Open Data"", ""addr:street"": ""Westwood Road"", ""addr:unit"": ""13B""}"
17,West Willow Woods,node,-18322,,Westwood Road,240,create,240 Westwood Road,13C,,yes,no,,43.53186,-80.28617,"{""addr:city"": ""Guelph"", ""addr:housenumber"": ""240"", ""addr:source"": ""Guelph Open Data"", ""addr:street"": ""Westwood Road"", ""addr:unit"": ""13C""}"
17,West Willow Woods,node,-45523,,Westwood Road,240,create,240 Westwood Road,13D,,yes,yes,,43.53185,-80.28611,"{""addr:city"": ""Guelph"", ""addr:housenumber"": ""240"", ""addr:source"": ""Guelph Open Data"", ""addr:street"": ""Westwood Road"", ""addr:unit"": ""13D""}"
17,West Willow Woods,node,-23596,,Westwood Road,240,create,240 Westwood Road,14A,,yes,yes,,43.53162,-80.28573,"{""addr:city"": ""Guelph"", ""addr:housenumber"": ""240"", ""addr:source"": ""Guelph Open Data"", ""addr:street"": ""Westwood Road"", ""addr:unit"": ""14A""}"
17,West Willow Woods,node,-28788,,Westwood Road,240,create,240 Westwood Road,14B,,yes,yes,,43.53168,-80.28568,"{""addr:city"": ""Guelph"", ""addr:housenumber"": ""240"", ""addr:source"": ""Guelph Open Data"", ""addr:street"": ""Westwood Road"", ""addr:unit"": ""14B""}"
17,West Willow Woods,node,-21363,,Westwood Road,240,create,240 Westwood Road,14C,,yes,yes,,43.53174,-80.28565,"{""addr:city"": ""Guelph"", ""addr:housenumber"": ""240"", ""addr:source"": ""Guelph Open Data"", ""addr:street"": ""Westwood Road"", ""addr:unit"": ""14C""}"
17,West Willow Woods,node,-16895,,Westwood Road,240,create,240 Westwood Road,14D,,yes,yes,,43.53179,-80.28565,"{""addr:city"": ""Guelph"", ""addr:housenumber"": ""240"", ""addr:source"": ""Guelph Open Data"", ""addr:street"": ""Westwood Road"", ""addr:unit"": ""14D""}"
17,West Willow Woods,node,-38558,,Westwood Road,240,create,240 Westwood Road,16A,,yes,yes,,43.53184,-80.28561,"{""addr:city"": ""Guelph"", ""addr:housenumber"": ""240"", ""addr:source"": ""Guelph Open Data"", ""addr:street"": ""Westwood Road"", ""addr:unit"": ""16A""}"
17,West Willow Woods,node,-18009,,Westwood Road,240,create,240 Westwood Road,16B,,yes,yes,,43.53188,-80.28558,"{""addr:city"": ""Guelph"", ""addr:housenumber"": ""240"", ""addr:source"": ""Guelph Open Data"", ""addr:street"": ""Westwood Road"", ""addr:unit"": ""16B""}"
17,West Willow Woods,node,-11738,,Westwood Road,240,create,240 Westwood Road,16C,,yes,yes,,43.53193,-80.28556,"{""addr:city"": ""Guelph"", ""addr:housenumber"": ""240"", ""addr:source"": ""Guelph Open Data"", ""addr:street"": ""Westwood Road"", ""addr:unit"": ""16C""}"
17,West Willow Woods,node,-29590,,Westwood Road,240,create,240 Westwood Road,16D,,yes,yes,,43.53198,-80.28555,"{""addr:city"": ""Guelph"", ""addr:housenumber"": ""240"", ""addr:source"": ""Guelph Open Data"", ""addr:street"": ""Westwood Road"", ""addr:unit"": ""16D""}"
17,West Willow Woods,node,-17630,,Westwood Road,240,create,240 Westwood Road,17A,,yes,no,,43.53226,-80.28596,"{""addr:city"": ""Guelph"", ""addr:housenumber"": ""240"", ""addr:source"": ""Guelph Open Data"", ""addr:street"": ""Westwood Road"", ""addr:unit"": ""17A""}"
17,West Willow Woods,node,-39450,,Westwood Road,240,create,240 Westwood Road,17B,,yes,yes,,43.53224,-80.2859,"{""addr:city"": ""Guelph"", ""addr:housenumber"": ""240"", ""addr:source"": ""Guelph Open Data"", ""addr:street"": ""Westwood Road"", ""addr:unit"": ""17B""}"
17,West Willow Woods,node,-10342,,Westwood Road,240,create,240 Westwood Road,17C,,yes,yes,,43.53216,-80.286,"{""addr:city"": ""Guelph"", ""addr:housenumber"": ""240"", ""addr:source"": ""Guelph Open Data"", ""addr:street"": ""Westwood Road"", ""addr:unit"": ""17C""}"
17,West Willow Woods,node,-18527,,Westwood Road,240,create,240 Westwood Road,17D,,yes,yes,,43.53214,-80.28594,"{""addr:city"": ""Guelph"", ""addr:housenumber"": ""240"", ""addr:source"": ""Guelph Open Data"", ""addr:street"": ""Westwood Road"", ""addr:unit"": ""17D""}"
17,West Willow Woods,node,-42292,,Westwood Road,240,create,240 Westwood Road,18A,,yes,yes,,43.53209,-80.28548,"{""addr:city"": ""Guelph"", ""addr:housenumber"": ""240"", ""addr:source"": ""Guelph Open Data"", ""addr:street"": ""Westwood Road"", ""addr:unit"": ""18A""}"
17,West Willow Woods,node,-16854,,Westwood Road,240,create,240 Westwood Road,18B,,yes,yes,,43.53213,-80.28544,"{""addr:city"": ""Guelph"", ""addr:housenumber"": ""240"", ""addr:source"": ""Guelph Open Data"", ""addr:street"": ""Westwood Road"", ""addr:unit"": ""18B""}"
17,West Willow Woods,node,-42700,,Westwood Road,240,create,240 Westwood Road,18C,,yes,yes,,43.53218,-80.28542,"{""addr:city"": ""Guelph"", ""addr:housenumber"": ""240"", ""addr:source"": ""Guelph Open Data"", ""addr:street"": ""Westwood Road"", ""addr:unit"": ""18C""}"
17,West Willow Woods,node,-2882,,Westwood Road,240,create,240 Westwood Road,18D,,yes,yes,,43.53223,-80.2854,"{""addr:city"": ""Guelph"", ""addr:housenumber"": ""240"", ""addr:source"": ""Guelph Open Data"", ""addr:street"": ""Westwood Road"", ""addr:unit"": ""18D""}"
17,West Willow Woods,node,-30103,,Westwood Road,240,create,240 Westwood Road,19A,,yes,yes,,43.53253,-80.28572,"{""addr:city"": ""Guelph"", ""addr:housenumber"": ""240"", ""addr:source"": ""Guelph Open Data"", ""addr:street"": ""Westwood Road"", ""addr:unit"": ""19A""}"
17,West Willow Woods,node,-35770,,Westwood Road,240,create,240 Westwood Road,19B,,yes,yes,,43.53248,-80.28577,"{""addr:city"": ""Guelph"", ""addr:housenumber"": ""240"", ""addr:source"": ""Guelph Open Data"", ""addr:street"": ""Westwood Road"", ""addr:unit"": ""19B""}"
17,West Willow Woods,node,-30018,,Westwood Road,240,create,240 Westwood Road,19C,,yes,yes,,43.53242,-80.28581,"{""addr:city"": ""Guelph"", ""addr:housenumber"": ""240"", ""addr:source"": ""Guelph Open Data"", ""addr:street"": ""Westwood Road"", ""addr:unit"": ""19C""}"
17,West Willow Woods,node,-44067,,Westwood Road,240,create,240 Westwood Road,19D,,yes,yes,,43.53237,-80.28582,"{""addr:city"": ""Guelph"", ""addr:housenumber"": ""240"", ""addr:source"": ""Guelph Open Data"", ""addr:street"": ""Westwood Road"", ""addr:unit"": ""19D""}"
17,West Willow Woods,node,-36297,,Westwood Road,240,create,240 Westwood Road,20A,,yes,yes,,43.53229,-80.28538,"{""addr:city"": ""Guelph"", ""addr:housenumber"": ""240"", ""addr:source"": ""Guelph Open Data"", ""addr:street"": ""Westwood Road"", ""addr:unit"": ""20A""}"
17,West Willow Woods,node,-13945,,Westwood Road,240,create,240 Westwood Road,20B,,yes,yes,,43.53233,-80.28534,"{""addr:city"": ""Guelph"", ""addr:housenumber"": ""240"", ""addr:source"": ""Guelph Open Data"", ""addr:street"": ""Westwood Road"", ""addr:unit"": ""20B""}"
17,West Willow Woods,node,-36144,,Westwood Road,240,create,240 Westwood Road,20C,,yes,yes,,43.53238,-80.28531,"{""addr:city"": ""Guelph"", ""addr:housenumber"": ""240"", ""addr:source"": ""Guelph Open Data"", ""addr:street"": ""Westwood Road"", ""addr:unit"": ""20C""}"
17,West Willow Woods,node,-9658,,Westwood Road,240,create,240 Westwood Road,20D,,yes,yes,,43.53245,-80.28529,"{""addr:city"": ""Guelph"", ""addr:housenumber"": ""240"", ""addr:source"": ""Guelph Open Data"", ""addr:street"": ""Westwood Road"", ""addr:unit"": ""20D""}"
17,West Willow Woods,way,803279312,4,Westwood Road,240,modify,240 Westwood Road,,18A;18B;18C;18D,,,,,,
17,West Willow Woods,way,803279313,4,Westwood Road,240,modify,240 Westwood Road,,19A;19B;19C;19D,,,,,,
17,West Willow Woods,way,803279314,4,Westwood Road,240,modify,240 Westwood Road,,3A;3B;3C,,,,,,
17,West Willow Woods,way,803279315,4,Westwood Road,240,modify,240 Westwood Road,,4A;4B;4C;4D,,,,,,
17,West Willow Woods,way,803279319,4,Westwood Road,240,modify,240 Westwood Road,,11A;11B;11C,,,,,,
17,West Willow Woods,,,,Speedvale Avenue West,350,skip-existing,350 Speedvale Avenue West,1,,yes,yes,node/9177482227,43.54165,-80.28976,
17,West Willow Woods,,,,Rhonda Road,49,skip-existing,49 Rhonda Road,48,,no,no,way/1441651809,43.53499,-80.27911,
17,West Willow Woods,,,,Rhonda Road,49,skip-existing,49 Rhonda Road,49,,no,no,way/1441651810,43.53496,-80.27906,
17,West Willow Woods,,,,Rhonda Road,49,skip-existing,49 Rhonda Road,50,,no,no,way/1441651814,43.53493,-80.27901,
17,West Willow Woods,,,,Rhonda Road,49,skip-existing,49 Rhonda Road,51,,no,no,way/1441651813,43.53488,-80.27897,
17,West Willow Woods,,,,Rhonda Road,49,skip-existing,49 Rhonda Road,52,,no,no,way/1441651812,43.53484,-80.27891,
17,West Willow Woods,,,,Rhonda Road,49,skip-existing,49 Rhonda Road,53,,no,no,way/1441651811,43.53483,-80.27884,
17,West Willow Woods,,,,Rhonda Road,49,skip-existing,49 Rhonda Road,54,,no,no,way/1441651815,43.5349,-80.27871,
17,West Willow Woods,,,,Rhonda Road,49,skip-existing,49 Rhonda Road,55,,no,no,way/1441651816,43.53494,-80.27867,
17,West Willow Woods,,,,Rhonda Road,49,skip-existing,49 Rhonda Road,56,,no,no,way/1441651817,43.53498,-80.27863,
17,West Willow Woods,,,,Rhonda Road,49,skip-existing,49 Rhonda Road,57,,no,no,way/1441651818,43.53501,-80.27858,
17,West Willow Woods,,,,Rhonda Road,49,skip-existing,49 Rhonda Road,58,,no,no,way/1441651819,43.53505,-80.27853,
17,West Willow Woods,,,,Rhonda Road,49,skip-existing,49 Rhonda Road,59,,no,no,way/1441651820,43.53508,-80.27849,
17,West Willow Woods,,,,Rhonda Road,49,skip-existing,49 Rhonda Road,60,,no,no,way/1441651821,43.53512,-80.27844,
17,West Willow Woods,,,,Rhonda Road,49,skip-existing,49 Rhonda Road,61,,no,no,way/1441651823,43.53516,-80.2784,
17,West Willow Woods,,,,Rhonda Road,49,skip-existing,49 Rhonda Road,62,,no,no,way/1441651824,43.53526,-80.27847,
17,West Willow Woods,,,,Rhonda Road,49,skip-existing,49 Rhonda Road,63,,no,no,way/1441651825,43.53529,-80.27853,
17,West Willow Woods,,,,Rhonda Road,49,skip-existing,49 Rhonda Road,64,,no,no,way/1441651826,43.53532,-80.27859,
17,West Willow Woods,,,,Rhonda Road,49,skip-existing,49 Rhonda Road,65,,no,no,way/1441651827,43.53536,-80.27863,
17,West Willow Woods,,,,Rhonda Road,49,skip-existing,49 Rhonda Road,66,,no,no,way/1441651828,43.53539,-80.27867,
17,West Willow Woods,,,,Rhonda Road,49,skip-existing,49 Rhonda Road,67,,no,no,way/1441651829,43.53542,-80.27873,
17,West Willow Woods,,,,Rhonda Road,49,skip-existing,49 Rhonda Road,68,,no,no,way/1441651822,43.53546,-80.27877,
17,West Willow Woods,,,,Rhonda Road,49,skip-existing,49 Rhonda Road,69,,no,no,way/1441651830,43.53549,-80.27883,
17,West Willow Woods,,,,Rhonda Road,49,skip-existing,49 Rhonda Road,70,,no,no,way/1441651831,43.53552,-80.27889,
17,West Willow Woods,,,,Rhonda Road,49,skip-existing,49 Rhonda Road,71,,no,no,way/1441651832,43.53555,-80.27894,
17,West Willow Woods,,,,Rhonda Road,49,skip-existing,49 Rhonda Road,72,,no,no,way/1441651835,43.53551,-80.27907,
17,West Willow Woods,,,,Rhonda Road,49,skip-existing,49 Rhonda Road,73,,no,no,way/1441651836,43.53546,-80.27911,
17,West Willow Woods,,,,Rhonda Road,49,skip-existing,49 Rhonda Road,74,,no,no,way/1441651837,43.53542,-80.27915,
17,West Willow Woods,,,,Rhonda Road,49,skip-existing,49 Rhonda Road,75,,no,no,way/1441651834,43.53538,-80.27918,
17,West Willow Woods,,,,Rhonda Road,49,skip-existing,49 Rhonda Road,76,,no,no,way/1441651833,43.53535,-80.27923,
17,West Willow Woods,,,,Rhonda Road,49,skip-existing,49 Rhonda Road,77,,no,no,way/1441651838,43.53532,-80.27928,
17,West Willow Woods,,,,Rhonda Road,49,skip-existing,49 Rhonda Road,78,,no,no,way/1441651839,43.53528,-80.27933,
17,West Willow Woods,,,,Rhonda Road,49,skip-existing,49 Rhonda Road,79,,no,no,way/1441651840,43.53524,-80.27938,
17,West Willow Woods,,,,Rhonda Road,49,skip-existing,49 Rhonda Road,80,,no,no,way/1441651841,43.5352,-80.27942,
17,West Willow Woods,,,,Rhonda Road,49,skip-existing,49 Rhonda Road,81,,no,no,way/1441651842,43.53538,-80.27957,
17,West Willow Woods,,,,Rhonda Road,49,skip-existing,49 Rhonda Road,82,,no,no,way/1441651843,43.53542,-80.27961,
17,West Willow Woods,,,,Rhonda Road,49,skip-existing,49 Rhonda Road,83,,no,no,way/803276518,43.53547,-80.27964,
17,West Willow Woods,,,,Rhonda Road,49,skip-existing,49 Rhonda Road,132,,no,no,way/1441651926,43.53528,-80.28001,
17,West Willow Woods,,,,Rhonda Road,49,skip-existing,49 Rhonda Road,133,,no,no,way/1441651927,43.53522,-80.27999,
17,West Willow Woods,,,,Rhonda Road,49,skip-existing,49 Rhonda Road,134,,no,no,way/1441651928,43.53515,-80.27998,
17,West Willow Woods,,,,Rhonda Road,49,skip-existing,49 Rhonda Road,135,,no,no,way/1441651929,43.53511,-80.27993,
17,West Willow Woods,,,,Rhonda Road,49,skip-existing,49 Rhonda Road,136,,no,no,way/1441651925,43.53507,-80.27988,
17,West Willow Woods,,,,Rhonda Road,49,skip-existing,49 Rhonda Road,137,,no,no,way/1441651924,43.53503,-80.27981,
17,West Willow Woods,,,,Rhonda Road,49,skip-existing,49 Rhonda Road,138,,no,no,way/1441651923,43.535,-80.27976,
17,West Willow Woods,,,,Rhonda Road,49,skip-existing,49 Rhonda Road,139,,no,no,way/1441651922,43.53493,-80.27968,
17,West Willow Woods,,,,Rhonda Road,49,skip-existing,49 Rhonda Road,140,,no,no,way/1441651921,43.53489,-80.27963,
17,West Willow Woods,,,,Rhonda Road,49,skip-existing,49 Rhonda Road,141,,no,no,way/1441651920,43.53486,-80.27957,
17,West Willow Woods,,,,Rhonda Road,49,skip-existing,49 Rhonda Road,142,,no,no,way/1441651919,43.53482,-80.27951,
17,West Willow Woods,,,,Rhonda Road,49,skip-existing,49 Rhonda Road,143,,no,no,way/1441651918,43.53478,-80.27946,
